date,total_orders,new_orders,new_customers,total_revenue,gross_profit,COGS,tactic,state,campaign,impression,clicks,spend,attributed_revenue,channel,ROAS,CPM,CPC,CTR
2025-05-16,2452,987,989,238010.95,124434.71,113576.24,Asc,NY,Facebook - ASC - C01,124603,1888,1442.28,4706.23,Facebook,326.3048783869983,11.575002207009463,0.7639194915254237,1.5152123143102494
2025-05-16,2452,987,989,238010.95,124434.71,113576.24,Prospecting,NY,Facebook - Prospecting - C02,256350,2838,3181.96,8346.97,Facebook,262.3216508064212,12.412560951823679,1.1211980267794222,1.107080163838502
2025-05-16,2452,987,989,238010.95,124434.71,113576.24,Prospecting,NY,Facebook - Prospecting - C03,167543,2060,1186.48,2750.87,Facebook,231.85135864068505,7.081644712103759,0.5759611650485437,1.2295351044209546
2025-05-16,2452,987,989,238010.95,124434.71,113576.24,Asc,CA,Facebook - Prospecting - C04,136939,2235,1076.66,2925.58,Facebook,271.72737911689853,7.862332863537781,0.48172706935123044,1.6321135688153119
2025-05-16,2452,987,989,238010.95,124434.71,113576.24,Prospecting,NY,Facebook - ASC - C05,190797,2493,2049.84,5157.01,Facebook,251.58109901260585,10.743565150395447,0.8222382671480145,1.3066243179924213
2025-05-16,2452,987,989,238010.95,124434.71,113576.24,Asc,NY,Facebook - ASC - C06,124397,1801,1572.79,4893.58,Facebook,311.1400759160473,12.64331133387461,0.8732870627429206,1.4477841105492897
2025-05-16,2452,987,989,238010.95,124434.71,113576.24,Asc,NY,Facebook - ASC - C07,134316,1988,1040.64,2729.69,Facebook,262.3087715252152,7.747699455016529,0.5234607645875252,1.480091723994163
2025-05-16,2452,987,989,238010.95,124434.71,113576.24,Asc,CA,Facebook - Prospecting - C08,107525,1486,893.64,2245.2,Facebook,251.24211091714784,8.310997442455243,0.6013728129205922,1.3820041850732387
2025-05-16,2452,987,989,238010.95,124434.71,113576.24,Prospecting,CA,Facebook - Prospecting - C09,126087,1526,1557.18,3436.98,Facebook,220.71822140022346,12.350044017226201,1.02043250327654,1.2102754447326054
2025-05-16,2452,987,989,238010.95,124434.71,113576.24,Prospecting,CA,Facebook - ASC - C10,107346,1323,1439.2,3583.48,Facebook,248.9911061700945,13.407113446239265,1.0878306878306878,1.2324632496786094
2025-05-16,2452,987,989,238010.95,124434.71,113576.24,Non-Branded Search,CA,Google - Display - C01,73152,3250,365.01,1131.27,Google,309.92849510972303,4.989747375328084,0.11231076923076923,4.4428040244969385
2025-05-16,2452,987,989,238010.95,124434.71,113576.24,Non-Branded Search,NY,Google - Non-Branded Search - C02,339732,16199,2443.92,8742.81,Google,357.73715997250315,7.193670304828513,0.15086857213408236,4.768170204749627
2025-05-16,2452,987,989,238010.95,124434.71,113576.24,Non-Branded Search,CA,Google - Non-Branded Search - C03,161711,7573,935.27,3435.86,Google,367.36557357768345,5.783589242537614,0.12350059421629472,4.683045680256755
2025-05-16,2452,987,989,238010.95,124434.71,113576.24,Non-Branded Search,NY,Google - Non-Branded Search - C04,248831,11928,1527.23,4424.44,Google,289.7035809930397,6.137619508823257,0.12803739101274314,4.793614943475692
2025-05-16,2452,987,989,238010.95,124434.71,113576.24,Non-Branded Search,CA,Google - Non-Branded Search - C05,109972,5416,758.04,2196.81,Google,289.8013297451322,6.893027316044083,0.13996307237813885,4.9248899719928705
2025-05-16,2452,987,989,238010.95,124434.71,113576.24,Display,CA,Google - Non-Branded Search - C06,294418,1139,2621.05,3787.37,Google,144.49819728734664,8.90247878866102,2.301185250219491,0.3868649335298793
2025-05-16,2452,987,989,238010.95,124434.71,113576.24,Non-Branded Search,CA,Google - Display - C07,206052,9036,719.24,2028.47,Google,282.02964240031145,3.4905751946110692,0.07959716688800354,4.385300797856852
2025-05-16,2452,987,989,238010.95,124434.71,113576.24,Non-Branded Search,CA,Google - Display - C08,147856,6721,968.11,3605.04,Google,372.37917178832987,6.547654474623958,0.14404255319148937,4.545639000108213
2025-05-16,2452,987,989,238010.95,124434.71,113576.24,Non-Branded Search,CA,Google - Display - C09,156186,7587,1424.31,3911.18,Google,274.60173698141557,9.119319273174291,0.18773032819296165,4.857669701509739
2025-05-16,2452,987,989,238010.95,124434.71,113576.24,Non-Branded Search,NY,Google - Non-Branded Search - C10,295552,14599,907.29,3159.27,Google,348.2095030254935,3.069815125595496,0.06214740735666826,4.939570701602426
2025-05-16,2452,987,989,238010.95,124434.71,113576.24,Retargeting,CA,TikTok - Retargeting - C01,67236,1018,821.74,2232.18,TikTok,271.6406649305133,12.221726456065204,0.8072102161100196,1.5140698435362008
2025-05-16,2452,987,989,238010.95,124434.71,113576.24,Retargeting,CA,TikTok - Retargeting - C02,85543,1439,637.54,1897.52,TikTok,297.63152115945667,7.452859965163718,0.44304378040305764,1.6821949195141623
2025-05-16,2452,987,989,238010.95,124434.71,113576.24,Spark Ads,CA,TikTok - Retargeting - C03,83856,1132,776.06,1839.44,TikTok,237.02291059969593,9.254674680404502,0.6855653710247349,1.3499332188513644
2025-05-16,2452,987,989,238010.95,124434.71,113576.24,Spark Ads,CA,TikTok - Spark Ads - C04,154158,1926,780.74,2075.94,TikTok,265.89389553500524,5.0645441689694985,0.4053686396677051,1.2493675320126103
2025-05-16,2452,987,989,238010.95,124434.71,113576.24,Spark Ads,CA,TikTok - Spark Ads - C05,137410,1917,1601.41,3688.88,TikTok,230.3520022979749,11.654246415835821,0.8353729786124153,1.3950949712539118
2025-05-16,2452,987,989,238010.95,124434.71,113576.24,Retargeting,CA,TikTok - Spark Ads - C06,201146,3467,1215.7,3875.08,TikTok,318.75298182117297,6.043868632734432,0.35064897605999423,1.723623636562497
2025-05-16,2452,987,989,238010.95,124434.71,113576.24,Retargeting,CA,TikTok - Retargeting - C07,195249,3184,1527.46,4376.35,TikTok,286.51159441163765,7.823138658840762,0.47972989949748746,1.6307381855989018
2025-05-16,2452,987,989,238010.95,124434.71,113576.24,Retargeting,CA,TikTok - Spark Ads - C08,176280,2979,1460.98,4224.81,TikTok,289.17644320935267,8.287837531200363,0.49042631755622695,1.6899251191286588
2025-05-16,2452,987,989,238010.95,124434.71,113576.24,Retargeting,CA,TikTok - Spark Ads - C09,166545,2680,1605.62,4447.38,TikTok,276.98832849615724,9.640757753159805,0.5991119402985075,1.6091746975291963
2025-05-16,2452,987,989,238010.95,124434.71,113576.24,Retargeting,CA,TikTok - Retargeting - C10,164690,2495,1569.87,4426.16,TikTok,281.944364820017,9.53227275487279,0.6292064128256513,1.5149675147246342
2025-05-17,2173,772,761,224086.4,126119.02,97967.38,Asc,NY,Facebook - ASC - C01,139596,2086,1235.47,3674.32,Facebook,297.4026079143969,8.850325224218459,0.5922674976030681,1.4943121579414882
2025-05-17,2173,772,761,224086.4,126119.02,97967.38,Prospecting,NY,Facebook - Prospecting - C02,136012,1673,1554.35,4034.35,Facebook,259.5522244024834,11.42803576155045,0.9290794979079497,1.2300385260124107
2025-05-17,2173,772,761,224086.4,126119.02,97967.38,Prospecting,NY,Facebook - Prospecting - C03,129769,1570,1423.57,3917.57,Facebook,275.19335192508976,10.970031363422697,0.906732484076433,1.209842104046421
2025-05-17,2173,772,761,224086.4,126119.02,97967.38,Asc,CA,Facebook - Prospecting - C04,182930,2567,1286.11,3202.96,Facebook,249.04246137577658,7.03061280271142,0.5010167510712894,1.4032690100038265
2025-05-17,2173,772,761,224086.4,126119.02,97967.38,Prospecting,NY,Facebook - ASC - C05,138822,1762,1644.99,3362.75,Facebook,204.4237350986936,11.849634784112029,0.9335925085130533,1.269251271412312
2025-05-17,2173,772,761,224086.4,126119.02,97967.38,Asc,NY,Facebook - ASC - C06,233465,3309,2501.39,6166.24,Facebook,246.5125390283003,10.71419698884201,0.7559353278936234,1.4173430706958217
2025-05-17,2173,772,761,224086.4,126119.02,97967.38,Asc,NY,Facebook - ASC - C07,104422,1446,674.72,2193.34,Facebook,325.0741048138487,6.461473635823869,0.46661134163208856,1.3847656624083047
2025-05-17,2173,772,761,224086.4,126119.02,97967.38,Asc,CA,Facebook - Prospecting - C08,128412,1747,1566.71,3905.03,Facebook,249.25033988421598,12.2006510294988,0.8968002289639382,1.360464754072828
2025-05-17,2173,772,761,224086.4,126119.02,97967.38,Prospecting,CA,Facebook - Prospecting - C09,313073,3555,3619.96,8472.66,Facebook,234.0539674471541,11.562670687028264,1.0182728551336147,1.1355179143522438
2025-05-17,2173,772,761,224086.4,126119.02,97967.38,Prospecting,CA,Facebook - ASC - C10,170898,2062,1703.57,3766.35,Facebook,221.08571998802512,9.968343690388417,0.8261736178467507,1.2065676602417816
2025-05-17,2173,772,761,224086.4,126119.02,97967.38,Non-Branded Search,CA,Google - Display - C01,111930,5259,1128.02,3589.82,Google,318.2408113331324,10.077905834003394,0.21449324966723712,4.698472259447869
2025-05-17,2173,772,761,224086.4,126119.02,97967.38,Non-Branded Search,NY,Google - Non-Branded Search - C02,232887,11337,714.1,2380.87,Google,333.4084862064136,3.0662939537200447,0.06298844491488048,4.868026124257687
2025-05-17,2173,772,761,224086.4,126119.02,97967.38,Non-Branded Search,CA,Google - Non-Branded Search - C03,189707,9127,1945.84,6095.28,Google,313.246721210377,10.257080655958926,0.2131960118330229,4.811103438460362
2025-05-17,2173,772,761,224086.4,126119.02,97967.38,Non-Branded Search,NY,Google - Non-Branded Search - C04,162900,6676,671.04,1977.03,Google,294.6217811158798,4.119337016574585,0.10051527860994607,4.098219766728054
2025-05-17,2173,772,761,224086.4,126119.02,97967.38,Non-Branded Search,CA,Google - Non-Branded Search - C05,250210,10508,2383.45,6665.03,Google,279.6379198221066,9.5257983294033,0.22682242101256184,4.199672275288757
2025-05-17,2173,772,761,224086.4,126119.02,97967.38,Display,CA,Google - Non-Branded Search - C06,147855,611,1037.89,1566.73,Google,150.9533765620634,7.019647627743398,1.6986743044189854,0.4132427040005411
2025-05-17,2173,772,761,224086.4,126119.02,97967.38,Non-Branded Search,CA,Google - Display - C07,172805,7156,1673.68,5449.0,Google,325.57000143396584,9.685367900234368,0.2338848518725545,4.141083880674748
2025-05-17,2173,772,761,224086.4,126119.02,97967.38,Non-Branded Search,CA,Google - Display - C08,217731,9083,1919.56,6451.6,Google,336.0978557586114,8.816199806182858,0.21133546185181107,4.171661361955808
2025-05-17,2173,772,761,224086.4,126119.02,97967.38,Non-Branded Search,CA,Google - Display - C09,124932,5996,584.63,1796.97,Google,307.3687631493423,4.679585694617872,0.09750333555703802,4.799410879518458
2025-05-17,2173,772,761,224086.4,126119.02,97967.38,Non-Branded Search,NY,Google - Non-Branded Search - C10,294394,14245,1191.83,3572.58,Google,299.7558376614115,4.048418106347277,0.08366654966654966,4.83875350720463
2025-05-17,2173,772,761,224086.4,126119.02,97967.38,Retargeting,CA,TikTok - Retargeting - C01,182920,3121,1447.52,5122.74,TikTok,353.8977008953244,7.913404767111306,0.463800064082025,1.7062103651869671
2025-05-17,2173,772,761,224086.4,126119.02,97967.38,Retargeting,CA,TikTok - Retargeting - C02,94431,1404,1033.46,3243.08,TikTok,313.80798482766625,10.944075568404445,0.7360826210826211,1.486799885630778
2025-05-17,2173,772,761,224086.4,126119.02,97967.38,Spark Ads,CA,TikTok - Retargeting - C03,103512,1270,968.99,2386.86,TikTok,246.3245234728945,9.361136873019554,0.762984251968504,1.2269108895586986
2025-05-17,2173,772,761,224086.4,126119.02,97967.38,Spark Ads,CA,TikTok - Spark Ads - C04,100475,1332,934.04,2322.18,TikTok,248.6167615947925,9.296242846479224,0.7012312312312312,1.3257029111719334
2025-05-17,2173,772,761,224086.4,126119.02,97967.38,Spark Ads,CA,TikTok - Spark Ads - C05,158525,1903,1004.83,2321.22,TikTok,231.00623986146908,6.338621668506545,0.5280241723594324,1.2004415707301688
2025-05-17,2173,772,761,224086.4,126119.02,97967.38,Retargeting,CA,TikTok - Spark Ads - C06,93218,1359,551.15,1401.22,TikTok,254.23568901388006,5.9124847132528044,0.40555555555555556,1.4578729429938424
2025-05-17,2173,772,761,224086.4,126119.02,97967.38,Retargeting,CA,TikTok - Retargeting - C07,220199,3618,1964.85,5637.21,TikTok,286.902817008932,8.923065045708654,0.5430762852404644,1.64305923278489
2025-05-17,2173,772,761,224086.4,126119.02,97967.38,Retargeting,CA,TikTok - Spark Ads - C08,138629,2259,1265.29,3705.61,TikTok,292.8664574919584,9.12716675443089,0.5601106684373617,1.6295291749922454
2025-05-17,2173,772,761,224086.4,126119.02,97967.38,Retargeting,CA,TikTok - Spark Ads - C09,244305,4046,1404.65,3956.43,TikTok,281.6666073399067,5.749575325924561,0.3471700444883836,1.656126563107591
2025-05-17,2173,772,761,224086.4,126119.02,97967.38,Retargeting,CA,TikTok - Retargeting - C10,126090,2146,647.3,2064.6,TikTok,318.95566198053456,5.133634705369181,0.3016309412861137,1.7019589182330084
2025-05-18,2749,1275,1192,226582.57,128282.08,98300.49,Asc,NY,Facebook - ASC - C01,167700,2635,1169.83,3317.04,Facebook,283.5488917193096,6.9757304710793075,0.4439582542694497,1.571258199165176
2025-05-18,2749,1275,1192,226582.57,128282.08,98300.49,Prospecting,NY,Facebook - Prospecting - C02,214040,2793,1575.7,4317.8,Facebook,274.0242431935013,7.361708091945431,0.5641604010025063,1.304896281068959
2025-05-18,2749,1275,1192,226582.57,128282.08,98300.49,Prospecting,NY,Facebook - Prospecting - C03,107831,1234,1337.6,3439.31,Facebook,257.1254485645933,12.404596080904378,1.0839546191247973,1.1443833405977872
2025-05-18,2749,1275,1192,226582.57,128282.08,98300.49,Asc,CA,Facebook - Prospecting - C04,137350,2189,1813.37,5700.86,Facebook,314.3793048302332,13.202548234437568,0.8284010963910461,1.5937386239534037
2025-05-18,2749,1275,1192,226582.57,128282.08,98300.49,Prospecting,NY,Facebook - ASC - C05,95873,1037,918.17,2165.55,Facebook,235.85501595565094,9.576940327308002,0.8854098360655738,1.0816392519270284
2025-05-18,2749,1275,1192,226582.57,128282.08,98300.49,Asc,NY,Facebook - ASC - C06,184673,2517,2483.4,6281.39,Facebook,252.93508899089957,13.447553242758822,0.9866507747318236,1.36294964613127
2025-05-18,2749,1275,1192,226582.57,128282.08,98300.49,Asc,NY,Facebook - ASC - C07,219970,3594,2742.29,7831.99,Facebook,285.6003559069245,12.466654543801429,0.7630189204229271,1.6338591626130838
2025-05-18,2749,1275,1192,226582.57,128282.08,98300.49,Asc,CA,Facebook - Prospecting - C08,187648,2972,2199.76,5539.56,Facebook,251.8256537076772,11.722800136425649,0.7401615074024227,1.5838165075034105
2025-05-18,2749,1275,1192,226582.57,128282.08,98300.49,Prospecting,CA,Facebook - Prospecting - C09,222080,2661,1875.65,4553.26,Facebook,242.75637778903314,8.445830331412104,0.7048665915069523,1.1982168587896254
2025-05-18,2749,1275,1192,226582.57,128282.08,98300.49,Prospecting,CA,Facebook - ASC - C10,150334,1665,1376.87,3234.12,Facebook,234.8892778548447,9.158739872550452,0.8269489489489489,1.1075338912022563
2025-05-18,2749,1275,1192,226582.57,128282.08,98300.49,Non-Branded Search,CA,Google - Display - C01,124627,5182,1155.82,4301.39,Google,372.15050786454646,9.274234315196546,0.2230451563103049,4.15800749436318
2025-05-18,2749,1275,1192,226582.57,128282.08,98300.49,Non-Branded Search,NY,Google - Non-Branded Search - C02,131395,5902,600.92,2194.86,Google,365.24995007654934,4.573385593059096,0.10181633344628939,4.49179953575098
2025-05-18,2749,1275,1192,226582.57,128282.08,98300.49,Non-Branded Search,CA,Google - Non-Branded Search - C03,219372,10293,1351.55,4566.64,Google,337.8816913913655,6.160995933847528,0.13130768483435343,4.692029976478311
2025-05-18,2749,1275,1192,226582.57,128282.08,98300.49,Non-Branded Search,NY,Google - Non-Branded Search - C04,192422,8105,1147.36,3363.37,Google,293.1399037791103,5.962727754622652,0.1415619987661937,4.212096329941483
2025-05-18,2749,1275,1192,226582.57,128282.08,98300.49,Non-Branded Search,CA,Google - Non-Branded Search - C05,258552,10824,1574.69,5908.79,Google,375.2351256437775,6.090418948606084,0.14548133776792313,4.186391905690151
2025-05-18,2749,1275,1192,226582.57,128282.08,98300.49,Display,CA,Google - Non-Branded Search - C06,145321,593,624.08,1047.4,Google,167.831047301628,4.294492881276622,1.0524114671163576,0.4080621520633632
2025-05-18,2749,1275,1192,226582.57,128282.08,98300.49,Non-Branded Search,CA,Google - Display - C07,120763,4975,868.78,2750.9,Google,316.63942540113726,7.194090905326963,0.17462914572864321,4.119639293492212
2025-05-18,2749,1275,1192,226582.57,128282.08,98300.49,Non-Branded Search,CA,Google - Display - C08,223755,10626,2014.52,6737.42,Google,334.44294422492703,9.003240151058076,0.18958403914925653,4.7489441576724545
2025-05-18,2749,1275,1192,226582.57,128282.08,98300.49,Non-Branded Search,CA,Google - Display - C09,267381,11195,1576.39,5020.69,Google,318.492885643781,5.895669475392792,0.14081196962929882,4.186909316667975
2025-05-18,2749,1275,1192,226582.57,128282.08,98300.49,Non-Branded Search,NY,Google - Non-Branded Search - C10,196940,9139,1277.69,4810.32,Google,376.48568901689765,6.487711993500559,0.13980632454316666,4.640499644561795
2025-05-18,2749,1275,1192,226582.57,128282.08,98300.49,Retargeting,CA,TikTok - Retargeting - C01,277408,4345,2645.03,7723.98,TikTok,292.01861604594274,9.53480072672742,0.6087525891829689,1.5662850386434422
2025-05-18,2749,1275,1192,226582.57,128282.08,98300.49,Retargeting,CA,TikTok - Retargeting - C02,169438,2920,1325.61,4170.41,TikTok,314.6030883894962,7.823569683305987,0.45397602739726023,1.7233442321084997
2025-05-18,2749,1275,1192,226582.57,128282.08,98300.49,Spark Ads,CA,TikTok - Retargeting - C03,119095,1549,1110.97,2718.01,TikTok,244.65197080029165,9.328435282757463,0.7172175597159458,1.30064234434695
2025-05-18,2749,1275,1192,226582.57,128282.08,98300.49,Spark Ads,CA,TikTok - Spark Ads - C04,211731,2804,1351.96,3176.05,TikTok,234.92189118021244,6.385271877996137,0.4821540656205421,1.3243218990133707
2025-05-18,2749,1275,1192,226582.57,128282.08,98300.49,Spark Ads,CA,TikTok - Spark Ads - C05,173756,2101,1392.79,3220.18,TikTok,231.20355545344236,8.015780750017266,0.6629176582579723,1.2091668776905544
2025-05-18,2749,1275,1192,226582.57,128282.08,98300.49,Retargeting,CA,TikTok - Spark Ads - C06,139695,2312,778.25,2025.34,TikTok,260.24285255380664,5.571065535631196,0.336613321799308,1.6550341816099359
2025-05-18,2749,1275,1192,226582.57,128282.08,98300.49,Retargeting,CA,TikTok - Retargeting - C07,115613,1793,762.15,2167.6,TikTok,284.40595683264445,6.592251736396426,0.4250697155605131,1.5508636572011798
2025-05-18,2749,1275,1192,226582.57,128282.08,98300.49,Retargeting,CA,TikTok - Spark Ads - C08,234099,3641,1941.9,5678.68,TikTok,292.429064318451,8.295208437455948,0.5333424883273826,1.5553248839166336
2025-05-18,2749,1275,1192,226582.57,128282.08,98300.49,Retargeting,CA,TikTok - Spark Ads - C09,114243,1762,602.41,2012.87,TikTok,334.1362195182683,5.273058305541696,0.3418898978433598,1.542326444508635
2025-05-18,2749,1275,1192,226582.57,128282.08,98300.49,Retargeting,CA,TikTok - Retargeting - C10,134082,2006,1363.66,3701.8,TikTok,271.4606280157811,10.170343521128862,0.679790628115653,1.4960994018585643
2025-05-19,2060,1012,960,203540.86,100212.05,103328.81,Asc,NY,Facebook - ASC - C01,132781,2045,1775.26,5250.54,Facebook,295.7617475750031,13.36983453958021,0.8680977995110024,1.540129988477267
2025-05-19,2060,1012,960,203540.86,100212.05,103328.81,Prospecting,NY,Facebook - Prospecting - C02,109150,1271,820.33,2332.67,Facebook,284.3575146587349,7.515620705451215,0.6454209284028325,1.1644525881814016
2025-05-19,2060,1012,960,203540.86,100212.05,103328.81,Prospecting,NY,Facebook - Prospecting - C03,232649,2664,3465.87,7393.95,Facebook,213.33604549507052,14.897420577780261,1.3010022522522522,1.1450726201273163
2025-05-19,2060,1012,960,203540.86,100212.05,103328.81,Asc,CA,Facebook - Prospecting - C04,107427,1732,997.11,2861.05,Facebook,286.9342399534655,9.28174481275657,0.5756986143187067,1.6122576261088923
2025-05-19,2060,1012,960,203540.86,100212.05,103328.81,Prospecting,NY,Facebook - ASC - C05,158003,1740,1050.47,2348.57,Facebook,223.57325768465546,6.648418068011367,0.6037183908045978,1.101244913071271
2025-05-19,2060,1012,960,203540.86,100212.05,103328.81,Asc,NY,Facebook - ASC - C06,134900,2138,1170.64,3598.32,Facebook,307.38057814528804,8.677835433654561,0.5475397567820394,1.5848776871756856
2025-05-19,2060,1012,960,203540.86,100212.05,103328.81,Asc,NY,Facebook - ASC - C07,117020,1913,1012.36,2638.5,Facebook,260.62863013157374,8.651170740044437,0.5292002090956612,1.6347632883267817
2025-05-19,2060,1012,960,203540.86,100212.05,103328.81,Asc,CA,Facebook - Prospecting - C08,120119,1896,1363.89,4008.97,Facebook,293.9364611515591,11.35449013062047,0.7193512658227849,1.5784347189037535
2025-05-19,2060,1012,960,203540.86,100212.05,103328.81,Prospecting,CA,Facebook - Prospecting - C09,310877,3603,2549.62,6257.57,Facebook,245.4314760630996,8.201378680314079,0.7076380793782958,1.158979274761401
2025-05-19,2060,1012,960,203540.86,100212.05,103328.81,Prospecting,CA,Facebook - ASC - C10,177628,2283,2090.79,5791.9,Facebook,277.0196911215378,11.770610489337265,0.91580814717477,1.2852703402616703
2025-05-19,2060,1012,960,203540.86,100212.05,103328.81,Non-Branded Search,CA,Google - Display - C01,321754,14764,2864.57,9123.52,Google,318.4952715416276,8.902981781112278,0.19402397724193987,4.588598743139168
2025-05-19,2060,1012,960,203540.86,100212.05,103328.81,Non-Branded Search,NY,Google - Non-Branded Search - C02,162016,6846,1346.07,4060.13,Google,301.6284442859584,8.308253505826585,0.1966213847502191,4.225508591744025
2025-05-19,2060,1012,960,203540.86,100212.05,103328.81,Non-Branded Search,CA,Google - Non-Branded Search - C03,164903,7413,890.5,3180.4,Google,357.1476698483998,5.400144327271184,0.1201268042627816,4.495370005397112
2025-05-19,2060,1012,960,203540.86,100212.05,103328.81,Non-Branded Search,NY,Google - Non-Branded Search - C04,109700,4969,1075.44,3035.74,Google,282.2788812021126,9.803463992707384,0.2164298651640169,4.529626253418414
2025-05-19,2060,1012,960,203540.86,100212.05,103328.81,Non-Branded Search,CA,Google - Non-Branded Search - C05,261575,11375,930.61,3395.39,Google,364.8563845219802,3.557717671795852,0.08181186813186814,4.3486571728949635
2025-05-19,2060,1012,960,203540.86,100212.05,103328.81,Display,CA,Google - Non-Branded Search - C06,113064,419,1126.5,1975.9,Google,175.40168664003554,9.963383570367226,2.68854415274463,0.370586570437982
2025-05-19,2060,1012,960,203540.86,100212.05,103328.81,Non-Branded Search,CA,Google - Display - C07,124256,5536,867.8,2674.53,Google,308.19658907582397,6.983968580994077,0.1567557803468208,4.455318053051764
2025-05-19,2060,1012,960,203540.86,100212.05,103328.81,Non-Branded Search,CA,Google - Display - C08,94755,4198,740.56,2351.56,Google,317.5380792913471,7.815524246741597,0.17640781324440208,4.430373067384307
2025-05-19,2060,1012,960,203540.86,100212.05,103328.81,Non-Branded Search,CA,Google - Display - C09,138291,6626,1015.87,3443.19,Google,338.9400218531899,7.345886572517373,0.15331572592816178,4.791345785336717
2025-05-19,2060,1012,960,203540.86,100212.05,103328.81,Non-Branded Search,NY,Google - Non-Branded Search - C10,189554,8819,1227.48,3803.35,Google,309.8502623260664,6.475621722569822,0.13918584873568432,4.652500079133123
2025-05-19,2060,1012,960,203540.86,100212.05,103328.81,Retargeting,CA,TikTok - Retargeting - C01,165423,2821,1758.43,6039.97,TikTok,343.4865192245355,10.62990031615918,0.623335696561503,1.7053251361660713
2025-05-19,2060,1012,960,203540.86,100212.05,103328.81,Retargeting,CA,TikTok - Retargeting - C02,188296,3130,1231.54,3614.5,TikTok,293.4943241794826,6.540446955856736,0.39346325878594246,1.6622764158558865
2025-05-19,2060,1012,960,203540.86,100212.05,103328.81,Spark Ads,CA,TikTok - Retargeting - C03,147685,1820,1699.95,3800.7,TikTok,223.5771640342363,11.510647662254122,0.9340384615384616,1.2323526424484543
2025-05-19,2060,1012,960,203540.86,100212.05,103328.81,Spark Ads,CA,TikTok - Spark Ads - C04,156873,2167,860.16,1817.95,TikTok,211.3502139136905,5.483161538314432,0.3969358560221504,1.3813721927928961
2025-05-19,2060,1012,960,203540.86,100212.05,103328.81,Spark Ads,CA,TikTok - Spark Ads - C05,90211,1061,649.74,1359.12,TikTok,209.17905623787973,7.202447595082639,0.6123845428840716,1.1761315138952013
2025-05-19,2060,1012,960,203540.86,100212.05,103328.81,Retargeting,CA,TikTok - Spark Ads - C06,67899,1019,308.9,864.84,TikTok,279.9741016510198,4.549404262212993,0.3031403336604514,1.5007584795063256
2025-05-19,2060,1012,960,203540.86,100212.05,103328.81,Retargeting,CA,TikTok - Retargeting - C07,244192,3966,1802.41,4622.18,TikTok,256.44442718360415,7.38111813654829,0.4544654563792234,1.624131830690604
2025-05-19,2060,1012,960,203540.86,100212.05,103328.81,Retargeting,CA,TikTok - Spark Ads - C08,143304,2394,1546.66,5000.19,TikTok,323.2895400411208,10.792859934126055,0.6460568086883877,1.6705744431418523
2025-05-19,2060,1012,960,203540.86,100212.05,103328.81,Retargeting,CA,TikTok - Spark Ads - C09,168060,2829,972.48,2960.39,TikTok,304.4165432708128,5.786504819707248,0.34375397667020147,1.6833273830774722
2025-05-19,2060,1012,960,203540.86,100212.05,103328.81,Retargeting,CA,TikTok - Retargeting - C10,115823,1934,726.03,1863.77,TikTok,256.70702312576617,6.268444091415349,0.37540330920372283,1.6697892473860978
2025-05-20,1791,910,908,188081.24,115962.11,72119.13,Asc,NY,Facebook - ASC - C01,115201,1634,987.1,2409.58,Facebook,244.10698004254888,8.568502009531167,0.6041003671970624,1.4183904653605437
2025-05-20,1791,910,908,188081.24,115962.11,72119.13,Prospecting,NY,Facebook - Prospecting - C02,169409,1876,1050.86,2967.2,Facebook,282.35921055135793,6.203094286608149,0.5601599147121534,1.1073791829241657
2025-05-20,1791,910,908,188081.24,115962.11,72119.13,Prospecting,NY,Facebook - Prospecting - C03,160577,1791,1724.63,4152.58,Facebook,240.7809211251109,10.740205633434428,0.9629424902289224,1.1153527591124508
2025-05-20,1791,910,908,188081.24,115962.11,72119.13,Asc,CA,Facebook - Prospecting - C04,171249,2551,1101.28,3477.94,Facebook,315.8088769431934,6.430869669311937,0.4317052136417091,1.4896437351458987
2025-05-20,1791,910,908,188081.24,115962.11,72119.13,Prospecting,NY,Facebook - ASC - C05,63812,841,384.73,814.22,Facebook,211.63413302835755,6.029116780542845,0.4574673008323425,1.3179339309220837
2025-05-20,1791,910,908,188081.24,115962.11,72119.13,Asc,NY,Facebook - ASC - C06,110855,1648,654.14,1780.5,Facebook,272.18943956951114,5.900861485724596,0.3969296116504854,1.4866266744846872
2025-05-20,1791,910,908,188081.24,115962.11,72119.13,Asc,NY,Facebook - ASC - C07,236486,3572,1727.89,5497.99,Facebook,318.1909728049818,7.3065213162724225,0.48373180291153417,1.5104488214947185
2025-05-20,1791,910,908,188081.24,115962.11,72119.13,Asc,CA,Facebook - Prospecting - C08,250350,3431,2696.2,7495.04,Facebook,277.9853126622654,10.76972238865588,0.7858350335179247,1.3704813261433992
2025-05-20,1791,910,908,188081.24,115962.11,72119.13,Prospecting,CA,Facebook - Prospecting - C09,198156,2571,2521.79,6238.82,Facebook,247.39649217420956,12.726286360241424,0.9808595877090626,1.2974626052201297
2025-05-20,1791,910,908,188081.24,115962.11,72119.13,Prospecting,CA,Facebook - ASC - C10,166459,1845,1879.53,4580.58,Facebook,243.70879954031062,11.291248896124571,1.0187154471544715,1.108381042779303
2025-05-20,1791,910,908,188081.24,115962.11,72119.13,Non-Branded Search,CA,Google - Display - C01,254380,10954,1122.68,3801.75,Google,338.63166708233865,4.413397279660351,0.10249041446047107,4.306156144350972
2025-05-20,1791,910,908,188081.24,115962.11,72119.13,Non-Branded Search,NY,Google - Non-Branded Search - C02,162335,7154,755.49,2146.04,Google,284.0593522085004,4.653894723873472,0.10560385798154878,4.40693627375489
2025-05-20,1791,910,908,188081.24,115962.11,72119.13,Non-Branded Search,CA,Google - Non-Branded Search - C03,107834,4512,651.0,1948.42,Google,299.2964669738863,6.037056957916798,0.14428191489361702,4.184209062076897
2025-05-20,1791,910,908,188081.24,115962.11,72119.13,Non-Branded Search,NY,Google - Non-Branded Search - C04,178591,7953,744.19,2628.13,Google,353.15309262419544,4.167007296000358,0.09357349427888847,4.453191930164454
2025-05-20,1791,910,908,188081.24,115962.11,72119.13,Non-Branded Search,CA,Google - Non-Branded Search - C05,141580,6290,604.81,1794.58,Google,296.71797754666756,4.271860432264444,0.09615421303656597,4.442717898008193
2025-05-20,1791,910,908,188081.24,115962.11,72119.13,Display,CA,Google - Non-Branded Search - C06,322717,1361,987.52,1662.51,Google,168.35203337653923,3.0600185301672984,0.7255841293166789,0.4217317339960398
2025-05-20,1791,910,908,188081.24,115962.11,72119.13,Non-Branded Search,CA,Google - Display - C07,268411,11035,785.54,2297.09,Google,292.4217735570436,2.926631173834157,0.07118622564567285,4.111232401056589
2025-05-20,1791,910,908,188081.24,115962.11,72119.13,Non-Branded Search,CA,Google - Display - C08,147911,7031,990.3,3291.02,Google,332.32555791174394,6.695242409286665,0.1408476745839852,4.753534219902509
2025-05-20,1791,910,908,188081.24,115962.11,72119.13,Non-Branded Search,CA,Google - Display - C09,158280,7690,576.2,1615.46,Google,280.36445678583823,3.640384129390953,0.07492847854356308,4.858478645438463
2025-05-20,1791,910,908,188081.24,115962.11,72119.13,Non-Branded Search,NY,Google - Non-Branded Search - C10,104885,4410,1021.5,2731.8,Google,267.4302496328928,9.739238213281213,0.2316326530612245,4.204605043619202
2025-05-20,1791,910,908,188081.24,115962.11,72119.13,Retargeting,CA,TikTok - Retargeting - C01,137172,2048,1229.36,3437.64,TikTok,279.6284245461053,8.96217887032339,0.6002734375,1.4930160674190067
2025-05-20,1791,910,908,188081.24,115962.11,72119.13,Retargeting,CA,TikTok - Retargeting - C02,116396,1740,1024.97,3051.09,TikTok,297.6760295423281,8.805886800233685,0.5890632183908047,1.4948967318464552
2025-05-20,1791,910,908,188081.24,115962.11,72119.13,Spark Ads,CA,TikTok - Retargeting - C03,177294,2118,1302.41,3127.75,TikTok,240.1509509294308,7.346046679526663,0.6149244570349387,1.194625875664151
2025-05-20,1791,910,908,188081.24,115962.11,72119.13,Spark Ads,CA,TikTok - Spark Ads - C04,109735,1433,749.56,2024.6,TikTok,270.1051283419606,6.830637444753268,0.5230704815073273,1.3058732400783706
2025-05-20,1791,910,908,188081.24,115962.11,72119.13,Spark Ads,CA,TikTok - Spark Ads - C05,275712,3880,2118.92,5311.33,TikTok,250.6621297642195,7.685265784586816,0.5461134020618557,1.4072655524605384
2025-05-20,1791,910,908,188081.24,115962.11,72119.13,Retargeting,CA,TikTok - Spark Ads - C06,92431,1355,406.92,1050.32,TikTok,258.11461712375893,4.40241910181649,0.300309963099631,1.4659583905832458
2025-05-20,1791,910,908,188081.24,115962.11,72119.13,Retargeting,CA,TikTok - Retargeting - C07,85547,1438,595.88,1817.25,TikTok,304.9691212995905,6.965527721603329,0.41438108484005565,1.680947315510772
2025-05-20,1791,910,908,188081.24,115962.11,72119.13,Retargeting,CA,TikTok - Spark Ads - C08,108023,1713,1141.65,3461.62,TikTok,303.2120176936889,10.56858261666497,0.6664623467600701,1.585773400109236
2025-05-20,1791,910,908,188081.24,115962.11,72119.13,Retargeting,CA,TikTok - Spark Ads - C09,114561,1719,673.07,2215.26,TikTok,329.1277281709184,5.87521058649977,0.3915474112856312,1.500510644983895
2025-05-20,1791,910,908,188081.24,115962.11,72119.13,Retargeting,CA,TikTok - Retargeting - C10,104895,1512,1007.64,3350.11,TikTok,332.4709221547378,9.606177606177607,0.6664285714285714,1.4414414414414414
2025-05-21,2874,934,872,251286.55,123962.87,127323.68,Asc,NY,Facebook - ASC - C01,101433,1500,994.24,2607.73,Facebook,262.2837544254908,9.80193822523242,0.6628266666666667,1.478808671734051
2025-05-21,2874,934,872,251286.55,123962.87,127323.68,Prospecting,NY,Facebook - Prospecting - C02,228861,2934,1637.05,3522.86,Facebook,215.19562627897747,7.1530317528980465,0.5579584185412406,1.282000865153958
2025-05-21,2874,934,872,251286.55,123962.87,127323.68,Prospecting,NY,Facebook - Prospecting - C03,88673,1132,1166.24,3041.6,Facebook,260.8039511592811,13.152143267962064,1.0302473498233216,1.2766005435701961
2025-05-21,2874,934,872,251286.55,123962.87,127323.68,Asc,CA,Facebook - Prospecting - C04,263332,3559,3254.65,8919.84,Facebook,274.06449234172646,12.359492959458024,0.9144844057319472,1.3515258305105342
2025-05-21,2874,934,872,251286.55,123962.87,127323.68,Prospecting,NY,Facebook - ASC - C05,231258,2866,3434.59,7752.29,Facebook,225.71223930658388,14.851767290212663,1.1983914863921843,1.239308477976978
2025-05-21,2874,934,872,251286.55,123962.87,127323.68,Asc,NY,Facebook - ASC - C06,247933,3766,2078.38,6174.82,Facebook,297.09773958563875,8.382829232090927,0.5518799787573022,1.5189587509528786
2025-05-21,2874,934,872,251286.55,123962.87,127323.68,Asc,NY,Facebook - ASC - C07,119995,1937,1581.41,4247.58,Facebook,268.5944821393566,13.17896579024126,0.8164223025296852,1.6142339264136008
2025-05-21,2874,934,872,251286.55,123962.87,127323.68,Asc,CA,Facebook - Prospecting - C08,140445,2125,1084.45,2680.77,Facebook,247.20088524136656,7.72152800028481,0.5103294117647059,1.513047812310869
2025-05-21,2874,934,872,251286.55,123962.87,127323.68,Prospecting,CA,Facebook - Prospecting - C09,221379,2830,1819.01,4549.21,Facebook,250.09263280575698,8.216723356777292,0.6427597173144877,1.278350701737744
2025-05-21,2874,934,872,251286.55,123962.87,127323.68,Prospecting,CA,Facebook - ASC - C10,91486,1191,1100.56,3012.27,Facebook,273.7033873664316,12.02981877008504,0.924063811922754,1.3018385326716655
2025-05-21,2874,934,872,251286.55,123962.87,127323.68,Non-Branded Search,CA,Google - Display - C01,134993,5648,988.37,3517.97,Google,355.9365419832654,7.321638899794804,0.17499468838526913,4.18392064773729
2025-05-21,2874,934,872,251286.55,123962.87,127323.68,Non-Branded Search,NY,Google - Non-Branded Search - C02,191042,8464,767.98,2098.89,Google,273.300085939738,4.019953727452602,0.09073487712665407,4.430439379822238
2025-05-21,2874,934,872,251286.55,123962.87,127323.68,Non-Branded Search,CA,Google - Non-Branded Search - C03,170712,7546,1344.55,4655.4,Google,346.2422371797255,7.876130559070247,0.17818049297641134,4.42031023009513
2025-05-21,2874,934,872,251286.55,123962.87,127323.68,Non-Branded Search,NY,Google - Non-Branded Search - C04,214981,10128,1369.08,3785.32,Google,276.4863996260263,6.368376740270071,0.13517772511848342,4.7111140054237355
2025-05-21,2874,934,872,251286.55,123962.87,127323.68,Non-Branded Search,CA,Google - Non-Branded Search - C05,264872,11742,2548.0,6933.39,Google,272.1110675039247,9.619740855960615,0.2169988076988588,4.433084659760186
2025-05-21,2874,934,872,251286.55,123962.87,127323.68,Display,CA,Google - Non-Branded Search - C06,183864,764,1584.3,2759.28,Google,174.1639840939216,8.61669494844015,2.0736910994764397,0.41552451812209024
2025-05-21,2874,934,872,251286.55,123962.87,127323.68,Non-Branded Search,CA,Google - Display - C07,145062,6520,1046.95,3713.04,Google,354.65303978222454,7.217258827260069,0.16057515337423314,4.494629882395114
2025-05-21,2874,934,872,251286.55,123962.87,127323.68,Non-Branded Search,CA,Google - Display - C08,200273,8177,788.05,3006.25,Google,381.4796015481251,3.9348788903147205,0.09637397578574049,4.0829268049112954
2025-05-21,2874,934,872,251286.55,123962.87,127323.68,Non-Branded Search,CA,Google - Display - C09,282894,11489,1470.08,4874.24,Google,331.5629081410536,5.196575395731263,0.12795543563408476,4.061238485086287
2025-05-21,2874,934,872,251286.55,123962.87,127323.68,Non-Branded Search,NY,Google - Non-Branded Search - C10,118536,5359,1137.13,3438.33,Google,302.36912226394514,9.593119389889992,0.21219070722149658,4.520989404062901
2025-05-21,2874,934,872,251286.55,123962.87,127323.68,Retargeting,CA,TikTok - Retargeting - C01,111160,1698,832.01,2912.44,TikTok,350.0486772995517,7.484796689456639,0.48999411071849236,1.527527887729399
2025-05-21,2874,934,872,251286.55,123962.87,127323.68,Retargeting,CA,TikTok - Retargeting - C02,158070,2321,591.07,1729.74,TikTok,292.64554113725956,3.739292718415892,0.25466178371391646,1.4683368128044538
2025-05-21,2874,934,872,251286.55,123962.87,127323.68,Spark Ads,CA,TikTok - Retargeting - C03,266589,3594,1547.81,3412.28,TikTok,220.4585834178614,5.805978491235572,0.43066499721758483,1.3481426465458064
2025-05-21,2874,934,872,251286.55,123962.87,127323.68,Spark Ads,CA,TikTok - Spark Ads - C04,162621,1950,1601.65,4479.52,TikTok,279.6815783723036,9.848973994748526,0.8213589743589744,1.199107126385891
2025-05-21,2874,934,872,251286.55,123962.87,127323.68,Spark Ads,CA,TikTok - Spark Ads - C05,99340,1167,501.03,1233.68,TikTok,246.22876873640305,5.043587678679283,0.42933161953727506,1.1747533722568955
2025-05-21,2874,934,872,251286.55,123962.87,127323.68,Retargeting,CA,TikTok - Spark Ads - C06,192993,3017,2022.9,6072.75,TikTok,300.20020762271986,10.481727316534796,0.6705004971826318,1.5632691341136724
2025-05-21,2874,934,872,251286.55,123962.87,127323.68,Retargeting,CA,TikTok - Retargeting - C07,135024,2208,1395.77,3956.8,TikTok,283.4851014135567,10.337199312714777,0.6321422101449276,1.6352648418059013
2025-05-21,2874,934,872,251286.55,123962.87,127323.68,Retargeting,CA,TikTok - Spark Ads - C08,95226,1624,1050.09,2711.49,TikTok,258.2150101419878,11.027345472875055,0.6466071428571428,1.7054165879066643
2025-05-21,2874,934,872,251286.55,123962.87,127323.68,Retargeting,CA,TikTok - Spark Ads - C09,243922,3810,1216.98,3577.08,TikTok,293.9308780752354,4.989217864727249,0.3194173228346457,1.561974729626684
2025-05-21,2874,934,872,251286.55,123962.87,127323.68,Retargeting,CA,TikTok - Retargeting - C10,80555,1367,846.76,2692.23,TikTok,317.94487221881053,10.511575941903047,0.6194294074615947,1.6969772205325553
2025-05-22,1704,848,842,186182.97,99768.23,86414.74,Asc,NY,Facebook - ASC - C01,364349,5045,3057.92,9265.95,Facebook,303.01479437002934,8.392832147199526,0.6061288404360753,1.3846614098021401
2025-05-22,1704,848,842,186182.97,99768.23,86414.74,Prospecting,NY,Facebook - Prospecting - C02,149642,1733,1026.93,2325.92,Facebook,226.49255548089937,6.862578687801554,0.5925735718407387,1.1580973256171396
2025-05-22,1704,848,842,186182.97,99768.23,86414.74,Prospecting,NY,Facebook - Prospecting - C03,196134,2183,1244.9,2544.18,Facebook,204.36822234717647,6.347191206012217,0.5702702702702703,1.1130145716703888
2025-05-22,1704,848,842,186182.97,99768.23,86414.74,Asc,CA,Facebook - Prospecting - C04,283657,4395,3768.7,9832.01,Facebook,260.8859819035742,13.286116683177216,0.8574971558589306,1.5494065015141527
2025-05-22,1704,848,842,186182.97,99768.23,86414.74,Prospecting,NY,Facebook - ASC - C05,91451,993,1153.41,2777.35,Facebook,240.79468705837473,12.612327913308766,1.1615407854984896,1.085827382970115
2025-05-22,1704,848,842,186182.97,99768.23,86414.74,Asc,NY,Facebook - ASC - C06,200555,3233,1249.83,3180.01,Facebook,254.43540321483727,6.231856597940714,0.3865852149706155,1.6120266261125376
2025-05-22,1704,848,842,186182.97,99768.23,86414.74,Asc,NY,Facebook - ASC - C07,81101,1195,558.35,1621.06,Facebook,290.33043789737616,6.88462534370723,0.4672384937238494,1.4734713505382178
2025-05-22,1704,848,842,186182.97,99768.23,86414.74,Asc,CA,Facebook - Prospecting - C08,183215,2885,1018.98,2673.28,Facebook,262.3486231329369,5.561662527631472,0.3531993067590988,1.574652730398712
2025-05-22,1704,848,842,186182.97,99768.23,86414.74,Prospecting,CA,Facebook - Prospecting - C09,151139,1754,1186.76,2595.99,Facebook,218.74599750581413,7.852109647410661,0.6766020524515394,1.1605211097069585
2025-05-22,1704,848,842,186182.97,99768.23,86414.74,Prospecting,CA,Facebook - ASC - C10,157426,1931,1315.55,3227.33,Facebook,245.32172855459694,8.356624699858981,0.6812791299844639,1.2266080571189002
2025-05-22,1704,848,842,186182.97,99768.23,86414.74,Non-Branded Search,CA,Google - Display - C01,96779,4350,675.16,2194.11,Google,324.97630191362055,6.9763068434267765,0.15520919540229886,4.494776759420949
2025-05-22,1704,848,842,186182.97,99768.23,86414.74,Non-Branded Search,NY,Google - Non-Branded Search - C02,196539,8381,1306.11,4379.9,Google,335.3392899526074,6.645551264634499,0.155841784989858,4.264293600761173
2025-05-22,1704,848,842,186182.97,99768.23,86414.74,Non-Branded Search,CA,Google - Non-Branded Search - C03,141438,6514,564.74,1901.49,Google,336.70184509685873,3.992844921449681,0.08669634633097943,4.605551549088647
2025-05-22,1704,848,842,186182.97,99768.23,86414.74,Non-Branded Search,NY,Google - Non-Branded Search - C04,136560,6186,734.09,2679.6,Google,365.0233622580337,5.37558582308143,0.11866957646298093,4.5298769771529
2025-05-22,1704,848,842,186182.97,99768.23,86414.74,Non-Branded Search,CA,Google - Non-Branded Search - C05,324577,13500,1346.06,4853.91,Google,360.60131049136,4.1471207140370385,0.09970814814814814,4.159259590174289
2025-05-22,1704,848,842,186182.97,99768.23,86414.74,Display,CA,Google - Non-Branded Search - C06,165263,641,1348.59,1819.75,Google,134.9372307372886,8.160265758215692,2.103884555382215,0.3878666126114133
2025-05-22,1704,848,842,186182.97,99768.23,86414.74,Non-Branded Search,CA,Google - Display - C07,166827,6904,1088.23,3827.72,Google,351.7381435909688,6.523104773208174,0.1576231170336037,4.138418841074886
2025-05-22,1704,848,842,186182.97,99768.23,86414.74,Non-Branded Search,CA,Google - Display - C08,235272,11581,827.82,3091.11,Google,373.4036384721316,3.518565745180047,0.07148087384509111,4.922387704444218
2025-05-22,1704,848,842,186182.97,99768.23,86414.74,Non-Branded Search,CA,Google - Display - C09,223311,10754,849.37,2763.48,Google,325.35644065601565,3.8035296066920123,0.07898177422354473,4.815705451142129
2025-05-22,1704,848,842,186182.97,99768.23,86414.74,Non-Branded Search,NY,Google - Non-Branded Search - C10,120471,5434,761.4,2184.66,Google,286.9267139479905,6.320193241527007,0.14011777695988223,4.510629114060645
2025-05-22,1704,848,842,186182.97,99768.23,86414.74,Retargeting,CA,TikTok - Retargeting - C01,212094,3265,1585.38,5036.12,TikTok,317.66011934047356,7.474893207728649,0.4855681470137826,1.5394117702528125
2025-05-22,1704,848,842,186182.97,99768.23,86414.74,Retargeting,CA,TikTok - Retargeting - C02,101577,1500,784.47,2332.92,TikTok,297.3880454319477,7.722909713813166,0.52298,1.4767122478513837
2025-05-22,1704,848,842,186182.97,99768.23,86414.74,Spark Ads,CA,TikTok - Retargeting - C03,146782,1787,734.46,1952.58,TikTok,265.8524630340658,5.003747053453421,0.4110016787912703,1.2174517311386956
2025-05-22,1704,848,842,186182.97,99768.23,86414.74,Spark Ads,CA,TikTok - Spark Ads - C04,116827,1473,575.98,1490.25,TikTok,258.73294211604565,4.93019593073519,0.39102511880515956,1.260838675990995
2025-05-22,1704,848,842,186182.97,99768.23,86414.74,Spark Ads,CA,TikTok - Spark Ads - C05,144487,1694,756.5,1632.12,TikTok,215.74619960343688,5.235765155342695,0.44657615112160565,1.1724238166755485
2025-05-22,1704,848,842,186182.97,99768.23,86414.74,Retargeting,CA,TikTok - Spark Ads - C06,198353,3454,1336.5,3927.04,TikTok,293.8301533857089,6.737987325626534,0.3869426751592357,1.74133993435945
2025-05-22,1704,848,842,186182.97,99768.23,86414.74,Retargeting,CA,TikTok - Retargeting - C07,134748,2096,679.9,1820.99,TikTok,267.8320341226651,5.045714964229525,0.3243797709923664,1.5554961854721405
2025-05-22,1704,848,842,186182.97,99768.23,86414.74,Retargeting,CA,TikTok - Spark Ads - C08,90458,1316,829.6,2623.28,TikTok,316.2102217936355,9.171107033098234,0.6303951367781155,1.4548188109398836
2025-05-22,1704,848,842,186182.97,99768.23,86414.74,Retargeting,CA,TikTok - Spark Ads - C09,161574,2584,1874.17,4952.38,TikTok,264.24390530208035,11.599452882270663,0.7252979876160991,1.5992672088331044
2025-05-22,1704,848,842,186182.97,99768.23,86414.74,Retargeting,CA,TikTok - Retargeting - C10,87902,1305,874.72,2992.0,TikTok,342.0523138832998,9.951081886646493,0.6702835249042146,1.484607858751792
2025-05-23,2745,1268,1177,243080.55,130791.92,112288.63,Asc,NY,Facebook - ASC - C01,161201,2410,2246.92,6257.68,Facebook,278.5003471418653,13.93862320953344,0.932331950207469,1.4950279464767589
2025-05-23,2745,1268,1177,243080.55,130791.92,112288.63,Prospecting,NY,Facebook - Prospecting - C02,315676,3645,2903.97,6160.64,Facebook,212.14544227385272,9.199210583002825,0.7966995884773662,1.1546649095908463
2025-05-23,2745,1268,1177,243080.55,130791.92,112288.63,Prospecting,NY,Facebook - Prospecting - C03,104808,1280,751.92,1850.15,Facebook,246.05676135759126,7.174261506755209,0.5874375,1.221280818258148
2025-05-23,2745,1268,1177,243080.55,130791.92,112288.63,Asc,CA,Facebook - Prospecting - C04,122648,1707,1774.84,4611.44,Facebook,259.82285727164134,14.471006457504402,1.039742237844171,1.3917878807644641
2025-05-23,2745,1268,1177,243080.55,130791.92,112288.63,Prospecting,NY,Facebook - ASC - C05,248376,3194,3230.04,6897.73,Facebook,213.54936780968657,13.004638129287853,1.0112836568566062,1.285953554288659
2025-05-23,2745,1268,1177,243080.55,130791.92,112288.63,Asc,NY,Facebook - ASC - C06,125972,1993,1728.41,5090.33,Facebook,294.50940459728884,13.720588702251295,0.8672403411941797,1.5820976089924745
2025-05-23,2745,1268,1177,243080.55,130791.92,112288.63,Asc,NY,Facebook - ASC - C07,141399,2075,933.91,2713.77,Facebook,290.5815335524836,6.604785040912595,0.45007710843373494,1.46747855359656
2025-05-23,2745,1268,1177,243080.55,130791.92,112288.63,Asc,CA,Facebook - Prospecting - C08,143000,2154,999.63,3111.0,Facebook,311.215149605354,6.990419580419581,0.4640807799442897,1.5062937062937063
2025-05-23,2745,1268,1177,243080.55,130791.92,112288.63,Prospecting,CA,Facebook - Prospecting - C09,107398,1359,1110.01,2555.0,Facebook,230.178106503545,10.335481107655637,0.8167844002943341,1.265386692489618
2025-05-23,2745,1268,1177,243080.55,130791.92,112288.63,Prospecting,CA,Facebook - ASC - C10,191790,2489,2061.7,5405.31,Facebook,262.1773293883689,10.74977840346212,0.828324628364805,1.2977736065488295
2025-05-23,2745,1268,1177,243080.55,130791.92,112288.63,Non-Branded Search,CA,Google - Display - C01,134224,5877,1218.66,3513.87,Google,288.3388311752252,9.079300274168554,0.20736089841756,4.3785016092502085
2025-05-23,2745,1268,1177,243080.55,130791.92,112288.63,Non-Branded Search,NY,Google - Non-Branded Search - C02,109861,4539,354.16,1075.65,Google,303.7186582335667,3.2237099607686077,0.07802599691562019,4.131584456722586
2025-05-23,2745,1268,1177,243080.55,130791.92,112288.63,Non-Branded Search,CA,Google - Non-Branded Search - C03,144467,6652,1223.35,4087.26,Google,334.10389504230193,8.468023839354315,0.18390709561034274,4.604511757010251
2025-05-23,2745,1268,1177,243080.55,130791.92,112288.63,Non-Branded Search,NY,Google - Non-Branded Search - C04,364427,16078,2521.03,8457.0,Google,335.45812624205183,6.917791491848848,0.15679997512128374,4.4118575187897715
2025-05-23,2745,1268,1177,243080.55,130791.92,112288.63,Non-Branded Search,CA,Google - Non-Branded Search - C05,282166,11970,1865.16,5525.71,Google,296.25930215102187,6.6101514711198375,0.15581954887218047,4.2421836791108785
2025-05-23,2745,1268,1177,243080.55,130791.92,112288.63,Display,CA,Google - Non-Branded Search - C06,132153,537,471.77,867.83,Google,183.9519257265193,3.569877339144779,0.8785288640595903,0.406347188486073
2025-05-23,2745,1268,1177,243080.55,130791.92,112288.63,Non-Branded Search,CA,Google - Display - C07,213117,9959,1067.92,3708.03,Google,347.21982920068916,5.010956422997697,0.10723164976403254,4.6730199843278575
2025-05-23,2745,1268,1177,243080.55,130791.92,112288.63,Non-Branded Search,CA,Google - Display - C08,206607,9420,1199.28,4320.92,Google,360.2928423720899,5.804643598716404,0.12731210191082803,4.5593808535044795
2025-05-23,2745,1268,1177,243080.55,130791.92,112288.63,Non-Branded Search,CA,Google - Display - C09,163099,7666,729.43,2370.11,Google,324.9263123260628,4.472314361216194,0.09515131750587007,4.700212754216764
2025-05-23,2745,1268,1177,243080.55,130791.92,112288.63,Non-Branded Search,NY,Google - Non-Branded Search - C10,128193,5239,630.95,1886.54,Google,298.99992075441793,4.921875609432653,0.12043328879557168,4.086806611905486
2025-05-23,2745,1268,1177,243080.55,130791.92,112288.63,Retargeting,CA,TikTok - Retargeting - C01,83740,1214,664.23,1983.97,TikTok,298.68720172229496,7.932051588249344,0.5471416803953871,1.449725340339145
2025-05-23,2745,1268,1177,243080.55,130791.92,112288.63,Retargeting,CA,TikTok - Retargeting - C02,65948,1120,370.94,1243.44,TikTok,335.21324203375207,5.624734639412871,0.33119642857142856,1.6983077576272214
2025-05-23,2745,1268,1177,243080.55,130791.92,112288.63,Spark Ads,CA,TikTok - Retargeting - C03,123640,1579,526.97,1170.11,TikTok,222.0448981915479,4.262131996117762,0.3337365421152628,1.2770947913296666
2025-05-23,2745,1268,1177,243080.55,130791.92,112288.63,Spark Ads,CA,TikTok - Spark Ads - C04,126555,1681,1365.77,2841.37,TikTok,208.04161754907486,10.791908656315435,0.8124747174301011,1.3282762435304807
2025-05-23,2745,1268,1177,243080.55,130791.92,112288.63,Spark Ads,CA,TikTok - Spark Ads - C05,110445,1431,824.71,1655.24,TikTok,200.70570261061462,7.467155597808865,0.5763172606568834,1.2956675268233055
2025-05-23,2745,1268,1177,243080.55,130791.92,112288.63,Retargeting,CA,TikTok - Spark Ads - C06,175275,2575,1620.14,5720.57,TikTok,353.09109089337954,9.243417486806448,0.6291805825242719,1.4691199543574385
2025-05-23,2745,1268,1177,243080.55,130791.92,112288.63,Retargeting,CA,TikTok - Retargeting - C07,187445,2864,853.22,2386.33,TikTok,279.6851925646375,4.551841873616261,0.2979120111731844,1.5279148550241404
2025-05-23,2745,1268,1177,243080.55,130791.92,112288.63,Retargeting,CA,TikTok - Spark Ads - C08,164431,2381,1710.79,5443.09,TikTok,318.1623694316661,10.404303324798851,0.718517429651407,1.448023791134275
2025-05-23,2745,1268,1177,243080.55,130791.92,112288.63,Retargeting,CA,TikTok - Spark Ads - C09,94945,1411,476.18,1502.23,TikTok,315.47524045529,5.015324661646216,0.3374769666902906,1.486123545210385
2025-05-23,2745,1268,1177,243080.55,130791.92,112288.63,Retargeting,CA,TikTok - Retargeting - C10,103306,1696,833.08,2647.68,TikTok,317.8182167378883,8.064197626468937,0.4912028301886793,1.6417245852128628
2025-05-24,3096,1097,1060,282268.06,174043.94,108224.12,Asc,NY,Facebook - ASC - C01,194041,2937,1629.88,4530.73,Facebook,277.97936044371363,8.399668111378524,0.5549472250595846,1.5135976417355095
2025-05-24,3096,1097,1060,282268.06,174043.94,108224.12,Prospecting,NY,Facebook - Prospecting - C02,174302,1995,2369.93,6132.6,Facebook,258.76713658209314,13.596688506155981,1.1879348370927318,1.1445651799749859
2025-05-24,3096,1097,1060,282268.06,174043.94,108224.12,Prospecting,NY,Facebook - Prospecting - C03,230031,2615,1890.05,4473.58,Facebook,236.69109282823206,8.216501254178786,0.7227724665391969,1.1368033004247253
2025-05-24,3096,1097,1060,282268.06,174043.94,108224.12,Asc,CA,Facebook - Prospecting - C04,151588,2273,1848.97,4409.11,Facebook,238.46303617689847,12.197337520120326,0.8134491860976683,1.4994590600839117
2025-05-24,3096,1097,1060,282268.06,174043.94,108224.12,Prospecting,NY,Facebook - ASC - C05,147291,1594,1964.81,4145.96,Facebook,211.0107338623073,13.339647364740546,1.2326286072772898,1.0822114046343634
2025-05-24,3096,1097,1060,282268.06,174043.94,108224.12,Asc,NY,Facebook - ASC - C06,172124,2376,1954.96,6383.51,Facebook,326.5289315382412,11.357858288210824,0.8227946127946129,1.3804001766168577
2025-05-24,3096,1097,1060,282268.06,174043.94,108224.12,Asc,NY,Facebook - ASC - C07,112329,1835,1293.72,3169.12,Facebook,244.96181553968398,11.517239537430227,0.7050245231607629,1.63359417425598
2025-05-24,3096,1097,1060,282268.06,174043.94,108224.12,Asc,CA,Facebook - Prospecting - C08,213282,3063,2766.11,7106.27,Facebook,256.9048230186074,12.96926135351319,0.9030721514854718,1.436126818015585
2025-05-24,3096,1097,1060,282268.06,174043.94,108224.12,Prospecting,CA,Facebook - Prospecting - C09,209983,2405,2905.94,6565.57,Facebook,225.93618588133268,13.838929818128134,1.2082910602910604,1.1453308124943449
2025-05-24,3096,1097,1060,282268.06,174043.94,108224.12,Prospecting,CA,Facebook - ASC - C10,209335,2707,1826.17,4719.36,Facebook,258.42939047295704,8.723672582224664,0.6746102696712227,1.2931425705209352
2025-05-24,3096,1097,1060,282268.06,174043.94,108224.12,Non-Branded Search,CA,Google - Display - C01,168559,7780,1170.87,3900.93,Google,333.1650823746445,6.946351129278175,0.1504974293059126,4.615594539597411
2025-05-24,3096,1097,1060,282268.06,174043.94,108224.12,Non-Branded Search,NY,Google - Non-Branded Search - C02,210097,9422,1903.71,5532.26,Google,290.6041361341801,9.061100348886468,0.2020494587136489,4.48459521078359
2025-05-24,3096,1097,1060,282268.06,174043.94,108224.12,Non-Branded Search,CA,Google - Non-Branded Search - C03,154216,6439,860.15,2949.62,Google,342.9192582689066,5.577566530061731,0.13358440751669515,4.1753125486330855
2025-05-24,3096,1097,1060,282268.06,174043.94,108224.12,Non-Branded Search,NY,Google - Non-Branded Search - C04,224569,9656,820.82,2652.61,Google,323.16585853171216,3.655090417644466,0.08500621375310688,4.299792046097191
2025-05-24,3096,1097,1060,282268.06,174043.94,108224.12,Non-Branded Search,CA,Google - Non-Branded Search - C05,230066,10261,2016.43,6288.76,Google,311.8759391598022,8.764571905453218,0.1965139849917162,4.460024514704476
2025-05-24,3096,1097,1060,282268.06,174043.94,108224.12,Display,CA,Google - Non-Branded Search - C06,439206,1770,3532.99,6517.87,Google,184.48594533242382,8.044038560493252,1.9960395480225988,0.40299995901695335
2025-05-24,3096,1097,1060,282268.06,174043.94,108224.12,Non-Branded Search,CA,Google - Display - C07,130187,6154,777.97,2166.83,Google,278.52359345476043,5.97578867321622,0.1264169645758856,4.727046479295168
2025-05-24,3096,1097,1060,282268.06,174043.94,108224.12,Non-Branded Search,CA,Google - Display - C08,171332,7504,1305.06,4416.47,Google,338.4112607849448,7.617140989424041,0.17391524520255863,4.379800621016506
2025-05-24,3096,1097,1060,282268.06,174043.94,108224.12,Non-Branded Search,CA,Google - Display - C09,361995,17125,2361.27,8713.62,Google,369.02260224370787,6.522935399660216,0.1378843795620438,4.730728324976864
2025-05-24,3096,1097,1060,282268.06,174043.94,108224.12,Non-Branded Search,NY,Google - Non-Branded Search - C10,248221,11380,1923.29,5692.41,Google,295.97252624409214,7.748296880602366,0.169006151142355,4.58462418570548
2025-05-24,3096,1097,1060,282268.06,174043.94,108224.12,Retargeting,CA,TikTok - Retargeting - C01,120011,1954,1288.21,3649.96,TikTok,283.33579152467377,10.734099374224028,0.6592681678607983,1.6281840831257135
2025-05-24,3096,1097,1060,282268.06,174043.94,108224.12,Retargeting,CA,TikTok - Retargeting - C02,73024,1150,361.8,1027.31,TikTok,283.9441680486456,4.954535495179667,0.3146086956521739,1.5748247151621386
2025-05-24,3096,1097,1060,282268.06,174043.94,108224.12,Spark Ads,CA,TikTok - Retargeting - C03,128748,1565,991.93,2094.69,TikTok,211.17316746141364,7.704430360083262,0.6338210862619807,1.2155528629570944
2025-05-24,3096,1097,1060,282268.06,174043.94,108224.12,Spark Ads,CA,TikTok - Spark Ads - C04,141103,1936,622.94,1647.57,TikTok,264.4829357562526,4.414789196544369,0.32176652892561985,1.3720473696519564
2025-05-24,3096,1097,1060,282268.06,174043.94,108224.12,Spark Ads,CA,TikTok - Spark Ads - C05,262479,3438,1231.55,2905.55,TikTok,235.92627177134506,4.691994407171621,0.35821698662012796,1.3098190712399849
2025-05-24,3096,1097,1060,282268.06,174043.94,108224.12,Retargeting,CA,TikTok - Spark Ads - C06,131315,1939,1431.39,3603.11,TikTok,251.72105435974822,10.900430263107795,0.7382104177411037,1.476602063739862
2025-05-24,3096,1097,1060,282268.06,174043.94,108224.12,Retargeting,CA,TikTok - Retargeting - C07,92120,1570,971.47,2792.64,TikTok,287.4653875055328,10.545701259227096,0.6187707006369427,1.7042987407729047
2025-05-24,3096,1097,1060,282268.06,174043.94,108224.12,Retargeting,CA,TikTok - Spark Ads - C08,143981,2353,1379.57,4360.13,TikTok,316.04992860094086,9.58161146262354,0.5863025924351891,1.6342434071162166
2025-05-24,3096,1097,1060,282268.06,174043.94,108224.12,Retargeting,CA,TikTok - Spark Ads - C09,98266,1669,1049.92,2909.84,TikTok,277.14873514172507,10.684468687033155,0.6290713001797484,1.6984511428164368
2025-05-24,3096,1097,1060,282268.06,174043.94,108224.12,Retargeting,CA,TikTok - Retargeting - C10,121076,1883,629.41,1869.5,TikTok,297.0241972641045,5.198470382239254,0.334259160913436,1.5552215137599525
2025-05-25,2254,1023,1041,227809.53,114404.11,113405.42,Asc,NY,Facebook - ASC - C01,258008,4161,2689.69,7821.79,Facebook,290.8063754559075,10.424831788161608,0.6464047104061523,1.6127406902111563
2025-05-25,2254,1023,1041,227809.53,114404.11,113405.42,Prospecting,NY,Facebook - Prospecting - C02,223912,2652,1858.88,3871.61,Facebook,208.27648906868652,8.301832862910429,0.7009351432880845,1.1843938690199722
2025-05-25,2254,1023,1041,227809.53,114404.11,113405.42,Prospecting,NY,Facebook - Prospecting - C03,151206,1892,1122.21,2913.13,Facebook,259.5886687874819,7.42172929645649,0.5931342494714588,1.251273097628401
2025-05-25,2254,1023,1041,227809.53,114404.11,113405.42,Asc,CA,Facebook - Prospecting - C04,193909,3073,1269.13,3797.65,Facebook,299.23254512934056,6.544977283158596,0.412993817116824,1.5847639872311237
2025-05-25,2254,1023,1041,227809.53,114404.11,113405.42,Prospecting,NY,Facebook - ASC - C05,168896,2178,1925.43,4905.59,Facebook,254.7789324981952,11.40009236453202,0.8840358126721763,1.2895509662751043
2025-05-25,2254,1023,1041,227809.53,114404.11,113405.42,Asc,NY,Facebook - ASC - C06,97950,1606,669.97,1811.73,Facebook,270.4195710255683,6.839918325676366,0.41716687422166876,1.6396120469627362
2025-05-25,2254,1023,1041,227809.53,114404.11,113405.42,Asc,NY,Facebook - ASC - C07,226556,3614,2100.86,6704.31,Facebook,319.122169016498,9.27302741926941,0.5813115661317101,1.5951905930542558
2025-05-25,2254,1023,1041,227809.53,114404.11,113405.42,Asc,CA,Facebook - Prospecting - C08,245064,3690,1640.64,4406.6,Facebook,268.5903062219622,6.694740965625306,0.44461788617886183,1.505729115659583
2025-05-25,2254,1023,1041,227809.53,114404.11,113405.42,Prospecting,CA,Facebook - Prospecting - C09,179089,2325,1995.69,5108.08,Facebook,255.9555842841323,11.14356548978441,0.8583612903225807,1.2982371893304445
2025-05-25,2254,1023,1041,227809.53,114404.11,113405.42,Prospecting,CA,Facebook - ASC - C10,151206,1898,1836.96,4279.0,Facebook,232.9392039020991,12.14872425697393,0.9678398314014752,1.255241194132508
2025-05-25,2254,1023,1041,227809.53,114404.11,113405.42,Non-Branded Search,CA,Google - Display - C01,145241,6979,488.3,1352.92,Google,277.06737661273803,3.361998333803816,0.06996704398911019,4.8051170124138505
2025-05-25,2254,1023,1041,227809.53,114404.11,113405.42,Non-Branded Search,NY,Google - Non-Branded Search - C02,152809,6441,561.29,1690.12,Google,301.1135063870726,3.6731475240332703,0.08714330072970035,4.215065866539275
2025-05-25,2254,1023,1041,227809.53,114404.11,113405.42,Non-Branded Search,CA,Google - Non-Branded Search - C03,90911,4042,614.19,2056.33,Google,334.80356241553915,6.7559481250893745,0.15195200395843644,4.446106631760733
2025-05-25,2254,1023,1041,227809.53,114404.11,113405.42,Non-Branded Search,NY,Google - Non-Branded Search - C04,151340,6609,1218.86,3592.0,Google,294.701606419113,8.053786176820404,0.18442426993493719,4.366988238403595
2025-05-25,2254,1023,1041,227809.53,114404.11,113405.42,Non-Branded Search,CA,Google - Non-Branded Search - C05,114762,5334,699.17,2120.93,Google,303.34968605632395,6.092347641205277,0.13107799025121858,4.647879960265593
2025-05-25,2254,1023,1041,227809.53,114404.11,113405.42,Display,CA,Google - Non-Branded Search - C06,165897,610,1280.92,2001.77,Google,156.27595790525558,7.721176392580939,2.0998688524590166,0.36769802950023206
2025-05-25,2254,1023,1041,227809.53,114404.11,113405.42,Non-Branded Search,CA,Google - Display - C07,148376,6214,682.29,1854.79,Google,271.84774802503335,4.5983851835876415,0.10979884132603797,4.1880088424003885
2025-05-25,2254,1023,1041,227809.53,114404.11,113405.42,Non-Branded Search,CA,Google - Display - C08,144326,6158,939.02,3258.78,Google,347.04053161806996,6.506242811413051,0.1524878207210133,4.266729487410446
2025-05-25,2254,1023,1041,227809.53,114404.11,113405.42,Non-Branded Search,CA,Google - Display - C09,240104,10308,1493.75,4222.59,Google,282.68384937238494,6.221262452937061,0.14491171905316258,4.293139639489555
2025-05-25,2254,1023,1041,227809.53,114404.11,113405.42,Non-Branded Search,NY,Google - Non-Branded Search - C10,264951,12742,1955.77,6627.29,Google,338.8583524647581,7.381629055938645,0.15349003296185842,4.809191133454865
2025-05-25,2254,1023,1041,227809.53,114404.11,113405.42,Retargeting,CA,TikTok - Retargeting - C01,150769,2448,1075.89,3122.14,TikTok,290.1913764418295,7.136016024514324,0.43949754901960786,1.623675954606053
2025-05-25,2254,1023,1041,227809.53,114404.11,113405.42,Retargeting,CA,TikTok - Retargeting - C02,73036,1209,635.57,2182.37,TikTok,343.37209119373153,8.702146886466949,0.5256989247311828,1.6553480475382003
2025-05-25,2254,1023,1041,227809.53,114404.11,113405.42,Spark Ads,CA,TikTok - Retargeting - C03,166405,2201,1729.29,4728.68,TikTok,273.44632768361583,10.392055527177668,0.7856837800999545,1.322676602265557
2025-05-25,2254,1023,1041,227809.53,114404.11,113405.42,Spark Ads,CA,TikTok - Spark Ads - C04,147412,1999,1672.38,3511.7,TikTok,209.9821810832466,11.34493799690663,0.8366083041520761,1.3560632784305213
2025-05-25,2254,1023,1041,227809.53,114404.11,113405.42,Spark Ads,CA,TikTok - Spark Ads - C05,129921,1638,899.69,1899.47,TikTok,211.1249430359346,6.9249005164677,0.5492612942612943,1.2607661578959521
2025-05-25,2254,1023,1041,227809.53,114404.11,113405.42,Retargeting,CA,TikTok - Spark Ads - C06,134962,2169,1384.2,3809.8,TikTok,275.2347926600202,10.256220269409166,0.6381742738589212,1.6071190409152205
2025-05-25,2254,1023,1041,227809.53,114404.11,113405.42,Retargeting,CA,TikTok - Retargeting - C07,78028,1298,1002.93,2704.53,TikTok,269.66288773892495,12.853462859486337,0.772673343605547,1.663505408314964
2025-05-25,2254,1023,1041,227809.53,114404.11,113405.42,Retargeting,CA,TikTok - Spark Ads - C08,91337,1538,1042.7,3241.8,TikTok,310.90438285221063,11.415965052497894,0.6779583875162549,1.683874005058191
2025-05-25,2254,1023,1041,227809.53,114404.11,113405.42,Retargeting,CA,TikTok - Spark Ads - C09,123884,2055,904.22,2872.76,TikTok,317.7058680409635,7.298924800619935,0.4400097323600973,1.6588098543799037
2025-05-25,2254,1023,1041,227809.53,114404.11,113405.42,Retargeting,CA,TikTok - Retargeting - C10,132540,2215,1093.91,3493.66,TikTok,319.37362305856965,8.25343292590916,0.49386455981941313,1.6711936019314926
2025-05-26,3820,1330,1271,270095.08,159451.57,110643.51,Asc,NY,Facebook - ASC - C01,227064,3122,2608.66,6682.26,Facebook,256.15680080961107,11.488655180918155,0.8355733504163997,1.3749427474192297
2025-05-26,3820,1330,1271,270095.08,159451.57,110643.51,Prospecting,NY,Facebook - Prospecting - C02,126880,1623,1039.57,2349.37,Facebook,225.99440153140242,8.193332282471626,0.6405237215033888,1.2791614123581336
2025-05-26,3820,1330,1271,270095.08,159451.57,110643.51,Prospecting,NY,Facebook - Prospecting - C03,89811,1157,726.7,1838.46,Facebook,252.9874776386404,8.09143646101257,0.6280898876404495,1.2882609034528065
2025-05-26,3820,1330,1271,270095.08,159451.57,110643.51,Asc,CA,Facebook - Prospecting - C04,240632,3377,2949.71,8903.53,Facebook,301.84424909567383,12.258178463379767,0.8734705359786793,1.4033877456032449
2025-05-26,3820,1330,1271,270095.08,159451.57,110643.51,Prospecting,NY,Facebook - ASC - C05,175668,2081,1937.13,4214.33,Facebook,217.55535250602694,11.027221804768086,0.9308649687650169,1.184620989594007
2025-05-26,3820,1330,1271,270095.08,159451.57,110643.51,Asc,NY,Facebook - ASC - C06,188617,2814,1344.41,3635.06,Facebook,270.38329081158275,7.127724436291532,0.4777576403695807,1.4919121818287853
2025-05-26,3820,1330,1271,270095.08,159451.57,110643.51,Asc,NY,Facebook - ASC - C07,108218,1645,976.56,2480.73,Facebook,254.0274023101499,9.024007096786116,0.5936534954407294,1.5200798388438153
2025-05-26,3820,1330,1271,270095.08,159451.57,110643.51,Asc,CA,Facebook - Prospecting - C08,165278,2351,2300.0,5940.62,Facebook,258.2878260869565,13.915947676036739,0.9783071033602723,1.422451868972277
2025-05-26,3820,1330,1271,270095.08,159451.57,110643.51,Prospecting,CA,Facebook - Prospecting - C09,208895,2622,2858.9,6062.89,Facebook,212.07072650320055,13.68582302113502,1.0903508771929824,1.2551760453816512
2025-05-26,3820,1330,1271,270095.08,159451.57,110643.51,Prospecting,CA,Facebook - ASC - C10,113353,1319,1123.06,2665.82,Facebook,237.37111107153672,9.907633675332809,0.85144806671721,1.1636216068388134
2025-05-26,3820,1330,1271,270095.08,159451.57,110643.51,Non-Branded Search,CA,Google - Display - C01,312592,12854,2755.1,8037.37,Google,291.72697905702154,8.813725239289553,0.2143379492764898,4.112069406766648
2025-05-26,3820,1330,1271,270095.08,159451.57,110643.51,Non-Branded Search,NY,Google - Non-Branded Search - C02,285926,12789,1560.86,4337.1,Google,277.8660482041952,5.458964907003909,0.1220470717022441,4.47283562879906
2025-05-26,3820,1330,1271,270095.08,159451.57,110643.51,Non-Branded Search,CA,Google - Non-Branded Search - C03,212032,8733,1908.92,6371.5,Google,333.77511891540763,9.002980682161184,0.21858696896828125,4.118717929369152
2025-05-26,3820,1330,1271,270095.08,159451.57,110643.51,Non-Branded Search,NY,Google - Non-Branded Search - C04,158864,7856,1139.86,3260.68,Google,286.05969154106646,7.175067982677006,0.14509419551934827,4.945110283009367
2025-05-26,3820,1330,1271,270095.08,159451.57,110643.51,Non-Branded Search,CA,Google - Non-Branded Search - C05,143277,5917,879.17,2360.6,Google,268.5032473810526,6.136155837992141,0.14858374176102754,4.1297626276373745
2025-05-26,3820,1330,1271,270095.08,159451.57,110643.51,Display,CA,Google - Non-Branded Search - C06,122778,473,574.06,1038.95,Google,180.98282409504236,4.675593347342358,1.2136575052854122,0.3852481714965222
2025-05-26,3820,1330,1271,270095.08,159451.57,110643.51,Non-Branded Search,CA,Google - Display - C07,150010,7073,649.26,1906.31,Google,293.6127283368758,4.328111459236051,0.09179414675526651,4.7150189987334175
2025-05-26,3820,1330,1271,270095.08,159451.57,110643.51,Non-Branded Search,CA,Google - Display - C08,139435,6494,1243.85,4099.43,Google,329.5759134943924,8.92064402768315,0.19153834308592546,4.657367232043605
2025-05-26,3820,1330,1271,270095.08,159451.57,110643.51,Non-Branded Search,CA,Google - Display - C09,301173,13543,2356.23,7848.96,Google,333.11518824562967,7.8235100756043865,0.17398139260134388,4.496751036779526
2025-05-26,3820,1330,1271,270095.08,159451.57,110643.51,Non-Branded Search,NY,Google - Non-Branded Search - C10,218759,10210,1974.89,6199.61,Google,313.9217880489546,9.027697146174559,0.1934270323212537,4.667236547982026
2025-05-26,3820,1330,1271,270095.08,159451.57,110643.51,Retargeting,CA,TikTok - Retargeting - C01,139101,2352,720.51,2174.3,TikTok,301.7723556924956,5.179761468285634,0.3063392857142857,1.690857722086829
2025-05-26,3820,1330,1271,270095.08,159451.57,110643.51,Retargeting,CA,TikTok - Retargeting - C02,225828,3607,1664.09,5508.72,TikTok,331.03498007920246,7.368838230865968,0.46135015248128636,1.597233292594364
2025-05-26,3820,1330,1271,270095.08,159451.57,110643.51,Spark Ads,CA,TikTok - Retargeting - C03,146416,1838,1360.95,2891.81,TikTok,212.48466144972264,9.295090700469894,0.7404515778019587,1.2553272866353404
2025-05-26,3820,1330,1271,270095.08,159451.57,110643.51,Spark Ads,CA,TikTok - Spark Ads - C04,129005,1800,940.29,2194.99,TikTok,233.43755649852702,7.288787256307895,0.5223833333333333,1.3952947560172086
2025-05-26,3820,1330,1271,270095.08,159451.57,110643.51,Spark Ads,CA,TikTok - Spark Ads - C05,136012,1798,628.42,1550.1,TikTok,246.66624232201394,4.6203276181513395,0.34951056729699664,1.3219421815722143
2025-05-26,3820,1330,1271,270095.08,159451.57,110643.51,Retargeting,CA,TikTok - Spark Ads - C06,75020,1269,369.6,1165.08,TikTok,315.2272727272727,4.926686217008798,0.29125295508274235,1.6915489202879233
2025-05-26,3820,1330,1271,270095.08,159451.57,110643.51,Retargeting,CA,TikTok - Retargeting - C07,61258,970,548.5,1370.99,TikTok,249.95259799453055,8.953932547585623,0.5654639175257732,1.5834666492539748
2025-05-26,3820,1330,1271,270095.08,159451.57,110643.51,Retargeting,CA,TikTok - Spark Ads - C08,113706,1969,605.21,1993.65,TikTok,329.4145833677566,5.322586319103654,0.30736922295581515,1.731658839463177
2025-05-26,3820,1330,1271,270095.08,159451.57,110643.51,Retargeting,CA,TikTok - Spark Ads - C09,117363,1691,1092.93,3182.5,TikTok,291.18973767761884,9.312389765087804,0.6463217031342401,1.440828881333981
2025-05-26,3820,1330,1271,270095.08,159451.57,110643.51,Retargeting,CA,TikTok - Retargeting - C10,128357,2215,1014.02,3346.53,TikTok,330.02603498944796,7.899997662768684,0.4577968397291196,1.7256557881533536
2025-05-27,2138,1122,1142,208047.23,113217.2,94830.03,Asc,NY,Facebook - ASC - C01,205140,2828,2752.07,7824.42,Facebook,284.3103554778766,13.415569854733354,0.9731506364922207,1.3785707321828995
2025-05-27,2138,1122,1142,208047.23,113217.2,94830.03,Prospecting,NY,Facebook - Prospecting - C02,122615,1612,1033.59,2217.42,Facebook,214.5357443473718,8.429555927088856,0.6411848635235732,1.3146841740406965
2025-05-27,2138,1122,1142,208047.23,113217.2,94830.03,Prospecting,NY,Facebook - Prospecting - C03,170658,2109,1869.5,4132.64,Facebook,221.055897298743,10.954657853719135,0.8864390706495969,1.2358049432197729
2025-05-27,2138,1122,1142,208047.23,113217.2,94830.03,Asc,CA,Facebook - Prospecting - C04,84175,1169,483.62,1436.61,Facebook,297.053471734006,5.745411345411345,0.41370402053036787,1.3887733887733889
2025-05-27,2138,1122,1142,208047.23,113217.2,94830.03,Prospecting,NY,Facebook - ASC - C05,147870,1924,1725.12,4756.35,Facebook,275.71125486922654,11.66646378575776,0.8966320166320165,1.3011428957868398
2025-05-27,2138,1122,1142,208047.23,113217.2,94830.03,Asc,NY,Facebook - ASC - C06,179789,2753,2180.46,6576.4,Facebook,301.6060831200756,12.127883240910178,0.7920305121685434,1.531239397293494
2025-05-27,2138,1122,1142,208047.23,113217.2,94830.03,Asc,NY,Facebook - ASC - C07,139630,2071,1351.91,3540.43,Facebook,261.88355733739667,9.682088376423405,0.6527812650893289,1.4832056148392179
2025-05-27,2138,1122,1142,208047.23,113217.2,94830.03,Asc,CA,Facebook - Prospecting - C08,109999,1504,1220.36,3662.44,Facebook,300.1114425251565,11.094282675297048,0.811409574468085,1.3672851571377922
2025-05-27,2138,1122,1142,208047.23,113217.2,94830.03,Prospecting,CA,Facebook - Prospecting - C09,112963,1411,1259.44,2772.62,Facebook,220.1470494823096,11.149137328151697,0.892586817859674,1.2490815576781777
2025-05-27,2138,1122,1142,208047.23,113217.2,94830.03,Prospecting,CA,Facebook - ASC - C10,200164,2242,1478.29,3637.72,Facebook,246.0762096746917,7.38539397693891,0.6593621766280107,1.1200815331428229
2025-05-27,2138,1122,1142,208047.23,113217.2,94830.03,Non-Branded Search,CA,Google - Display - C01,172941,8117,1089.3,3911.06,Google,359.0434223813458,6.298679896612139,0.13419982752248366,4.693508190654616
2025-05-27,2138,1122,1142,208047.23,113217.2,94830.03,Non-Branded Search,NY,Google - Non-Branded Search - C02,191337,8020,1351.54,3852.78,Google,285.0659247968984,7.063662543052311,0.1685211970074813,4.191557304650956
2025-05-27,2138,1122,1142,208047.23,113217.2,94830.03,Non-Branded Search,CA,Google - Non-Branded Search - C03,135541,6220,1411.61,3822.75,Google,270.80780102152863,10.414634686183515,0.22694694533762055,4.58901734530511
2025-05-27,2138,1122,1142,208047.23,113217.2,94830.03,Non-Branded Search,NY,Google - Non-Branded Search - C04,234344,11251,1242.49,3668.0,Google,295.213643570572,5.301991943467723,0.11043373922318016,4.80106168709248
2025-05-27,2138,1122,1142,208047.23,113217.2,94830.03,Non-Branded Search,CA,Google - Non-Branded Search - C05,284235,13105,1226.12,4082.61,Google,332.9698561315369,4.313754463735993,0.09356123616940099,4.610621492778862
2025-05-27,2138,1122,1142,208047.23,113217.2,94830.03,Display,CA,Google - Non-Branded Search - C06,252126,911,2150.48,3282.96,Google,152.66173133439975,8.529386100600494,2.360570801317234,0.36132727287150074
2025-05-27,2138,1122,1142,208047.23,113217.2,94830.03,Non-Branded Search,CA,Google - Display - C07,147572,6088,602.44,1922.86,Google,319.1786733948609,4.082346244545036,0.09895532194480947,4.125443851137072
2025-05-27,2138,1122,1142,208047.23,113217.2,94830.03,Non-Branded Search,CA,Google - Display - C08,159117,6795,822.82,2406.39,Google,292.4564303249799,5.171163357780753,0.12109197939661516,4.270442504572107
2025-05-27,2138,1122,1142,208047.23,113217.2,94830.03,Non-Branded Search,CA,Google - Display - C09,170523,7345,1380.04,4775.72,Google,346.0566360395351,8.092984524081794,0.18788835942818244,4.307336840191646
2025-05-27,2138,1122,1142,208047.23,113217.2,94830.03,Non-Branded Search,NY,Google - Non-Branded Search - C10,311317,14309,1719.85,6577.87,Google,382.467657063116,5.524433294680342,0.12019358445733454,4.596279676342763
2025-05-27,2138,1122,1142,208047.23,113217.2,94830.03,Retargeting,CA,TikTok - Retargeting - C01,140452,2264,636.54,1997.55,TikTok,313.8137430483552,4.532082134821861,0.2811572438162544,1.6119385982399683
2025-05-27,2138,1122,1142,208047.23,113217.2,94830.03,Retargeting,CA,TikTok - Retargeting - C02,140024,2234,1021.77,2837.99,TikTok,277.75233173806237,7.297106210363937,0.4573724261414503,1.5954407815803004
2025-05-27,2138,1122,1142,208047.23,113217.2,94830.03,Spark Ads,CA,TikTok - Retargeting - C03,143653,1940,1067.66,2323.97,TikTok,217.66948279414794,7.432215129513481,0.550340206185567,1.3504764954438822
2025-05-27,2138,1122,1142,208047.23,113217.2,94830.03,Spark Ads,CA,TikTok - Spark Ads - C04,135663,1688,1281.65,3275.56,TikTok,255.5736745601373,9.447306929671319,0.7592713270142181,1.2442596728658515
2025-05-27,2138,1122,1142,208047.23,113217.2,94830.03,Spark Ads,CA,TikTok - Spark Ads - C05,101925,1211,387.08,943.94,TikTok,243.86173400847372,3.7976943831248464,0.31963666391412054,1.1881285258768703
2025-05-27,2138,1122,1142,208047.23,113217.2,94830.03,Retargeting,CA,TikTok - Spark Ads - C06,54906,892,322.31,977.87,TikTok,303.3942477738823,5.870214548501075,0.3613340807174888,1.6245947619567986
2025-05-27,2138,1122,1142,208047.23,113217.2,94830.03,Retargeting,CA,TikTok - Retargeting - C07,195557,2827,1460.16,4095.32,TikTok,280.4706333552487,7.4666721211718325,0.516505129112133,1.4456143221669386
2025-05-27,2138,1122,1142,208047.23,113217.2,94830.03,Retargeting,CA,TikTok - Spark Ads - C08,155808,2364,1751.98,5383.89,TikTok,307.30316556125075,11.244480386116246,0.7411082910321489,1.5172520024645717
2025-05-27,2138,1122,1142,208047.23,113217.2,94830.03,Retargeting,CA,TikTok - Spark Ads - C09,72063,1160,456.3,1525.96,TikTok,334.42033749726056,6.3319595354065195,0.39336206896551723,1.6097026213174583
2025-05-27,2138,1122,1142,208047.23,113217.2,94830.03,Retargeting,CA,TikTok - Retargeting - C10,153560,2601,785.88,2266.62,TikTok,288.4180790960452,5.117738994529826,0.30214532871972316,1.693800468872102
2025-05-28,2895,1326,1271,285303.34,142558.79,142744.55,Asc,NY,Facebook - ASC - C01,274009,3830,2057.01,5551.02,Facebook,269.85867837297826,7.507089183202012,0.5370783289817233,1.3977643070118135
2025-05-28,2895,1326,1271,285303.34,142558.79,142744.55,Prospecting,NY,Facebook - Prospecting - C02,228681,2641,3096.46,7198.91,Facebook,232.4883899678988,13.540521512499945,1.1724574024990535,1.1548838775412038
2025-05-28,2895,1326,1271,285303.34,142558.79,142744.55,Prospecting,NY,Facebook - Prospecting - C03,116842,1456,1015.78,2865.98,Facebook,282.14574021933885,8.693620444703104,0.6976510989010989,1.2461272487632873
2025-05-28,2895,1326,1271,285303.34,142558.79,142744.55,Asc,CA,Facebook - Prospecting - C04,253150,3606,3149.87,8876.84,Facebook,281.81607494912487,12.442701955362434,0.8735080421519689,1.4244519059845941
2025-05-28,2895,1326,1271,285303.34,142558.79,142744.55,Prospecting,NY,Facebook - ASC - C05,219490,2466,2231.38,4906.89,Facebook,219.90382633168713,10.16620347168436,0.9048580697485807,1.123513599708415
2025-05-28,2895,1326,1271,285303.34,142558.79,142744.55,Asc,NY,Facebook - ASC - C06,348203,4752,4369.38,12755.93,Facebook,291.93913095221745,12.548369772804945,0.9194823232323233,1.364721154039454
2025-05-28,2895,1326,1271,285303.34,142558.79,142744.55,Asc,NY,Facebook - ASC - C07,218135,2994,2134.05,5689.73,Facebook,266.6165272603734,9.783161803470328,0.7127755511022045,1.3725445251793615
2025-05-28,2895,1326,1271,285303.34,142558.79,142744.55,Asc,CA,Facebook - Prospecting - C08,173071,2368,1230.7,3340.58,Facebook,271.43739335337614,7.110954463774983,0.5197212837837838,1.3682246014641388
2025-05-28,2895,1326,1271,285303.34,142558.79,142744.55,Prospecting,CA,Facebook - Prospecting - C09,159480,1879,1880.51,4737.06,Facebook,251.90294122339157,11.791509907198394,1.000803618946248,1.1782041635314773
2025-05-28,2895,1326,1271,285303.34,142558.79,142744.55,Prospecting,CA,Facebook - ASC - C10,204425,2658,1768.5,4180.09,Facebook,236.3635849590048,8.651094533447475,0.6653498871331829,1.3002323590558884
2025-05-28,2895,1326,1271,285303.34,142558.79,142744.55,Non-Branded Search,CA,Google - Display - C01,288533,11953,1515.36,4977.84,Google,328.49223946784923,5.251946917683592,0.12677654145402828,4.142680386645548
2025-05-28,2895,1326,1271,285303.34,142558.79,142744.55,Non-Branded Search,NY,Google - Non-Branded Search - C02,242170,11196,1215.51,3404.34,Google,280.07503023422265,5.019242680761448,0.10856645230439442,4.6231985795102615
2025-05-28,2895,1326,1271,285303.34,142558.79,142744.55,Non-Branded Search,CA,Google - Non-Branded Search - C03,178347,7525,1623.63,4381.02,Google,269.82871713382974,9.10376961765547,0.21576478405315616,4.219302819783905
2025-05-28,2895,1326,1271,285303.34,142558.79,142744.55,Non-Branded Search,NY,Google - Non-Branded Search - C04,117068,5360,624.65,1760.77,Google,281.88105338989834,5.335787747292172,0.11653917910447761,4.57853555198688
2025-05-28,2895,1326,1271,285303.34,142558.79,142744.55,Non-Branded Search,CA,Google - Non-Branded Search - C05,291165,13832,2377.52,7269.05,Google,305.74085601803563,8.16554187488194,0.1718854829381145,4.750570982089193
2025-05-28,2895,1326,1271,285303.34,142558.79,142744.55,Display,CA,Google - Non-Branded Search - C06,176920,656,1023.34,1741.06,Google,170.13504798014344,5.78419624689125,1.559969512195122,0.37078905720099475
2025-05-28,2895,1326,1271,285303.34,142558.79,142744.55,Non-Branded Search,CA,Google - Display - C07,145251,6046,998.21,3525.52,Google,353.1841997174943,6.872310689771499,0.16510254713860403,4.162449828228377
2025-05-28,2895,1326,1271,285303.34,142558.79,142744.55,Non-Branded Search,CA,Google - Display - C08,180546,7925,684.11,2501.41,Google,365.6444139100437,3.7891174548314557,0.08632302839116719,4.389463073122639
2025-05-28,2895,1326,1271,285303.34,142558.79,142744.55,Non-Branded Search,CA,Google - Display - C09,112238,5230,758.08,2555.69,Google,337.12668847615026,6.754218713804594,0.14494837476099426,4.659740907713965
2025-05-28,2895,1326,1271,285303.34,142558.79,142744.55,Non-Branded Search,NY,Google - Non-Branded Search - C10,201123,9768,1155.31,3213.5,Google,278.15045312513524,5.744295779199793,0.11827497952497952,4.856729464059307
2025-05-28,2895,1326,1271,285303.34,142558.79,142744.55,Retargeting,CA,TikTok - Retargeting - C01,199789,3170,1785.53,5819.59,TikTok,325.93067604576794,8.937078617941928,0.5632586750788643,1.5866739410077633
2025-05-28,2895,1326,1271,285303.34,142558.79,142744.55,Retargeting,CA,TikTok - Retargeting - C02,114586,1933,1279.52,3420.41,TikTok,267.31977616606224,11.166460126018887,0.6619348163476462,1.686942558427731
2025-05-28,2895,1326,1271,285303.34,142558.79,142744.55,Spark Ads,CA,TikTok - Retargeting - C03,206741,2493,1277.06,2540.34,TikTok,198.92095907788203,6.177100816964221,0.5122583233052547,1.205856603189498
2025-05-28,2895,1326,1271,285303.34,142558.79,142744.55,Spark Ads,CA,TikTok - Spark Ads - C04,179696,2252,1587.14,3310.32,TikTok,208.57139256776338,8.832361321342713,0.7047690941385436,1.2532276734039711
2025-05-28,2895,1326,1271,285303.34,142558.79,142744.55,Spark Ads,CA,TikTok - Spark Ads - C05,90040,1127,816.04,1945.99,TikTok,238.46747708445665,9.063083074189247,0.7240816326530612,1.2516659262549978
2025-05-28,2895,1326,1271,285303.34,142558.79,142744.55,Retargeting,CA,TikTok - Spark Ads - C06,132530,2269,591.64,1990.14,TikTok,336.37685078764116,4.464196785633441,0.2607492287351256,1.712065192786539
2025-05-28,2895,1326,1271,285303.34,142558.79,142744.55,Retargeting,CA,TikTok - Retargeting - C07,117420,1994,1288.5,4125.36,TikTok,320.16763678696157,10.973428717424628,0.6461885656970913,1.698177482541305
2025-05-28,2895,1326,1271,285303.34,142558.79,142744.55,Retargeting,CA,TikTok - Spark Ads - C08,109385,1850,929.56,2608.76,TikTok,280.6446060501743,8.498057320473556,0.5024648648648649,1.691273940668282
2025-05-28,2895,1326,1271,285303.34,142558.79,142744.55,Retargeting,CA,TikTok - Spark Ads - C09,94158,1438,570.65,1857.75,TikTok,325.54981161833,6.0605577858493165,0.39683588317107094,1.5272202043373904
2025-05-28,2895,1326,1271,285303.34,142558.79,142744.55,Retargeting,CA,TikTok - Retargeting - C10,136109,2222,1150.43,3361.34,TikTok,292.1811844266926,8.452269871940873,0.5177452745274528,1.6325151165609915
2025-05-29,3396,1580,1463,280842.28,166797.62,114044.66,Asc,NY,Facebook - ASC - C01,362869,5502,3587.44,10916.51,Facebook,304.29805097785606,9.886322612292592,0.6520247182842602,1.5162496658573756
2025-05-29,3396,1580,1463,280842.28,166797.62,114044.66,Prospecting,NY,Facebook - Prospecting - C02,162474,1852,1196.15,3264.51,Facebook,272.91811227688834,7.362101013085171,0.6458693304535638,1.1398746876423305
2025-05-29,3396,1580,1463,280842.28,166797.62,114044.66,Prospecting,NY,Facebook - Prospecting - C03,161418,1984,2022.76,5081.45,Facebook,251.21368822796572,12.531192308168853,1.0195362903225806,1.229107038868032
2025-05-29,3396,1580,1463,280842.28,166797.62,114044.66,Asc,CA,Facebook - Prospecting - C04,186341,2565,1400.49,3756.75,Facebook,268.2453998243472,7.515737277357103,0.546,1.3765086588566124
2025-05-29,3396,1580,1463,280842.28,166797.62,114044.66,Prospecting,NY,Facebook - ASC - C05,212499,2306,2186.7,5429.71,Facebook,248.30612338226553,10.290401366594665,0.9482653946227233,1.0851815773250697
2025-05-29,3396,1580,1463,280842.28,166797.62,114044.66,Asc,NY,Facebook - ASC - C06,184864,2994,2287.76,7463.31,Facebook,326.2278385844669,12.37536783797819,0.7641148964595859,1.6195689804396747
2025-05-29,3396,1580,1463,280842.28,166797.62,114044.66,Asc,NY,Facebook - ASC - C07,129455,2000,812.59,2203.54,Facebook,271.17488524348073,6.277007454327759,0.406295,1.5449383955814762
2025-05-29,3396,1580,1463,280842.28,166797.62,114044.66,Asc,CA,Facebook - Prospecting - C08,207220,3334,1993.03,6494.62,Facebook,325.86664525872663,9.617942283563362,0.5977894421115777,1.6089180581024998
2025-05-29,3396,1580,1463,280842.28,166797.62,114044.66,Prospecting,CA,Facebook - Prospecting - C09,174286,2243,1316.96,3693.98,Facebook,280.49295346859435,7.556315481450031,0.587142220240749,1.2869651033358962
2025-05-29,3396,1580,1463,280842.28,166797.62,114044.66,Prospecting,CA,Facebook - ASC - C10,108543,1306,1141.76,2918.33,Facebook,255.59925028026905,10.51896483421317,0.8742419601837672,1.2032097878260228
2025-05-29,3396,1580,1463,280842.28,166797.62,114044.66,Non-Branded Search,CA,Google - Display - C01,74736,3214,476.21,1671.22,Google,350.9418113857332,6.371895739670306,0.14816739265712506,4.300470991222436
2025-05-29,3396,1580,1463,280842.28,166797.62,114044.66,Non-Branded Search,NY,Google - Non-Branded Search - C02,196063,8387,1781.79,6005.46,Google,337.04645328574077,9.08784421333959,0.21244664361511864,4.277706655513789
2025-05-29,3396,1580,1463,280842.28,166797.62,114044.66,Non-Branded Search,CA,Google - Non-Branded Search - C03,223370,10375,1800.69,6011.02,Google,333.8175921452332,8.06146752025787,0.17356048192771084,4.64475981555267
2025-05-29,3396,1580,1463,280842.28,166797.62,114044.66,Non-Branded Search,NY,Google - Non-Branded Search - C04,261719,12830,2396.54,7348.94,Google,306.64791741427223,9.156920208315023,0.18679189399844115,4.902204272521292
2025-05-29,3396,1580,1463,280842.28,166797.62,114044.66,Non-Branded Search,CA,Google - Non-Branded Search - C05,430571,17737,1588.69,5203.43,Google,327.5295998590033,3.689728291036786,0.08956926199470035,4.119413522972983
2025-05-29,3396,1580,1463,280842.28,166797.62,114044.66,Display,CA,Google - Non-Branded Search - C06,238745,976,971.86,1555.58,Google,160.06214886917869,4.070703051372804,0.9957581967213115,0.40880437286644744
2025-05-29,3396,1580,1463,280842.28,166797.62,114044.66,Non-Branded Search,CA,Google - Display - C07,233239,9938,1594.11,5175.12,Google,324.640081299283,6.834663156676198,0.16040551418796536,4.260865464180519
2025-05-29,3396,1580,1463,280842.28,166797.62,114044.66,Non-Branded Search,CA,Google - Display - C08,216361,10125,939.44,3449.27,Google,367.1623520395129,4.342002486584921,0.0927841975308642,4.679678870036652
2025-05-29,3396,1580,1463,280842.28,166797.62,114044.66,Non-Branded Search,CA,Google - Display - C09,178381,8127,1405.03,3978.36,Google,283.1512494395138,7.876567571658416,0.17288421311677124,4.555978495467566
2025-05-29,3396,1580,1463,280842.28,166797.62,114044.66,Non-Branded Search,NY,Google - Non-Branded Search - C10,192166,9292,1723.65,4984.44,Google,289.17935775824554,8.9695887930227,0.18549827808867844,4.8354027247275795
2025-05-29,3396,1580,1463,280842.28,166797.62,114044.66,Retargeting,CA,TikTok - Retargeting - C01,69640,1012,806.54,2086.11,TikTok,258.6492920375927,11.581562320505455,0.7969762845849802,1.453187823090178
2025-05-29,3396,1580,1463,280842.28,166797.62,114044.66,Retargeting,CA,TikTok - Retargeting - C02,120945,1817,1032.41,3427.19,TikTok,331.96017086235116,8.536194137831247,0.5681948266373144,1.5023357724585555
2025-05-29,3396,1580,1463,280842.28,166797.62,114044.66,Spark Ads,CA,TikTok - Retargeting - C03,142667,1791,1064.94,2789.38,TikTok,261.92837155144895,7.464515269824137,0.594606365159129,1.2553708986661245
2025-05-29,3396,1580,1463,280842.28,166797.62,114044.66,Spark Ads,CA,TikTok - Spark Ads - C04,119441,1438,730.7,1582.38,TikTok,216.55672642671414,6.11766478847297,0.5081363004172462,1.2039416950628343
2025-05-29,3396,1580,1463,280842.28,166797.62,114044.66,Spark Ads,CA,TikTok - Spark Ads - C05,210734,2568,1507.04,3182.26,TikTok,211.159624163924,7.151385158541099,0.5868535825545171,1.2185978532178006
2025-05-29,3396,1580,1463,280842.28,166797.62,114044.66,Retargeting,CA,TikTok - Spark Ads - C06,195854,3035,1824.5,5531.79,TikTok,303.1948479035352,9.315612650239464,0.6011532125205931,1.5496236992862031
2025-05-29,3396,1580,1463,280842.28,166797.62,114044.66,Retargeting,CA,TikTok - Retargeting - C07,149324,2488,1346.89,4183.52,TikTok,310.6059143656869,9.019916423347889,0.541354501607717,1.6661755645442127
2025-05-29,3396,1580,1463,280842.28,166797.62,114044.66,Retargeting,CA,TikTok - Spark Ads - C08,116230,1941,634.95,2147.48,TikTok,338.21245767383255,5.462875333390691,0.32712519319938177,1.6699647251139982
2025-05-29,3396,1580,1463,280842.28,166797.62,114044.66,Retargeting,CA,TikTok - Spark Ads - C09,57156,953,604.44,1573.09,TikTok,260.25577393951426,10.575267688431662,0.6342497376705142,1.6673665057036884
2025-05-29,3396,1580,1463,280842.28,166797.62,114044.66,Retargeting,CA,TikTok - Retargeting - C10,216324,3789,2384.34,6510.27,TikTok,273.0428546264375,11.022077994119932,0.6292794932699921,1.7515393576302214
2025-05-30,3695,1364,1272,262078.97,152352.5,109726.47,Asc,NY,Facebook - ASC - C01,173645,2552,2221.42,6107.35,Facebook,274.9299997299025,12.792882029427856,0.8704623824451411,1.4696651213683087
2025-05-30,3695,1364,1272,262078.97,152352.5,109726.47,Prospecting,NY,Facebook - Prospecting - C02,165656,2023,1937.76,4758.48,Facebook,245.56601436710426,11.697493601197662,0.957864557587741,1.2212053894818176
2025-05-30,3695,1364,1272,262078.97,152352.5,109726.47,Prospecting,NY,Facebook - Prospecting - C03,151220,1863,1368.93,2914.07,Facebook,212.87209718539296,9.052572411056738,0.7347987117552335,1.2319798968390425
2025-05-30,3695,1364,1272,262078.97,152352.5,109726.47,Asc,CA,Facebook - Prospecting - C04,180401,2718,1579.03,4401.7,Facebook,278.7597449066832,8.752889396400242,0.5809529065489331,1.5066435330181098
2025-05-30,3695,1364,1272,262078.97,152352.5,109726.47,Prospecting,NY,Facebook - ASC - C05,177915,2289,1927.23,4362.87,Facebook,226.38034899830325,10.832307562600118,0.8419528178243775,1.2865694292218195
2025-05-30,3695,1364,1272,262078.97,152352.5,109726.47,Asc,NY,Facebook - ASC - C06,253663,3827,2449.41,7585.07,Facebook,309.66926729293994,9.656157973374121,0.6400339691664488,1.5086946066237488
2025-05-30,3695,1364,1272,262078.97,152352.5,109726.47,Asc,NY,Facebook - ASC - C07,155942,2554,2175.83,5829.34,Facebook,267.91339396919795,13.952815790486206,0.851930305403289,1.6377884085108565
2025-05-30,3695,1364,1272,262078.97,152352.5,109726.47,Asc,CA,Facebook - Prospecting - C08,243116,3545,3338.04,8955.56,Facebook,268.28797737594516,13.730235772223958,0.9416191819464034,1.4581516642261307
2025-05-30,3695,1364,1272,262078.97,152352.5,109726.47,Prospecting,CA,Facebook - Prospecting - C09,148918,1876,2027.59,4620.56,Facebook,227.88433559052868,13.615479659947084,1.0808049040511727,1.259753689950174
2025-05-30,3695,1364,1272,262078.97,152352.5,109726.47,Prospecting,CA,Facebook - ASC - C10,231091,2635,2828.18,6744.19,Facebook,238.4639591539435,12.238382282304373,1.073313092979127,1.1402434538774768
2025-05-30,3695,1364,1272,262078.97,152352.5,109726.47,Non-Branded Search,CA,Google - Display - C01,97895,4340,609.97,1707.49,Google,279.9301604996967,6.230859594463456,0.14054608294930876,4.433321415802646
2025-05-30,3695,1364,1272,262078.97,152352.5,109726.47,Non-Branded Search,NY,Google - Non-Branded Search - C02,246006,10771,2055.49,6229.13,Google,303.04842154425467,8.355446615123208,0.19083557701234796,4.378348495565149
2025-05-30,3695,1364,1272,262078.97,152352.5,109726.47,Non-Branded Search,CA,Google - Non-Branded Search - C03,185721,8014,1034.24,3782.0,Google,365.67914603960395,5.568783282450558,0.1290541552283504,4.315074762681657
2025-05-30,3695,1364,1272,262078.97,152352.5,109726.47,Non-Branded Search,NY,Google - Non-Branded Search - C04,225072,9565,928.06,2959.14,Google,318.852229381721,4.123391625790858,0.09702665969681129,4.249751190730078
2025-05-30,3695,1364,1272,262078.97,152352.5,109726.47,Non-Branded Search,CA,Google - Non-Branded Search - C05,150546,6515,1333.44,4257.53,Google,319.2892068634509,8.857359212466621,0.20467229470452802,4.327580938716405
2025-05-30,3695,1364,1272,262078.97,152352.5,109726.47,Display,CA,Google - Non-Branded Search - C06,262553,1154,1184.37,2045.44,Google,172.70278713577684,4.510974926967126,1.026317157712305,0.4395303043575964
2025-05-30,3695,1364,1272,262078.97,152352.5,109726.47,Non-Branded Search,CA,Google - Display - C07,222480,10636,1167.39,4136.21,Google,354.31261189491084,5.247168284789644,0.10975836780744642,4.780654440848616
2025-05-30,3695,1364,1272,262078.97,152352.5,109726.47,Non-Branded Search,CA,Google - Display - C08,301170,13720,2904.44,9154.68,Google,315.1960446764265,9.643855629710796,0.2116938775510204,4.555566623501677
2025-05-30,3695,1364,1272,262078.97,152352.5,109726.47,Non-Branded Search,CA,Google - Display - C09,245299,10211,1635.44,5506.35,Google,336.68920902020255,6.667128687846262,0.1601645284497111,4.162674939563553
2025-05-30,3695,1364,1272,262078.97,152352.5,109726.47,Non-Branded Search,NY,Google - Non-Branded Search - C10,183045,7908,1047.32,2948.55,Google,281.5328648359623,5.721653145401404,0.13243803743045016,4.320249119069081
2025-05-30,3695,1364,1272,262078.97,152352.5,109726.47,Retargeting,CA,TikTok - Retargeting - C01,225798,3582,1178.52,2995.61,TikTok,254.184061365102,5.219355353014641,0.32901172529313233,1.5863736614141846
2025-05-30,3695,1364,1272,262078.97,152352.5,109726.47,Retargeting,CA,TikTok - Retargeting - C02,99196,1608,546.46,1474.22,TikTok,269.7763788749405,5.508891487559983,0.33983830845771146,1.621033106173636
2025-05-30,3695,1364,1272,262078.97,152352.5,109726.47,Spark Ads,CA,TikTok - Retargeting - C03,68050,972,698.77,1784.16,TikTok,255.32864891165906,10.268479059515062,0.7188991769547325,1.4283614988978692
2025-05-30,3695,1364,1272,262078.97,152352.5,109726.47,Spark Ads,CA,TikTok - Spark Ads - C04,135835,1855,1345.44,3455.85,TikTok,256.856493043168,9.904958221371517,0.7253045822102426,1.3656274156145323
2025-05-30,3695,1364,1272,262078.97,152352.5,109726.47,Spark Ads,CA,TikTok - Spark Ads - C05,190172,2687,1888.03,4031.46,TikTok,213.5273274259413,9.928012536020024,0.702653516933383,1.4129314515280904
2025-05-30,3695,1364,1272,262078.97,152352.5,109726.47,Retargeting,CA,TikTok - Spark Ads - C06,130630,2103,1547.4,4352.92,TikTok,281.3054155357373,11.845670979101278,0.735805991440799,1.6098905305060092
2025-05-30,3695,1364,1272,262078.97,152352.5,109726.47,Retargeting,CA,TikTok - Retargeting - C07,102878,1794,1034.53,3578.1,TikTok,345.8672053976202,10.055891444234918,0.5766610925306578,1.7438130601294737
2025-05-30,3695,1364,1272,262078.97,152352.5,109726.47,Retargeting,CA,TikTok - Spark Ads - C08,125281,1869,951.0,2795.3,TikTok,293.9327024185069,7.590935576823301,0.5088282504012841,1.4918463294513933
2025-05-30,3695,1364,1272,262078.97,152352.5,109726.47,Retargeting,CA,TikTok - Spark Ads - C09,89263,1455,759.51,2384.42,TikTok,313.9418835828363,8.508676607328903,0.522,1.6300146757335068
2025-05-30,3695,1364,1272,262078.97,152352.5,109726.47,Retargeting,CA,TikTok - Retargeting - C10,127718,2093,1274.15,3569.27,TikTok,280.12949809677036,9.976275857749105,0.6087673196368849,1.63876665779295
2025-05-31,2839,1143,1124,311053.4,191986.06,119067.34,Asc,NY,Facebook - ASC - C01,183112,2798,1964.58,5195.72,Facebook,264.4697594396767,10.728843549303159,0.7021372408863473,1.5280265629778496
2025-05-31,2839,1143,1124,311053.4,191986.06,119067.34,Prospecting,NY,Facebook - Prospecting - C02,339824,3682,2610.02,6253.16,Facebook,239.5828384456824,7.680505202693159,0.7088593155893536,1.0835020481190263
2025-05-31,2839,1143,1124,311053.4,191986.06,119067.34,Prospecting,NY,Facebook - Prospecting - C03,109443,1402,1432.96,4015.79,Facebook,280.24438923626616,13.093208336759774,1.0220827389443652,1.2810321354495033
2025-05-31,2839,1143,1124,311053.4,191986.06,119067.34,Asc,CA,Facebook - Prospecting - C04,164698,2456,920.73,2669.25,Facebook,289.9058355869799,5.590413969811412,0.3748900651465798,1.491214222394929
2025-05-31,2839,1143,1124,311053.4,191986.06,119067.34,Prospecting,NY,Facebook - ASC - C05,212367,2576,1655.71,3736.46,Facebook,225.67116222043717,7.796456134898548,0.6427445652173913,1.2129944859606248
2025-05-31,2839,1143,1124,311053.4,191986.06,119067.34,Asc,NY,Facebook - ASC - C06,185393,2770,2745.27,6985.22,Facebook,254.44564651200062,14.807840641232408,0.991072202166065,1.4941232948385321
2025-05-31,2839,1143,1124,311053.4,191986.06,119067.34,Asc,NY,Facebook - ASC - C07,95740,1356,1287.43,3115.46,Facebook,241.9906325004078,13.447148527261332,0.9494321533923304,1.416335909755588
2025-05-31,2839,1143,1124,311053.4,191986.06,119067.34,Asc,CA,Facebook - Prospecting - C08,303689,4127,3719.54,9635.17,Facebook,259.04197830914575,12.24785882926283,0.9012696874242792,1.358956037261804
2025-05-31,2839,1143,1124,311053.4,191986.06,119067.34,Prospecting,CA,Facebook - Prospecting - C09,72274,931,740.05,1694.65,Facebook,228.99128437267754,10.239505216260342,0.7948979591836735,1.2881534161662562
2025-05-31,2839,1143,1124,311053.4,191986.06,119067.34,Prospecting,CA,Facebook - ASC - C10,304431,3916,2462.59,5507.23,Facebook,223.63568438107842,8.089156491947273,0.6288534218590399,1.2863341775311974
2025-05-31,2839,1143,1124,311053.4,191986.06,119067.34,Non-Branded Search,CA,Google - Display - C01,169283,7778,723.29,2302.16,Google,318.2900358085968,4.272667663025821,0.09299177166366675,4.5946728259778
2025-05-31,2839,1143,1124,311053.4,191986.06,119067.34,Non-Branded Search,NY,Google - Non-Branded Search - C02,175332,8073,1293.78,4908.4,Google,379.384439394642,7.379029498323181,0.16026012634708287,4.604407638080898
2025-05-31,2839,1143,1124,311053.4,191986.06,119067.34,Non-Branded Search,CA,Google - Non-Branded Search - C03,210950,9639,1464.83,4586.82,Google,313.12985124553705,6.943967764873192,0.15196908392986824,4.569329224934818
2025-05-31,2839,1143,1124,311053.4,191986.06,119067.34,Non-Branded Search,NY,Google - Non-Branded Search - C04,192374,8468,955.72,3366.85,Google,352.28414179885317,4.968031022903303,0.1128625413320737,4.401842244793995
2025-05-31,2839,1143,1124,311053.4,191986.06,119067.34,Non-Branded Search,CA,Google - Non-Branded Search - C05,118962,5873,930.61,3141.42,Google,337.56568272423465,7.822750121887661,0.1584556444747148,4.936870597333602
2025-05-31,2839,1143,1124,311053.4,191986.06,119067.34,Display,CA,Google - Non-Branded Search - C06,113477,417,1189.43,1625.86,Google,136.69236525058218,10.481683512958574,2.852350119904077,0.367475347427232
2025-05-31,2839,1143,1124,311053.4,191986.06,119067.34,Non-Branded Search,CA,Google - Display - C07,249536,12129,1515.55,4122.73,Google,272.02863646860874,6.073472364708899,0.12495259295902382,4.86062131315722
2025-05-31,2839,1143,1124,311053.4,191986.06,119067.34,Non-Branded Search,CA,Google - Display - C08,461314,21015,3400.9,11806.84,Google,347.16810256108676,7.372202014246262,0.1618320247442303,4.5554654747092
2025-05-31,2839,1143,1124,311053.4,191986.06,119067.34,Non-Branded Search,CA,Google - Display - C09,153812,7045,1091.29,3570.06,Google,327.1412731721174,7.094960081138012,0.154902767920511,4.58026681923387
2025-05-31,2839,1143,1124,311053.4,191986.06,119067.34,Non-Branded Search,NY,Google - Non-Branded Search - C10,336921,16316,1695.99,5626.39,Google,331.746649449584,5.033791304192971,0.10394643294925227,4.842678253952707
2025-05-31,2839,1143,1124,311053.4,191986.06,119067.34,Retargeting,CA,TikTok - Retargeting - C01,106068,1835,756.51,2331.25,TikTok,308.1585174022815,7.132311347437493,0.41226702997275205,1.730022249877437
2025-05-31,2839,1143,1124,311053.4,191986.06,119067.34,Retargeting,CA,TikTok - Retargeting - C02,129500,2034,1480.65,4456.97,TikTok,301.0144193428562,11.433590733590734,0.7279498525073747,1.5706563706563708
2025-05-31,2839,1143,1124,311053.4,191986.06,119067.34,Spark Ads,CA,TikTok - Retargeting - C03,160654,1999,796.1,1848.3,TikTok,232.16932546162542,4.955369925429806,0.3982491245622812,1.244288968839867
2025-05-31,2839,1143,1124,311053.4,191986.06,119067.34,Spark Ads,CA,TikTok - Spark Ads - C04,119970,1426,1296.98,3371.21,TikTok,259.92767814461286,10.810869384012669,0.9095231416549789,1.1886304909560723
2025-05-31,2839,1143,1124,311053.4,191986.06,119067.34,Spark Ads,CA,TikTok - Spark Ads - C05,110671,1541,1155.41,2777.12,TikTok,240.35796816714412,10.440043010364054,0.7497793640493187,1.392415357229988
2025-05-31,2839,1143,1124,311053.4,191986.06,119067.34,Retargeting,CA,TikTok - Spark Ads - C06,178949,2993,1231.71,4032.86,TikTok,327.41960364046736,6.883022537147456,0.41153023722018045,1.6725435738674146
2025-05-31,2839,1143,1124,311053.4,191986.06,119067.34,Retargeting,CA,TikTok - Retargeting - C07,182490,2956,929.8,2609.79,TikTok,280.68294256829427,5.095073702668639,0.31454668470906627,1.6198147843717463
2025-05-31,2839,1143,1124,311053.4,191986.06,119067.34,Retargeting,CA,TikTok - Spark Ads - C08,173885,2891,1870.02,5952.39,TikTok,318.3062213238361,10.75434913879863,0.6468419232099619,1.6625930931362682
2025-05-31,2839,1143,1124,311053.4,191986.06,119067.34,Retargeting,CA,TikTok - Spark Ads - C09,95028,1510,618.27,1700.46,TikTok,275.0351788053763,6.506187649955802,0.4094503311258278,1.589005345792819
2025-05-31,2839,1143,1124,311053.4,191986.06,119067.34,Retargeting,CA,TikTok - Retargeting - C10,109955,1900,850.8,2457.54,TikTok,288.85049365303246,7.737710881724341,0.4477894736842105,1.7279796280296484
2025-06-01,2571,1279,1226,255879.74,135261.16,120618.58,Asc,NY,Facebook - ASC - C01,207865,3222,1318.24,3550.39,Facebook,269.3280434518752,6.341808385250042,0.40913718187461207,1.5500445000360812
2025-06-01,2571,1279,1226,255879.74,135261.16,120618.58,Prospecting,NY,Facebook - Prospecting - C02,195634,2393,1861.8,5052.46,Facebook,271.3750134278655,9.516750667061961,0.7780192227329712,1.2232025108110043
2025-06-01,2571,1279,1226,255879.74,135261.16,120618.58,Prospecting,NY,Facebook - Prospecting - C03,83409,968,492.98,1066.0,Facebook,216.2359527769889,5.910393362826554,0.5092768595041323,1.1605462240285822
2025-06-01,2571,1279,1226,255879.74,135261.16,120618.58,Asc,CA,Facebook - Prospecting - C04,192550,3003,1833.87,5461.54,Facebook,297.81500324450485,9.524123604258634,0.6106793206793206,1.5595949104128797
2025-06-01,2571,1279,1226,255879.74,135261.16,120618.58,Prospecting,NY,Facebook - ASC - C05,132609,1437,1017.57,2291.75,Facebook,225.21792112581934,7.673461077302446,0.7081210855949895,1.083636857226885
2025-06-01,2571,1279,1226,255879.74,135261.16,120618.58,Asc,NY,Facebook - ASC - C06,159375,2544,1632.1,3869.23,Facebook,237.07064518105508,10.240627450980393,0.6415487421383648,1.596235294117647
2025-06-01,2571,1279,1226,255879.74,135261.16,120618.58,Asc,NY,Facebook - ASC - C07,146513,2119,1297.83,3945.96,Facebook,304.0429023832089,8.858121804891033,0.612472864558754,1.4462880426992828
2025-06-01,2571,1279,1226,255879.74,135261.16,120618.58,Asc,CA,Facebook - Prospecting - C08,156972,2424,1911.22,4562.44,Facebook,238.71872416571614,12.175547231353361,0.788457095709571,1.5442244476721962
2025-06-01,2571,1279,1226,255879.74,135261.16,120618.58,Prospecting,CA,Facebook - Prospecting - C09,114655,1330,1451.31,3424.24,Facebook,235.94132197807497,12.658061139941564,1.0912105263157894,1.1600017443635253
2025-06-01,2571,1279,1226,255879.74,135261.16,120618.58,Prospecting,CA,Facebook - ASC - C10,161405,1780,1727.88,4316.73,Facebook,249.82811306340716,10.705244571109942,0.9707191011235956,1.1028158978965954
2025-06-01,2571,1279,1226,255879.74,135261.16,120618.58,Non-Branded Search,CA,Google - Display - C01,109684,4736,472.54,1426.87,Google,301.95750624285773,4.3081944495095,0.09977618243243244,4.317858575544291
2025-06-01,2571,1279,1226,255879.74,135261.16,120618.58,Non-Branded Search,NY,Google - Non-Branded Search - C02,168714,7337,1342.78,3618.33,Google,269.4655863209163,7.958912716194269,0.1830148562082595,4.348779591498038
2025-06-01,2571,1279,1226,255879.74,135261.16,120618.58,Non-Branded Search,CA,Google - Non-Branded Search - C03,111123,5175,984.98,3024.62,Google,307.07425531482875,8.863871565742466,0.19033429951690822,4.657001700818012
2025-06-01,2571,1279,1226,255879.74,135261.16,120618.58,Non-Branded Search,NY,Google - Non-Branded Search - C04,323876,13253,2845.66,8713.95,Google,306.21894393567754,8.786263878768416,0.21471817701652454,4.091998172139954
2025-06-01,2571,1279,1226,255879.74,135261.16,120618.58,Non-Branded Search,CA,Google - Non-Branded Search - C05,251205,11893,830.45,3132.46,Google,377.2003130832681,3.305865727194921,0.069826788867401,4.73438028701658
2025-06-01,2571,1279,1226,255879.74,135261.16,120618.58,Display,CA,Google - Non-Branded Search - C06,107217,399,302.56,481.14,Google,159.02300370174513,2.8219405504724064,0.7582957393483709,0.3721424774056353
2025-06-01,2571,1279,1226,255879.74,135261.16,120618.58,Non-Branded Search,CA,Google - Display - C07,253357,12031,1931.18,6545.64,Google,338.9451009227519,7.622366857833018,0.16051699775579753,4.748635324857809
2025-06-01,2571,1279,1226,255879.74,135261.16,120618.58,Non-Branded Search,CA,Google - Display - C08,332507,16447,2360.53,7604.46,Google,322.15053399024794,7.099188889256467,0.14352343892503194,4.9463620314760295
2025-06-01,2571,1279,1226,255879.74,135261.16,120618.58,Non-Branded Search,CA,Google - Display - C09,238837,10797,1150.57,4120.56,Google,358.13205628514567,4.8173859159175505,0.10656386033157358,4.520656347215883
2025-06-01,2571,1279,1226,255879.74,135261.16,120618.58,Non-Branded Search,NY,Google - Non-Branded Search - C10,759662,33447,7294.45,24136.26,Google,330.8852620828164,9.602230992204428,0.2180898137351631,4.402879175212133
2025-06-01,2571,1279,1226,255879.74,135261.16,120618.58,Retargeting,CA,TikTok - Retargeting - C01,203595,3520,1513.58,5097.56,TikTok,336.78827680069776,7.434269014464991,0.42999431818181816,1.728922615977799
2025-06-01,2571,1279,1226,255879.74,135261.16,120618.58,Retargeting,CA,TikTok - Retargeting - C02,100604,1740,1121.5,3230.93,TikTok,288.09005795809185,11.147668084768002,0.6445402298850574,1.7295534968788515
2025-06-01,2571,1279,1226,255879.74,135261.16,120618.58,Spark Ads,CA,TikTok - Retargeting - C03,135579,1921,762.93,1996.67,TikTok,261.7107729411611,5.627198902484897,0.3971525247267048,1.4168860959293106
2025-06-01,2571,1279,1226,255879.74,135261.16,120618.58,Spark Ads,CA,TikTok - Spark Ads - C04,111879,1446,1091.93,2392.45,TikTok,219.1028728947826,9.759919198419722,0.7551383125864454,1.2924677553428257
2025-06-01,2571,1279,1226,255879.74,135261.16,120618.58,Spark Ads,CA,TikTok - Spark Ads - C05,90704,1214,824.49,2306.16,TikTok,279.70745551795653,9.089896807197036,0.6791515650741351,1.3384194743340978
2025-06-01,2571,1279,1226,255879.74,135261.16,120618.58,Retargeting,CA,TikTok - Spark Ads - C06,162430,2794,701.1,2310.87,TikTok,329.60633290543433,4.316320876685341,0.25093056549749465,1.7201255925629502
2025-06-01,2571,1279,1226,255879.74,135261.16,120618.58,Retargeting,CA,TikTok - Retargeting - C07,133921,2210,889.02,2959.92,TikTok,332.94189107106706,6.6383912903876166,0.4022714932126697,1.6502266261452645
2025-06-01,2571,1279,1226,255879.74,135261.16,120618.58,Retargeting,CA,TikTok - Spark Ads - C08,260192,3882,2193.47,5937.08,TikTok,270.6706724960907,8.430197700159882,0.5650360638845955,1.4919751568072808
2025-06-01,2571,1279,1226,255879.74,135261.16,120618.58,Retargeting,CA,TikTok - Spark Ads - C09,88331,1550,804.23,2539.95,TikTok,315.8238314909914,9.104731068367844,0.518858064516129,1.7547633333710702
2025-06-01,2571,1279,1226,255879.74,135261.16,120618.58,Retargeting,CA,TikTok - Retargeting - C10,242642,4039,1428.71,4504.09,TikTok,315.25572019514107,5.888139728488885,0.3537286457043823,1.6645922799845039
2025-06-02,3118,1242,1205,307232.77,148210.99,159021.78,Asc,NY,Facebook - ASC - C01,88685,1422,990.18,2627.67,Facebook,265.3729624916682,11.165135028471557,0.6963291139240506,1.6034278626599765
2025-06-02,3118,1242,1205,307232.77,148210.99,159021.78,Prospecting,NY,Facebook - Prospecting - C02,231483,3039,2860.19,6029.9,Facebook,210.82165870099536,12.355939745035274,0.9411615663047055,1.3128393877736162
2025-06-02,3118,1242,1205,307232.77,148210.99,159021.78,Prospecting,NY,Facebook - Prospecting - C03,90751,1139,684.11,1748.25,Facebook,255.55100787884987,7.538319136979207,0.6006233538191396,1.255082588621613
2025-06-02,3118,1242,1205,307232.77,148210.99,159021.78,Asc,CA,Facebook - Prospecting - C04,210481,3395,1406.88,4127.46,Facebook,293.37683384510404,6.68411875656235,0.41439764359351994,1.612972192264385
2025-06-02,3118,1242,1205,307232.77,148210.99,159021.78,Prospecting,NY,Facebook - ASC - C05,108975,1278,1279.61,3125.21,Facebook,244.23144551855646,11.742234457444368,1.0012597809076682,1.1727460426703373
2025-06-02,3118,1242,1205,307232.77,148210.99,159021.78,Asc,NY,Facebook - ASC - C06,160579,2361,2050.3,6142.59,Facebook,299.5946934594937,12.768170184146122,0.8684032189750107,1.4703043361834363
2025-06-02,3118,1242,1205,307232.77,148210.99,159021.78,Asc,NY,Facebook - ASC - C07,195010,2716,2272.31,5536.37,Facebook,243.64501322442803,11.652274242346547,0.8366384388807069,1.3927490897902672
2025-06-02,3118,1242,1205,307232.77,148210.99,159021.78,Asc,CA,Facebook - Prospecting - C08,246320,3824,2547.68,7522.84,Facebook,295.2819820385606,10.34296849626502,0.6662343096234309,1.5524520948359857
2025-06-02,3118,1242,1205,307232.77,148210.99,159021.78,Prospecting,CA,Facebook - Prospecting - C09,263067,3334,3448.96,9446.02,Facebook,273.88024215995546,13.110576393086172,1.034481103779244,1.2673577453652491
2025-06-02,3118,1242,1205,307232.77,148210.99,159021.78,Prospecting,CA,Facebook - ASC - C10,279893,3435,2253.38,4967.82,Facebook,220.460818858781,8.050862293805134,0.6560058224163028,1.2272547009035595
2025-06-02,3118,1242,1205,307232.77,148210.99,159021.78,Non-Branded Search,CA,Google - Display - C01,173885,8437,829.83,2262.39,Google,272.6329489172481,4.772292032090175,0.0983560507289321,4.852057394254824
2025-06-02,3118,1242,1205,307232.77,148210.99,159021.78,Non-Branded Search,NY,Google - Non-Branded Search - C02,148416,6236,949.63,3419.32,Google,360.0686583195561,6.398434131090988,0.15228191148171905,4.201703320396723
2025-06-02,3118,1242,1205,307232.77,148210.99,159021.78,Non-Branded Search,CA,Google - Non-Branded Search - C03,217504,10087,1360.0,3875.88,Google,284.99117647058824,6.252758569957334,0.1348270050560127,4.637615859938208
2025-06-02,3118,1242,1205,307232.77,148210.99,159021.78,Non-Branded Search,NY,Google - Non-Branded Search - C04,210549,9374,1339.64,4227.8,Google,315.5922486638201,6.362604429372735,0.1429101770855558,4.452170278652475
2025-06-02,3118,1242,1205,307232.77,148210.99,159021.78,Non-Branded Search,CA,Google - Non-Branded Search - C05,327150,15497,2507.16,7836.59,Google,312.5684040906843,7.663640531866116,0.16178357101374458,4.736970808497631
2025-06-02,3118,1242,1205,307232.77,148210.99,159021.78,Display,CA,Google - Non-Branded Search - C06,146109,557,827.56,1443.43,Google,174.41998163275173,5.663990582373433,1.4857450628366247,0.3812222381920347
2025-06-02,3118,1242,1205,307232.77,148210.99,159021.78,Non-Branded Search,CA,Google - Display - C07,134911,5809,999.54,3793.8,Google,379.5545951137524,7.408884375625412,0.1720674814942331,4.3058016025379695
2025-06-02,3118,1242,1205,307232.77,148210.99,159021.78,Non-Branded Search,CA,Google - Display - C08,289697,11940,1110.58,3005.25,Google,270.6018476831926,3.833591649205894,0.09301340033500836,4.121547686030577
2025-06-02,3118,1242,1205,307232.77,148210.99,159021.78,Non-Branded Search,CA,Google - Display - C09,409949,16939,2449.24,8686.11,Google,354.6451144028352,5.97449926698199,0.14459177047051183,4.131977392309775
2025-06-02,3118,1242,1205,307232.77,148210.99,159021.78,Non-Branded Search,NY,Google - Non-Branded Search - C10,373097,18370,2154.47,6264.58,Google,290.77128017563484,5.774557286710962,0.11728198149156231,4.923652562202323
2025-06-02,3118,1242,1205,307232.77,148210.99,159021.78,Retargeting,CA,TikTok - Retargeting - C01,132674,2333,646.84,2085.55,TikTok,322.42130975202525,4.875408896995644,0.2772567509644235,1.758445513062092
2025-06-02,3118,1242,1205,307232.77,148210.99,159021.78,Retargeting,CA,TikTok - Retargeting - C02,123288,1780,1052.06,2859.7,TikTok,271.8190977700892,8.533352799948087,0.5910449438202247,1.4437739277139705
2025-06-02,3118,1242,1205,307232.77,148210.99,159021.78,Spark Ads,CA,TikTok - Retargeting - C03,158699,2080,1084.98,2418.69,TikTok,222.92484654095009,6.836716047360097,0.521625,1.3106572820244613
2025-06-02,3118,1242,1205,307232.77,148210.99,159021.78,Spark Ads,CA,TikTok - Spark Ads - C04,169480,2176,973.63,2425.59,TikTok,249.12851904727668,5.744807646919991,0.4474402573529412,1.28392730705688
2025-06-02,3118,1242,1205,307232.77,148210.99,159021.78,Spark Ads,CA,TikTok - Spark Ads - C05,208953,2618,1934.15,5142.51,TikTok,265.8795853475687,9.256387800127303,0.7387891520244462,1.2529133345776322
2025-06-02,3118,1242,1205,307232.77,148210.99,159021.78,Retargeting,CA,TikTok - Spark Ads - C06,140179,2069,611.96,2007.53,TikTok,328.0492189031963,4.365561175354369,0.2957757370710488,1.4759700097732187
2025-06-02,3118,1242,1205,307232.77,148210.99,159021.78,Retargeting,CA,TikTok - Retargeting - C07,161398,2388,941.47,3005.72,TikTok,319.25818135468995,5.8332197424999075,0.394250418760469,1.4795722375741953
2025-06-02,3118,1242,1205,307232.77,148210.99,159021.78,Retargeting,CA,TikTok - Spark Ads - C08,191779,3238,1865.34,5340.38,TikTok,286.29525984539015,9.726508116112818,0.5760778258184064,1.6884017541023781
2025-06-02,3118,1242,1205,307232.77,148210.99,159021.78,Retargeting,CA,TikTok - Spark Ads - C09,123680,2087,840.23,2679.73,TikTok,318.928150625424,6.79358020698577,0.4026018207954001,1.6874191461837
2025-06-02,3118,1242,1205,307232.77,148210.99,159021.78,Retargeting,CA,TikTok - Retargeting - C10,189566,3026,1835.89,5283.0,TikTok,287.76233870220983,9.68470084297817,0.6067052214144085,1.5962778135319624
2025-06-03,3281,1413,1428,347768.64,210208.71,137559.93,Asc,NY,Facebook - ASC - C01,136907,2189,1204.86,3460.55,Facebook,287.21594210115705,8.800572651507956,0.550415714938328,1.5988956006632238
2025-06-03,3281,1413,1428,347768.64,210208.71,137559.93,Prospecting,NY,Facebook - Prospecting - C02,150918,1935,1514.71,3730.26,Facebook,246.26892276409347,10.03664241508634,0.7827958656330749,1.2821532222796486
2025-06-03,3281,1413,1428,347768.64,210208.71,137559.93,Prospecting,NY,Facebook - Prospecting - C03,182790,2375,1716.68,4221.97,Facebook,245.93808980124425,9.391542206904097,0.7228126315789474,1.299305213633131
2025-06-03,3281,1413,1428,347768.64,210208.71,137559.93,Asc,CA,Facebook - Prospecting - C04,120603,1639,1283.19,3639.41,Facebook,283.622066880197,10.639785079973135,0.7829103111653447,1.3590043365422089
2025-06-03,3281,1413,1428,347768.64,210208.71,137559.93,Prospecting,NY,Facebook - ASC - C05,155466,1826,1439.3,3249.56,Facebook,225.77363996387132,9.257972804343071,0.7882256297918948,1.174533338479153
2025-06-03,3281,1413,1428,347768.64,210208.71,137559.93,Asc,NY,Facebook - ASC - C06,249325,4009,2904.24,9737.03,Facebook,335.2694680880369,11.648410708914067,0.7244300324270391,1.6079414418931115
2025-06-03,3281,1413,1428,347768.64,210208.71,137559.93,Asc,NY,Facebook - ASC - C07,192064,2675,1741.88,4195.07,Facebook,240.8357636576572,9.069268577140953,0.651170093457944,1.3927649116961012
2025-06-03,3281,1413,1428,347768.64,210208.71,137559.93,Asc,CA,Facebook - Prospecting - C08,292176,4504,2973.13,9193.42,Facebook,309.21688590811704,10.175818684628444,0.6601087921847247,1.5415366080718471
2025-06-03,3281,1413,1428,347768.64,210208.71,137559.93,Prospecting,CA,Facebook - Prospecting - C09,134058,1726,1526.4,3303.74,Facebook,216.4399895178197,11.386116457055902,0.8843568945538819,1.2875024243238002
2025-06-03,3281,1413,1428,347768.64,210208.71,137559.93,Prospecting,CA,Facebook - ASC - C10,148707,1712,1883.57,4584.65,Facebook,243.40215654316006,12.666316985750502,1.100216121495327,1.1512571701399397
2025-06-03,3281,1413,1428,347768.64,210208.71,137559.93,Non-Branded Search,CA,Google - Display - C01,274751,12731,2957.68,8746.0,Google,295.7047415541911,10.764947170346968,0.23232110596182545,4.633650105004167
2025-06-03,3281,1413,1428,347768.64,210208.71,137559.93,Non-Branded Search,NY,Google - Non-Branded Search - C02,156376,6536,1052.76,2814.33,Google,267.3287358942209,6.73223512559472,0.16107099143206854,4.179669514503504
2025-06-03,3281,1413,1428,347768.64,210208.71,137559.93,Non-Branded Search,CA,Google - Non-Branded Search - C03,287813,13492,1928.37,6241.83,Google,323.68425146626424,6.700079565551243,0.1429269196560925,4.687766014738736
2025-06-03,3281,1413,1428,347768.64,210208.71,137559.93,Non-Branded Search,NY,Google - Non-Branded Search - C04,161945,8005,745.02,2197.9,Google,295.0122144371963,4.600450770323258,0.09306933166770769,4.943036215999259
2025-06-03,3281,1413,1428,347768.64,210208.71,137559.93,Non-Branded Search,CA,Google - Non-Branded Search - C05,158272,6782,818.81,2536.4,Google,309.7666125230518,5.173435604528912,0.12073282217634915,4.285028305701577
2025-06-03,3281,1413,1428,347768.64,210208.71,137559.93,Display,CA,Google - Non-Branded Search - C06,191132,720,2057.5,2785.2,Google,135.3681652490887,10.76481175313396,2.857638888888889,0.3767030115312977
2025-06-03,3281,1413,1428,347768.64,210208.71,137559.93,Non-Branded Search,CA,Google - Display - C07,154165,7466,1102.77,3418.03,Google,309.94949082764316,7.15318003437875,0.1477055987141709,4.842863166088282
2025-06-03,3281,1413,1428,347768.64,210208.71,137559.93,Non-Branded Search,CA,Google - Display - C08,123033,6085,631.42,2050.8,Google,324.7917392543791,5.1321190249770385,0.10376663927691043,4.945827542204124
2025-06-03,3281,1413,1428,347768.64,210208.71,137559.93,Non-Branded Search,CA,Google - Display - C09,419810,19671,3597.1,13582.96,Google,377.60862917350084,8.56839999047188,0.1828630979614661,4.685691145994617
2025-06-03,3281,1413,1428,347768.64,210208.71,137559.93,Non-Branded Search,NY,Google - Non-Branded Search - C10,303097,13593,2012.17,7020.78,Google,348.9158470705755,6.638699822169141,0.14802986831457368,4.484702916887993
2025-06-03,3281,1413,1428,347768.64,210208.71,137559.93,Retargeting,CA,TikTok - Retargeting - C01,161747,2554,1771.0,4633.6,TikTok,261.6374929418408,10.949198439538291,0.6934220830070478,1.5790091933698926
2025-06-03,3281,1413,1428,347768.64,210208.71,137559.93,Retargeting,CA,TikTok - Retargeting - C02,111064,1765,547.13,1697.17,TikTok,310.1950176374902,4.92625873370309,0.30998866855524077,1.5891738096953107
2025-06-03,3281,1413,1428,347768.64,210208.71,137559.93,Spark Ads,CA,TikTok - Retargeting - C03,117637,1390,731.19,1787.66,TikTok,244.48638520767517,6.21564643777043,0.5260359712230216,1.181601026887799
2025-06-03,3281,1413,1428,347768.64,210208.71,137559.93,Spark Ads,CA,TikTok - Spark Ads - C04,168533,2389,1455.89,3015.03,TikTok,207.09188194163022,8.638604902304,0.6094139807450817,1.4175265378293866
2025-06-03,3281,1413,1428,347768.64,210208.71,137559.93,Spark Ads,CA,TikTok - Spark Ads - C05,525575,7248,3429.36,7829.41,TikTok,228.30528145193273,6.524967892308425,0.47314569536423845,1.3790610283974694
2025-06-03,3281,1413,1428,347768.64,210208.71,137559.93,Retargeting,CA,TikTok - Spark Ads - C06,138669,2278,1432.61,4387.25,TikTok,306.2417545598593,10.331148273947313,0.6288893766461808,1.6427608189285274
2025-06-03,3281,1413,1428,347768.64,210208.71,137559.93,Retargeting,CA,TikTok - Retargeting - C07,131103,2038,1094.16,3154.5,TikTok,288.3033559991226,8.345804443834238,0.5368792934249265,1.5545029480637362
2025-06-03,3281,1413,1428,347768.64,210208.71,137559.93,Retargeting,CA,TikTok - Spark Ads - C08,74147,1176,525.42,1443.26,TikTok,274.68691713296033,7.086193642359096,0.44678571428571423,1.586038545052396
2025-06-03,3281,1413,1428,347768.64,210208.71,137559.93,Retargeting,CA,TikTok - Spark Ads - C09,253930,3749,2735.8,8060.2,TikTok,294.61948972878133,10.77383530894341,0.7297412643371566,1.4763911314141693
2025-06-03,3281,1413,1428,347768.64,210208.71,137559.93,Retargeting,CA,TikTok - Retargeting - C10,216695,3734,2418.52,7967.62,TikTok,329.4419727767395,11.160940492397149,0.6477021960364221,1.7231592791711852
2025-06-04,3178,1486,1395,326038.67,187910.1,138128.57,Asc,NY,Facebook - ASC - C01,168633,2278,2535.25,6341.69,Facebook,250.14061729612465,15.034127365343675,1.112928007023705,1.350862523942526
2025-06-04,3178,1486,1395,326038.67,187910.1,138128.57,Prospecting,NY,Facebook - Prospecting - C02,216997,2465,1300.35,3177.86,Facebook,244.3849732764256,5.992479158698046,0.527525354969574,1.1359604049825573
2025-06-04,3178,1486,1395,326038.67,187910.1,138128.57,Prospecting,NY,Facebook - Prospecting - C03,130749,1430,1590.98,4146.03,Facebook,260.59598486467456,12.168200139198007,1.1125734265734266,1.093698613373716
2025-06-04,3178,1486,1395,326038.67,187910.1,138128.57,Asc,CA,Facebook - Prospecting - C04,327220,4686,1870.24,4746.81,Facebook,253.80753272307302,5.715543059715176,0.3991122492530943,1.4320640547643788
2025-06-04,3178,1486,1395,326038.67,187910.1,138128.57,Prospecting,NY,Facebook - ASC - C05,138243,1753,1674.64,4497.26,Facebook,268.5508527205847,12.113741744609131,0.9552994865944097,1.268056972143255
2025-06-04,3178,1486,1395,326038.67,187910.1,138128.57,Asc,NY,Facebook - ASC - C06,206832,2860,1948.07,4987.45,Facebook,256.02006088076917,9.418610273071865,0.6811433566433566,1.3827647559371858
2025-06-04,3178,1486,1395,326038.67,187910.1,138128.57,Asc,NY,Facebook - ASC - C07,128394,2057,1627.57,4586.05,Facebook,281.7728269751839,12.676371169992366,0.7912348079727759,1.6020997865943891
2025-06-04,3178,1486,1395,326038.67,187910.1,138128.57,Asc,CA,Facebook - Prospecting - C08,246163,4006,2042.97,5752.58,Facebook,281.57926939700536,8.299256996380446,0.5099775336994509,1.627376981918485
2025-06-04,3178,1486,1395,326038.67,187910.1,138128.57,Prospecting,CA,Facebook - Prospecting - C09,297374,3725,3717.38,8950.23,Facebook,240.7671532100565,12.500689367597706,0.9979543624161075,1.2526313665619726
2025-06-04,3178,1486,1395,326038.67,187910.1,138128.57,Prospecting,CA,Facebook - ASC - C10,216804,2473,2387.3,6428.36,Facebook,269.2732375486952,11.011328204276674,0.9653457339264052,1.1406616114093837
2025-06-04,3178,1486,1395,326038.67,187910.1,138128.57,Non-Branded Search,CA,Google - Display - C01,115625,4777,696.53,2544.21,Google,365.2692633483124,6.024043243243243,0.14580908519991626,4.131459459459459
2025-06-04,3178,1486,1395,326038.67,187910.1,138128.57,Non-Branded Search,NY,Google - Non-Branded Search - C02,189638,8535,736.95,2498.68,Google,339.05692380758524,3.886088231261667,0.0863444639718805,4.50068024341113
2025-06-04,3178,1486,1395,326038.67,187910.1,138128.57,Non-Branded Search,CA,Google - Non-Branded Search - C03,253442,12066,1252.74,4530.61,Google,361.6560499385347,4.942906069238721,0.10382396817503729,4.760852581655763
2025-06-04,3178,1486,1395,326038.67,187910.1,138128.57,Non-Branded Search,NY,Google - Non-Branded Search - C04,254529,11844,1471.59,4989.6,Google,339.0618310806679,5.781620169018068,0.12424772036474163,4.65330080265903
2025-06-04,3178,1486,1395,326038.67,187910.1,138128.57,Non-Branded Search,CA,Google - Non-Branded Search - C05,299967,13611,2127.09,7726.87,Google,363.2601347380693,7.091080018802069,0.15627727573286312,4.537499124903739
2025-06-04,3178,1486,1395,326038.67,187910.1,138128.57,Display,CA,Google - Non-Branded Search - C06,183602,784,766.05,1209.12,Google,157.83826121010378,4.172340170586376,0.9771045918367346,0.4270105990130827
2025-06-04,3178,1486,1395,326038.67,187910.1,138128.57,Non-Branded Search,CA,Google - Display - C07,230326,10298,1350.04,4373.15,Google,323.92743918698704,5.861431188836693,0.13109730044668869,4.471054071186058
2025-06-04,3178,1486,1395,326038.67,187910.1,138128.57,Non-Branded Search,CA,Google - Display - C08,302398,14869,857.47,2281.08,Google,266.02446732830305,2.835567695553542,0.05766830318111507,4.917029874536207
2025-06-04,3178,1486,1395,326038.67,187910.1,138128.57,Non-Branded Search,CA,Google - Display - C09,212051,10298,954.01,3259.49,Google,341.6620370855651,4.498964871658233,0.09264031850844824,4.856378889984013
2025-06-04,3178,1486,1395,326038.67,187910.1,138128.57,Non-Branded Search,NY,Google - Non-Branded Search - C10,265400,12174,2131.77,7153.3,Google,335.5568377451601,8.032290881688018,0.1751084277969443,4.5870384325546345
2025-06-04,3178,1486,1395,326038.67,187910.1,138128.57,Retargeting,CA,TikTok - Retargeting - C01,186313,3183,1579.44,4051.2,TikTok,256.49597325634403,8.477347259718861,0.4962111215834119,1.7084154084792795
2025-06-04,3178,1486,1395,326038.67,187910.1,138128.57,Retargeting,CA,TikTok - Retargeting - C02,127163,2035,1012.36,3059.51,TikTok,302.21561499861707,7.961120766260627,0.49747420147420146,1.600308265769131
2025-06-04,3178,1486,1395,326038.67,187910.1,138128.57,Spark Ads,CA,TikTok - Retargeting - C03,208498,2727,2378.57,5524.87,TikTok,232.2769563224963,11.40811902272444,0.8722295562889623,1.3079262151195694
2025-06-04,3178,1486,1395,326038.67,187910.1,138128.57,Spark Ads,CA,TikTok - Spark Ads - C04,117159,1579,1393.28,3986.25,TikTok,286.1054490124024,11.892214853318993,0.8823812539582013,1.3477411039698188
2025-06-04,3178,1486,1395,326038.67,187910.1,138128.57,Spark Ads,CA,TikTok - Spark Ads - C05,67975,868,315.56,848.27,TikTok,268.8141716313855,4.642294961382861,0.3635483870967742,1.2769400514895182
2025-06-04,3178,1486,1395,326038.67,187910.1,138128.57,Retargeting,CA,TikTok - Spark Ads - C06,201737,3522,1595.05,5245.47,TikTok,328.85928340804367,7.906581341052954,0.45288188529244744,1.745837402162221
2025-06-04,3178,1486,1395,326038.67,187910.1,138128.57,Retargeting,CA,TikTok - Retargeting - C07,246206,4280,2178.55,6155.2,TikTok,282.53654953983147,8.848484602324882,0.5090070093457945,1.7383816803814691
2025-06-04,3178,1486,1395,326038.67,187910.1,138128.57,Retargeting,CA,TikTok - Spark Ads - C08,205400,3019,1657.06,5059.94,TikTok,305.3564747202877,8.067478091528725,0.5488771116263663,1.469814995131451
2025-06-04,3178,1486,1395,326038.67,187910.1,138128.57,Retargeting,CA,TikTok - Spark Ads - C09,171767,2761,900.02,2887.36,TikTok,320.81064865225215,5.239772482490816,0.3259760956175299,1.6074100380166156
2025-06-04,3178,1486,1395,326038.67,187910.1,138128.57,Retargeting,CA,TikTok - Retargeting - C10,147225,2479,776.09,2196.22,TikTok,282.985220786249,5.271455255561216,0.3130657523194837,1.683817286466293
2025-06-05,3256,1347,1363,264534.4,140613.06,123921.34,Asc,NY,Facebook - ASC - C01,269120,4427,2197.12,6647.5,Facebook,302.55516312263325,8.164090368608798,0.49629997741133947,1.6449910820451843
2025-06-05,3256,1347,1363,264534.4,140613.06,123921.34,Prospecting,NY,Facebook - Prospecting - C02,279706,3530,3024.43,7335.99,Facebook,242.55777121639449,10.81288924799611,0.8567790368271955,1.262039427112754
2025-06-05,3256,1347,1363,264534.4,140613.06,123921.34,Prospecting,NY,Facebook - Prospecting - C03,89736,1017,1049.94,2557.92,Facebook,243.62535002000115,11.70032094142819,1.0323893805309734,1.1333244182936615
2025-06-05,3256,1347,1363,264534.4,140613.06,123921.34,Asc,CA,Facebook - Prospecting - C04,148634,2083,990.29,2515.52,Facebook,254.01851982752527,6.662607478773362,0.4754152664426308,1.4014290135500624
2025-06-05,3256,1347,1363,264534.4,140613.06,123921.34,Prospecting,NY,Facebook - ASC - C05,145056,1863,1398.27,3322.26,Facebook,237.59788881975587,9.639518530774321,0.7505475040257649,1.2843315684976837
2025-06-05,3256,1347,1363,264534.4,140613.06,123921.34,Asc,NY,Facebook - ASC - C06,108293,1765,970.74,2808.21,Facebook,289.28549354100994,8.96401429455274,0.5499943342776205,1.6298375702954022
2025-06-05,3256,1347,1363,264534.4,140613.06,123921.34,Asc,NY,Facebook - ASC - C07,174466,2689,1730.55,5298.85,Facebook,306.1945624223513,9.919124643196955,0.6435663815544812,1.5412745176710647
2025-06-05,3256,1347,1363,264534.4,140613.06,123921.34,Asc,CA,Facebook - Prospecting - C08,246015,3965,3064.95,7118.4,Facebook,232.25174962071156,12.458386683738794,0.7730012610340479,1.6116903440847103
2025-06-05,3256,1347,1363,264534.4,140613.06,123921.34,Prospecting,CA,Facebook - Prospecting - C09,189732,2313,2862.84,6466.6,Facebook,225.88059409537382,15.088862184555056,1.2377172503242542,1.2190879767250649
2025-06-05,3256,1347,1363,264534.4,140613.06,123921.34,Prospecting,CA,Facebook - ASC - C10,178113,2197,2588.68,7144.4,Facebook,275.9862169136394,14.533919478084135,1.1782794720072827,1.2334866068170207
2025-06-05,3256,1347,1363,264534.4,140613.06,123921.34,Non-Branded Search,CA,Google - Display - C01,154640,6560,876.86,2924.64,Google,333.5355701024108,5.670331091567512,0.13366768292682926,4.242110708742887
2025-06-05,3256,1347,1363,264534.4,140613.06,123921.34,Non-Branded Search,NY,Google - Non-Branded Search - C02,271783,12564,1839.84,5580.94,Google,303.33833376815375,6.769518328960973,0.14643744030563513,4.62280569424872
2025-06-05,3256,1347,1363,264534.4,140613.06,123921.34,Non-Branded Search,CA,Google - Non-Branded Search - C03,191048,7898,1924.83,5344.26,Google,277.64841570424403,10.075112013734767,0.24371106609268167,4.134039613081529
2025-06-05,3256,1347,1363,264534.4,140613.06,123921.34,Non-Branded Search,NY,Google - Non-Branded Search - C04,190912,8570,976.95,2763.02,Google,282.82102461743176,5.117279165269863,0.11399649941656943,4.488979215554811
2025-06-05,3256,1347,1363,264534.4,140613.06,123921.34,Non-Branded Search,CA,Google - Non-Branded Search - C05,194856,7940,647.75,1787.7,Google,275.98610575067545,3.324249702344295,0.08158060453400504,4.074803957794474
2025-06-05,3256,1347,1363,264534.4,140613.06,123921.34,Display,CA,Google - Non-Branded Search - C06,105164,386,622.59,974.11,Google,156.4609132816139,5.920181811266213,1.6129274611398965,0.3670457571031912
2025-06-05,3256,1347,1363,264534.4,140613.06,123921.34,Non-Branded Search,CA,Google - Display - C07,195997,8131,959.17,2626.39,Google,273.81903103725097,4.893799394888697,0.11796458000245971,4.148532885707434
2025-06-05,3256,1347,1363,264534.4,140613.06,123921.34,Non-Branded Search,CA,Google - Display - C08,400172,17941,2506.46,9315.17,Google,371.64646553306255,6.263456713613147,0.1397057020232986,4.48332217146627
2025-06-05,3256,1347,1363,264534.4,140613.06,123921.34,Non-Branded Search,CA,Google - Display - C09,165456,8187,1237.69,3995.41,Google,322.81185110972854,7.480478193598298,0.15117747648711372,4.9481433130258194
2025-06-05,3256,1347,1363,264534.4,140613.06,123921.34,Non-Branded Search,NY,Google - Non-Branded Search - C10,190259,8217,1655.03,5274.03,Google,318.6667311166565,8.698826336730457,0.2014153584033102,4.318849568220163
2025-06-05,3256,1347,1363,264534.4,140613.06,123921.34,Retargeting,CA,TikTok - Retargeting - C01,191670,3195,1426.79,3631.85,TikTok,254.54692000925152,7.443992278395158,0.4465696400625978,1.6669275316951009
2025-06-05,3256,1347,1363,264534.4,140613.06,123921.34,Retargeting,CA,TikTok - Retargeting - C02,163970,2481,1830.04,6167.08,TikTok,336.99154116849905,11.160822101603951,0.7376219266424828,1.5130816612795024
2025-06-05,3256,1347,1363,264534.4,140613.06,123921.34,Spark Ads,CA,TikTok - Retargeting - C03,50914,621,466.56,1096.5,TikTok,235.01800411522632,9.163687787249087,0.751304347826087,1.219703814275052
2025-06-05,3256,1347,1363,264534.4,140613.06,123921.34,Spark Ads,CA,TikTok - Spark Ads - C04,127678,1565,687.94,1794.74,TikTok,260.8861237898654,5.388085652970755,0.4395782747603834,1.2257397515625246
2025-06-05,3256,1347,1363,264534.4,140613.06,123921.34,Spark Ads,CA,TikTok - Spark Ads - C05,116070,1642,965.98,2071.98,TikTok,214.49512412265267,8.32239166020505,0.5882947624847746,1.4146635650900319
2025-06-05,3256,1347,1363,264534.4,140613.06,123921.34,Retargeting,CA,TikTok - Spark Ads - C06,145200,2317,567.12,1662.16,TikTok,293.0878826350684,3.9057851239669423,0.2447647820457488,1.5957300275482094
2025-06-05,3256,1347,1363,264534.4,140613.06,123921.34,Retargeting,CA,TikTok - Retargeting - C07,164191,2462,1203.02,3681.49,TikTok,306.02068128543164,7.32695458338155,0.4886352558895207,1.499473174534536
2025-06-05,3256,1347,1363,264534.4,140613.06,123921.34,Retargeting,CA,TikTok - Spark Ads - C08,141853,2145,1292.56,3684.51,TikTok,285.05523921520086,9.111968023235322,0.6025920745920745,1.5121287530048713
2025-06-05,3256,1347,1363,264534.4,140613.06,123921.34,Retargeting,CA,TikTok - Spark Ads - C09,392582,6117,4370.52,13175.64,TikTok,301.4661870898657,11.132756978159977,0.7144874938695439,1.5581458141229094
2025-06-05,3256,1347,1363,264534.4,140613.06,123921.34,Retargeting,CA,TikTok - Retargeting - C10,138645,2126,1448.03,4464.16,TikTok,308.2919552771697,10.444155937826823,0.6811053621825024,1.533412672653179
2025-06-06,2941,1080,1016,294622.51,150806.04,143816.47,Asc,NY,Facebook - ASC - C01,199471,3130,1483.14,4831.43,Facebook,325.75684021737663,7.43536654451023,0.47384664536741217,1.569150402815447
2025-06-06,2941,1080,1016,294622.51,150806.04,143816.47,Prospecting,NY,Facebook - Prospecting - C02,145510,1832,1874.03,4503.86,Facebook,240.3301974888342,12.879046113669164,1.0229421397379912,1.259019998625524
2025-06-06,2941,1080,1016,294622.51,150806.04,143816.47,Prospecting,NY,Facebook - Prospecting - C03,199543,2269,2174.42,4686.96,Facebook,215.54989376477405,10.896999644186966,0.9583164389598943,1.1370982695459124
2025-06-06,2941,1080,1016,294622.51,150806.04,143816.47,Asc,CA,Facebook - Prospecting - C04,174132,2376,2045.26,5006.29,Facebook,244.7752364002621,11.745457469046471,0.8607996632996633,1.3644821170146786
2025-06-06,2941,1080,1016,294622.51,150806.04,143816.47,Prospecting,NY,Facebook - ASC - C05,120747,1417,1323.31,3665.96,Facebook,277.02956979090317,10.959361309183663,0.9338814396612561,1.1735281207814687
2025-06-06,2941,1080,1016,294622.51,150806.04,143816.47,Asc,NY,Facebook - ASC - C06,195389,2863,1407.7,3665.91,Facebook,260.41841301413655,7.204602101448905,0.4916870415647922,1.4652820783155653
2025-06-06,2941,1080,1016,294622.51,150806.04,143816.47,Asc,NY,Facebook - ASC - C07,222228,3400,1699.18,4345.24,Facebook,255.72570298614625,7.646111201108772,0.4997588235294118,1.529960221034253
2025-06-06,2941,1080,1016,294622.51,150806.04,143816.47,Asc,CA,Facebook - Prospecting - C08,314809,4349,4171.31,10367.15,Facebook,248.5346330049792,13.250288270030401,0.959142331570476,1.3814725754346286
2025-06-06,2941,1080,1016,294622.51,150806.04,143816.47,Prospecting,CA,Facebook - Prospecting - C09,299396,3360,3677.26,10130.48,Facebook,275.489902808069,12.282261620061725,1.0944226190476192,1.122259482424615
2025-06-06,2941,1080,1016,294622.51,150806.04,143816.47,Prospecting,CA,Facebook - ASC - C10,234910,2676,3168.17,8487.64,Facebook,267.90355315529155,13.48673960240092,1.1839200298953663,1.13915967817462
2025-06-06,2941,1080,1016,294622.51,150806.04,143816.47,Non-Branded Search,CA,Google - Display - C01,230938,10020,1279.25,3372.14,Google,263.6028923197186,5.539365543998822,0.12766966067864272,4.338826871281469
2025-06-06,2941,1080,1016,294622.51,150806.04,143816.47,Non-Branded Search,NY,Google - Non-Branded Search - C02,194497,8922,683.32,2220.15,Google,324.90633963589534,3.5132675568260696,0.07658820892176643,4.587217283557073
2025-06-06,2941,1080,1016,294622.51,150806.04,143816.47,Non-Branded Search,CA,Google - Non-Branded Search - C03,260124,12536,2519.29,8142.27,Google,323.19701185651513,9.684957943134812,0.20096442246330568,4.819240054743122
2025-06-06,2941,1080,1016,294622.51,150806.04,143816.47,Non-Branded Search,NY,Google - Non-Branded Search - C04,291050,12508,2978.54,9853.43,Google,330.814090124692,10.233774265590105,0.23813079629037415,4.297543377426559
2025-06-06,2941,1080,1016,294622.51,150806.04,143816.47,Non-Branded Search,CA,Google - Non-Branded Search - C05,323522,13348,1779.07,5218.98,Google,293.35439302556955,5.499069615049363,0.13328363799820198,4.125839973788491
2025-06-06,2941,1080,1016,294622.51,150806.04,143816.47,Display,CA,Google - Non-Branded Search - C06,250606,929,2042.06,3090.09,Google,151.3221942548211,8.148488064930609,2.1981270182992465,0.3707014197585054
2025-06-06,2941,1080,1016,294622.51,150806.04,143816.47,Non-Branded Search,CA,Google - Display - C07,156240,6674,1050.65,3086.58,Google,293.7781373435492,6.724590373783923,0.15742433323344324,4.27163338453661
2025-06-06,2941,1080,1016,294622.51,150806.04,143816.47,Non-Branded Search,CA,Google - Display - C08,177978,7430,531.52,1593.7,Google,299.8381998795906,2.986436525862747,0.07153701211305517,4.174673274224904
2025-06-06,2941,1080,1016,294622.51,150806.04,143816.47,Non-Branded Search,CA,Google - Display - C09,261100,12011,1037.28,2808.48,Google,270.75428042572884,3.9727307545001915,0.0863608359004246,4.600153198008426
2025-06-06,2941,1080,1016,294622.51,150806.04,143816.47,Non-Branded Search,NY,Google - Non-Branded Search - C10,243496,10059,2125.66,7025.2,Google,330.49499920024846,8.729753260833853,0.2113192166219306,4.1310740217498445
2025-06-06,2941,1080,1016,294622.51,150806.04,143816.47,Retargeting,CA,TikTok - Retargeting - C01,165379,2447,1316.57,4378.71,TikTok,332.5846707732973,7.960926115165771,0.5380343277482632,1.4796316340043172
2025-06-06,2941,1080,1016,294622.51,150806.04,143816.47,Retargeting,CA,TikTok - Retargeting - C02,123657,1995,669.66,1825.98,TikTok,272.6726995788908,5.41546374244887,0.3356691729323308,1.6133336568087533
2025-06-06,2941,1080,1016,294622.51,150806.04,143816.47,Spark Ads,CA,TikTok - Retargeting - C03,186679,2406,1600.29,3640.18,TikTok,227.47002105868313,8.57241575110216,0.6651246882793017,1.2888434157028912
2025-06-06,2941,1080,1016,294622.51,150806.04,143816.47,Spark Ads,CA,TikTok - Spark Ads - C04,225995,2938,1125.97,3131.37,TikTok,278.10421236800266,4.982278368990465,0.38324370319945544,1.3000287616982675
2025-06-06,2941,1080,1016,294622.51,150806.04,143816.47,Spark Ads,CA,TikTok - Spark Ads - C05,140830,1955,1553.96,4362.06,TikTok,280.70606708023377,11.034296669743663,0.7948644501278772,1.388198537243485
2025-06-06,2941,1080,1016,294622.51,150806.04,143816.47,Retargeting,CA,TikTok - Spark Ads - C06,152432,2606,1593.23,3983.54,TikTok,250.02918599323385,10.45207043140548,0.6113699155794321,1.7096147790490186
2025-06-06,2941,1080,1016,294622.51,150806.04,143816.47,Retargeting,CA,TikTok - Retargeting - C07,108084,1661,1165.8,3463.13,TikTok,297.06038771658945,10.786055290329744,0.7018663455749549,1.5367676991969208
2025-06-06,2941,1080,1016,294622.51,150806.04,143816.47,Retargeting,CA,TikTok - Spark Ads - C08,131060,2245,1065.77,3670.88,TikTok,344.4345402854275,8.131924309476576,0.4747305122494432,1.7129558980619564
2025-06-06,2941,1080,1016,294622.51,150806.04,143816.47,Retargeting,CA,TikTok - Spark Ads - C09,136118,2313,1537.49,5054.09,TikTok,328.7234388516348,11.295273218824843,0.6647168179853005,1.699260935364904
2025-06-06,2941,1080,1016,294622.51,150806.04,143816.47,Retargeting,CA,TikTok - Retargeting - C10,93402,1543,1121.1,3144.42,TikTok,280.4763179020605,12.00295496884435,0.7265716137394685,1.651998886533479
2025-06-07,3588,1642,1592,312361.94,183159.55,129202.39,Asc,NY,Facebook - ASC - C01,199427,2815,1933.81,4657.49,Facebook,240.84527435477113,9.696831422024099,0.6869662522202487,1.411544073771355
2025-06-07,3588,1642,1592,312361.94,183159.55,129202.39,Prospecting,NY,Facebook - Prospecting - C02,263274,3065,1865.18,3750.58,Facebook,201.0840776761492,7.084558292881182,0.608541598694943,1.1641863609775367
2025-06-07,3588,1642,1592,312361.94,183159.55,129202.39,Prospecting,NY,Facebook - Prospecting - C03,202376,2615,1315.49,2893.17,Facebook,219.93097629020366,6.500227299679804,0.5030554493307839,1.2921492667114678
2025-06-07,3588,1642,1592,312361.94,183159.55,129202.39,Asc,CA,Facebook - Prospecting - C04,242452,3980,1890.11,4969.03,Facebook,262.89633936649193,7.795811129625657,0.47490201005025123,1.6415620411462888
2025-06-07,3588,1642,1592,312361.94,183159.55,129202.39,Prospecting,NY,Facebook - ASC - C05,130892,1517,1442.82,3420.35,Facebook,237.0600629323131,11.022980778046021,0.9511008569545154,1.1589707545151728
2025-06-07,3588,1642,1592,312361.94,183159.55,129202.39,Asc,NY,Facebook - ASC - C06,138624,1907,1284.07,4231.31,Facebook,329.5233125919927,9.262970337026777,0.6733455689564761,1.3756636657433057
2025-06-07,3588,1642,1592,312361.94,183159.55,129202.39,Asc,NY,Facebook - ASC - C07,376898,5133,4167.77,13160.23,Facebook,315.76190624722574,11.058084680735902,0.811955971166959,1.3619069350328206
2025-06-07,3588,1642,1592,312361.94,183159.55,129202.39,Asc,CA,Facebook - Prospecting - C08,338076,5488,3632.76,9882.01,Facebook,272.0248516279633,10.745394526674477,0.6619460641399417,1.6233036358688577
2025-06-07,3588,1642,1592,312361.94,183159.55,129202.39,Prospecting,CA,Facebook - Prospecting - C09,93099,1042,795.6,2234.26,Facebook,280.82704876822527,8.545741629877872,0.763531669865643,1.1192386599211592
2025-06-07,3588,1642,1592,312361.94,183159.55,129202.39,Prospecting,CA,Facebook - ASC - C10,152612,1713,1115.91,2757.24,Facebook,247.08444229373333,7.312072445155034,0.6514360770577934,1.1224543286242235
2025-06-07,3588,1642,1592,312361.94,183159.55,129202.39,Non-Branded Search,CA,Google - Display - C01,168557,8096,968.79,2669.72,Google,275.5726215175631,5.747551273456456,0.11966279644268775,4.803122979170251
2025-06-07,3588,1642,1592,312361.94,183159.55,129202.39,Non-Branded Search,NY,Google - Non-Branded Search - C02,171801,7314,1041.04,3528.34,Google,338.9245370014601,6.059568919854948,0.1423352474706043,4.257251121937591
2025-06-07,3588,1642,1592,312361.94,183159.55,129202.39,Non-Branded Search,CA,Google - Non-Branded Search - C03,140481,6396,573.49,1994.69,Google,347.8160037664127,4.082331418483638,0.08966385240775485,4.552928865825272
2025-06-07,3588,1642,1592,312361.94,183159.55,129202.39,Non-Branded Search,NY,Google - Non-Branded Search - C04,367235,15267,1336.7,4792.54,Google,358.5351986234757,3.6399036039593176,0.08755485688085413,4.157283483328114
2025-06-07,3588,1642,1592,312361.94,183159.55,129202.39,Non-Branded Search,CA,Google - Non-Branded Search - C05,279003,13567,2374.4,8002.77,Google,337.0438847708895,8.510302756601183,0.17501289894597186,4.862671727544148
2025-06-07,3588,1642,1592,312361.94,183159.55,129202.39,Display,CA,Google - Non-Branded Search - C06,436008,1682,2903.29,4761.76,Google,164.01255127803287,6.658799838535073,1.7260939357907252,0.385772738114897
2025-06-07,3588,1642,1592,312361.94,183159.55,129202.39,Non-Branded Search,CA,Google - Display - C07,296490,12869,2268.63,7348.09,Google,323.8998867157712,7.651624000809472,0.17628642474162717,4.340449930857702
2025-06-07,3588,1642,1592,312361.94,183159.55,129202.39,Non-Branded Search,CA,Google - Display - C08,206955,8921,1915.92,5545.09,Google,289.4217921416343,9.257664709719505,0.21476516085640623,4.310598922471068
2025-06-07,3588,1642,1592,312361.94,183159.55,129202.39,Non-Branded Search,CA,Google - Display - C09,214783,10609,1028.42,3343.89,Google,325.148285719842,4.7881815599931095,0.09693844848713357,4.939403956551496
2025-06-07,3588,1642,1592,312361.94,183159.55,129202.39,Non-Branded Search,NY,Google - Non-Branded Search - C10,193782,8484,792.05,2824.69,Google,356.63026324095705,4.087324932140239,0.09335808580858085,4.378115614453355
2025-06-07,3588,1642,1592,312361.94,183159.55,129202.39,Retargeting,CA,TikTok - Retargeting - C01,90676,1335,1105.49,3293.84,TikTok,297.9529439434097,12.191649389033481,0.8280823970037453,1.4722749128766155
2025-06-07,3588,1642,1592,312361.94,183159.55,129202.39,Retargeting,CA,TikTok - Retargeting - C02,147842,2209,802.03,2702.93,TikTok,337.01108437340247,5.424913082885784,0.36307378904481663,1.4941626871930844
2025-06-07,3588,1642,1592,312361.94,183159.55,129202.39,Spark Ads,CA,TikTok - Retargeting - C03,91148,1295,770.41,2221.2,TikTok,288.3140146155943,8.452297362531269,0.5949111969111969,1.4207662263571335
2025-06-07,3588,1642,1592,312361.94,183159.55,129202.39,Spark Ads,CA,TikTok - Spark Ads - C04,132713,1703,1353.53,3539.95,TikTok,261.5346538310935,10.198925500892905,0.794791544333529,1.2832201818962723
2025-06-07,3588,1642,1592,312361.94,183159.55,129202.39,Spark Ads,CA,TikTok - Spark Ads - C05,102035,1218,916.11,2218.29,TikTok,242.14231915381342,8.978389768216788,0.7521428571428571,1.1937080413583574
2025-06-07,3588,1642,1592,312361.94,183159.55,129202.39,Retargeting,CA,TikTok - Spark Ads - C06,122743,1973,1268.84,3841.54,TikTok,302.7600012609943,10.337371581271437,0.6431018753167764,1.6074236412667118
2025-06-07,3588,1642,1592,312361.94,183159.55,129202.39,Retargeting,CA,TikTok - Retargeting - C07,143352,2207,1048.41,3230.86,TikTok,308.16760618460336,7.3135359116022105,0.4750385138196647,1.5395669401194263
2025-06-07,3588,1642,1592,312361.94,183159.55,129202.39,Retargeting,CA,TikTok - Spark Ads - C08,170324,2692,754.24,2077.7,TikTok,275.4693466270683,4.428266128085296,0.2801783060921248,1.5805171320542026
2025-06-07,3588,1642,1592,312361.94,183159.55,129202.39,Retargeting,CA,TikTok - Spark Ads - C09,154517,2600,1260.74,3866.57,TikTok,306.6905150943097,8.15923167030165,0.4849,1.6826627490826251
2025-06-07,3588,1642,1592,312361.94,183159.55,129202.39,Retargeting,CA,TikTok - Retargeting - C10,87643,1283,845.71,2492.73,TikTok,294.74997339513544,9.64948712390037,0.659166017147311,1.463893294387458
2025-06-08,2351,1166,1108,238539.55,123202.23,115337.32,Asc,NY,Facebook - ASC - C01,156132,2542,1633.47,5040.63,Facebook,308.5841796910871,10.46210898470525,0.6425924468922108,1.6281095483308996
2025-06-08,2351,1166,1108,238539.55,123202.23,115337.32,Prospecting,NY,Facebook - Prospecting - C02,401221,5148,3319.15,8666.68,Facebook,261.1114291309522,8.272622818845475,0.6447455322455322,1.2830833879582575
2025-06-08,2351,1166,1108,238539.55,123202.23,115337.32,Prospecting,NY,Facebook - Prospecting - C03,208512,2640,2031.71,5613.6,Facebook,276.299274994955,9.743851672805404,0.7695871212121213,1.2661141804788214
2025-06-08,2351,1166,1108,238539.55,123202.23,115337.32,Asc,CA,Facebook - Prospecting - C04,167165,2614,1369.76,3527.95,Facebook,257.5597184908305,8.194059761313673,0.524009181331293,1.5637244638530792
2025-06-08,2351,1166,1108,238539.55,123202.23,115337.32,Prospecting,NY,Facebook - ASC - C05,143265,1806,1791.07,4455.57,Facebook,248.7658215480132,12.501797368512896,0.9917331118493908,1.260600984190137
2025-06-08,2351,1166,1108,238539.55,123202.23,115337.32,Asc,NY,Facebook - ASC - C06,244007,3492,2636.91,6861.95,Facebook,260.22693228058597,10.806698168495165,0.7551288659793814,1.4311064846500305
2025-06-08,2351,1166,1108,238539.55,123202.23,115337.32,Asc,NY,Facebook - ASC - C07,84677,1169,963.61,2936.0,Facebook,304.6875810753313,11.379831595356473,0.8243028229255774,1.3805401702941766
2025-06-08,2351,1166,1108,238539.55,123202.23,115337.32,Asc,CA,Facebook - Prospecting - C08,276513,4116,2132.6,5212.96,Facebook,244.44152677482887,7.712476447761949,0.5181243926141885,1.4885376094433174
2025-06-08,2351,1166,1108,238539.55,123202.23,115337.32,Prospecting,CA,Facebook - Prospecting - C09,167100,2135,1463.54,3686.0,Facebook,251.8550910805308,8.758467983243568,0.6854988290398126,1.2776780371035308
2025-06-08,2351,1166,1108,238539.55,123202.23,115337.32,Prospecting,CA,Facebook - ASC - C10,310551,4052,2256.16,5054.56,Facebook,224.0337564711723,7.265022492279851,0.5568015794669299,1.3047776371674862
2025-06-08,2351,1166,1108,238539.55,123202.23,115337.32,Non-Branded Search,CA,Google - Display - C01,228340,10923,1011.6,3675.99,Google,363.38374851720044,4.430235613558728,0.09261191980225213,4.783655951651046
2025-06-08,2351,1166,1108,238539.55,123202.23,115337.32,Non-Branded Search,NY,Google - Non-Branded Search - C02,107520,4886,707.17,2042.91,Google,288.88527511065234,6.577101934523809,0.1447339336880884,4.544270833333333
2025-06-08,2351,1166,1108,238539.55,123202.23,115337.32,Non-Branded Search,CA,Google - Non-Branded Search - C03,352255,15535,1707.27,5977.27,Google,350.10689580441294,4.846687768803849,0.1098982941744448,4.41015741437311
2025-06-08,2351,1166,1108,238539.55,123202.23,115337.32,Non-Branded Search,NY,Google - Non-Branded Search - C04,159514,6807,808.88,2503.68,Google,309.52428048659874,5.0709028674599095,0.11883061554282356,4.267337036247603
2025-06-08,2351,1166,1108,238539.55,123202.23,115337.32,Non-Branded Search,CA,Google - Non-Branded Search - C05,296238,12267,1385.89,3715.76,Google,268.11363095195145,4.678299205368656,0.11297709301377681,4.140927227431997
2025-06-08,2351,1166,1108,238539.55,123202.23,115337.32,Display,CA,Google - Non-Branded Search - C06,157482,646,1204.79,1894.72,Google,157.26558155363176,7.650334641419337,1.865,0.4102056107999645
2025-06-08,2351,1166,1108,238539.55,123202.23,115337.32,Non-Branded Search,CA,Google - Display - C07,253596,10737,1452.69,4922.82,Google,338.87615389381074,5.728363223394691,0.1352975691533948,4.233899588321583
2025-06-08,2351,1166,1108,238539.55,123202.23,115337.32,Non-Branded Search,CA,Google - Display - C08,480699,22789,4334.03,12771.43,Google,294.67793254776734,9.016099471810842,0.19018078897713808,4.740804536726725
2025-06-08,2351,1166,1108,238539.55,123202.23,115337.32,Non-Branded Search,CA,Google - Display - C09,226184,10496,1499.9,4006.22,Google,267.0991399426628,6.631326707459414,0.14290205792682928,4.6404697060800055
2025-06-08,2351,1166,1108,238539.55,123202.23,115337.32,Non-Branded Search,NY,Google - Non-Branded Search - C10,420012,17769,1816.5,6799.6,Google,374.3242499311864,4.324876432101941,0.1022286003714334,4.230593411616811
2025-06-08,2351,1166,1108,238539.55,123202.23,115337.32,Retargeting,CA,TikTok - Retargeting - C01,206586,3608,946.9,2446.98,TikTok,258.4201077199282,4.583563261789279,0.26244456762749446,1.7464881453728713
2025-06-08,2351,1166,1108,238539.55,123202.23,115337.32,Retargeting,CA,TikTok - Retargeting - C02,176737,2695,894.87,2894.1,TikTok,323.4101042609541,5.063286125712217,0.3320482374768089,1.524864629364536
2025-06-08,2351,1166,1108,238539.55,123202.23,115337.32,Spark Ads,CA,TikTok - Retargeting - C03,81711,1054,666.87,1600.23,TikTok,239.961311799901,8.161324668649264,0.6327039848197343,1.2899120069513283
2025-06-08,2351,1166,1108,238539.55,123202.23,115337.32,Spark Ads,CA,TikTok - Spark Ads - C04,187983,2497,1165.42,2795.62,TikTok,239.88090130596694,6.199603155604497,0.4667280736884261,1.32831160264492
2025-06-08,2351,1166,1108,238539.55,123202.23,115337.32,Spark Ads,CA,TikTok - Spark Ads - C05,150378,1812,577.72,1552.12,TikTok,268.66302014816864,3.841785367540465,0.3188300220750552,1.2049634920001595
2025-06-08,2351,1166,1108,238539.55,123202.23,115337.32,Retargeting,CA,TikTok - Spark Ads - C06,106182,1562,704.14,2042.1,TikTok,290.0133496179737,6.631444124239513,0.45079385403329064,1.4710591248987588
2025-06-08,2351,1166,1108,238539.55,123202.23,115337.32,Retargeting,CA,TikTok - Retargeting - C07,153090,2622,1159.99,3383.24,TikTok,291.6611350097845,7.5771768240904045,0.44240655987795574,1.712718009014305
2025-06-08,2351,1166,1108,238539.55,123202.23,115337.32,Retargeting,CA,TikTok - Spark Ads - C08,139569,2234,1508.74,4598.42,TikTok,304.78545011068843,10.809993623225788,0.6753536257833482,1.6006419763701107
2025-06-08,2351,1166,1108,238539.55,123202.23,115337.32,Retargeting,CA,TikTok - Spark Ads - C09,165180,2473,1411.94,4349.06,TikTok,308.02017082878876,8.547887153408404,0.5709421754953498,1.4971546192032934
2025-06-08,2351,1166,1108,238539.55,123202.23,115337.32,Retargeting,CA,TikTok - Retargeting - C10,274647,4325,1954.94,6117.7,TikTok,312.9354353586299,7.118009663313272,0.4520092485549133,1.574748677393163
2025-06-09,4688,1446,1416,332386.4,164252.25,168134.15,Asc,NY,Facebook - ASC - C01,196833,3153,1523.35,3914.97,Facebook,256.99740703055767,7.739301844710998,0.4831430383761497,1.6018655408391886
2025-06-09,4688,1446,1416,332386.4,164252.25,168134.15,Prospecting,NY,Facebook - Prospecting - C02,142975,1876,1030.41,2840.48,Facebook,275.66502654283244,7.206924287462844,0.5492590618336888,1.3121175030599757
2025-06-09,4688,1446,1416,332386.4,164252.25,168134.15,Prospecting,NY,Facebook - Prospecting - C03,80570,946,987.27,2525.07,Facebook,255.76286122337356,12.253568325679533,1.0436257928118393,1.1741342931612264
2025-06-09,4688,1446,1416,332386.4,164252.25,168134.15,Asc,CA,Facebook - Prospecting - C04,224937,3451,1874.03,4830.23,Facebook,257.7456070607194,8.331355001622676,0.5430396986380759,1.5342073558374123
2025-06-09,4688,1446,1416,332386.4,164252.25,168134.15,Prospecting,NY,Facebook - ASC - C05,301203,3376,2365.07,5436.21,Facebook,229.85408465711373,7.852079826562154,0.7005539099526067,1.12083876986617
2025-06-09,4688,1446,1416,332386.4,164252.25,168134.15,Asc,NY,Facebook - ASC - C06,152179,2385,1513.87,3685.97,Facebook,243.47995534623186,9.947956025470006,0.6347463312368973,1.5672333239146006
2025-06-09,4688,1446,1416,332386.4,164252.25,168134.15,Asc,NY,Facebook - ASC - C07,165478,2506,2028.03,6106.92,Facebook,301.12572299226343,12.25558684538126,0.809269752593775,1.514400705834008
2025-06-09,4688,1446,1416,332386.4,164252.25,168134.15,Asc,CA,Facebook - Prospecting - C08,325825,4624,4248.1,12462.81,Facebook,293.3737435559426,13.037980511010513,0.9187067474048444,1.419166730606921
2025-06-09,4688,1446,1416,332386.4,164252.25,168134.15,Prospecting,CA,Facebook - Prospecting - C09,131866,1632,1196.35,3002.29,Facebook,250.95415221298117,9.072467504891328,0.7330575980392157,1.2376200081901325
2025-06-09,4688,1446,1416,332386.4,164252.25,168134.15,Prospecting,CA,Facebook - ASC - C10,299761,3366,2545.66,6438.27,Facebook,252.91162213335642,8.49229886476226,0.7562863933452169,1.122894572676232
2025-06-09,4688,1446,1416,332386.4,164252.25,168134.15,Non-Branded Search,CA,Google - Display - C01,220317,9883,2115.53,7518.37,Google,355.38942959920206,9.602209543521381,0.2140574724274006,4.485809084183245
2025-06-09,4688,1446,1416,332386.4,164252.25,168134.15,Non-Branded Search,NY,Google - Non-Branded Search - C02,303105,12965,2484.72,6798.14,Google,273.59782993657234,8.197555302617904,0.19164828384111066,4.277395621979182
2025-06-09,4688,1446,1416,332386.4,164252.25,168134.15,Non-Branded Search,CA,Google - Non-Branded Search - C03,212935,9355,1742.16,6384.73,Google,366.4835606373697,8.181651677742034,0.1862276857295564,4.3933594758964
2025-06-09,4688,1446,1416,332386.4,164252.25,168134.15,Non-Branded Search,NY,Google - Non-Branded Search - C04,322044,15052,1243.84,3961.7,Google,318.5055955749936,3.862329371141831,0.08263619452564443,4.673895492541392
2025-06-09,4688,1446,1416,332386.4,164252.25,168134.15,Non-Branded Search,CA,Google - Non-Branded Search - C05,182346,7894,1813.07,5831.31,Google,321.62630234905436,9.943020411744705,0.22967696985051939,4.329132528270431
2025-06-09,4688,1446,1416,332386.4,164252.25,168134.15,Display,CA,Google - Non-Branded Search - C06,154726,561,1641.52,3064.78,Google,186.70378673424634,10.609205951165286,2.926060606060606,0.36257642542300583
2025-06-09,4688,1446,1416,332386.4,164252.25,168134.15,Non-Branded Search,CA,Google - Display - C07,343168,16373,2232.9,7885.89,Google,353.1680773881499,6.506725568817606,0.1363769620717034,4.771132506527415
2025-06-09,4688,1446,1416,332386.4,164252.25,168134.15,Non-Branded Search,CA,Google - Display - C08,248707,11501,1341.11,3726.1,Google,277.83701560647523,5.392329126240917,0.11660812103295365,4.624316967355161
2025-06-09,4688,1446,1416,332386.4,164252.25,168134.15,Non-Branded Search,CA,Google - Display - C09,113894,5267,1142.1,4027.37,Google,352.62849137553627,10.027745096317629,0.21684070628441235,4.624475389397159
2025-06-09,4688,1446,1416,332386.4,164252.25,168134.15,Non-Branded Search,NY,Google - Non-Branded Search - C10,289519,13083,2072.27,6620.47,Google,319.4791219290923,7.157630414584189,0.1583940992127188,4.518874408933438
2025-06-09,4688,1446,1416,332386.4,164252.25,168134.15,Retargeting,CA,TikTok - Retargeting - C01,87265,1341,896.14,2772.59,TikTok,309.3925056352802,10.26918008365324,0.668262490678598,1.5366985618518305
2025-06-09,4688,1446,1416,332386.4,164252.25,168134.15,Retargeting,CA,TikTok - Retargeting - C02,151364,2582,1042.11,3163.91,TikTok,303.6061452245924,6.884794270764513,0.4036057319907048,1.705821727755609
2025-06-09,4688,1446,1416,332386.4,164252.25,168134.15,Spark Ads,CA,TikTok - Retargeting - C03,107844,1452,1311.14,3412.85,TikTok,260.29638330002894,12.157746374392643,0.9029889807162536,1.346389228886169
2025-06-09,4688,1446,1416,332386.4,164252.25,168134.15,Spark Ads,CA,TikTok - Spark Ads - C04,141711,1906,1215.25,3244.17,TikTok,266.9549475416581,8.575551650895132,0.6375918153200419,1.344990861683285
2025-06-09,4688,1446,1416,332386.4,164252.25,168134.15,Spark Ads,CA,TikTok - Spark Ads - C05,238253,3195,1101.29,2816.02,TikTok,255.70194953191256,4.622355227426307,0.34469170579029734,1.3410114458160023
2025-06-09,4688,1446,1416,332386.4,164252.25,168134.15,Retargeting,CA,TikTok - Spark Ads - C06,121160,1995,1229.51,3916.64,TikTok,318.55291945571815,10.147821063057116,0.6162957393483709,1.646583030703202
2025-06-09,4688,1446,1416,332386.4,164252.25,168134.15,Retargeting,CA,TikTok - Retargeting - C07,152748,2502,1697.4,5702.87,TikTok,335.9767880287498,11.112420457223664,0.6784172661870504,1.6379919868017911
2025-06-09,4688,1446,1416,332386.4,164252.25,168134.15,Retargeting,CA,TikTok - Spark Ads - C08,230798,3961,1524.56,4540.11,TikTok,297.79805320879467,6.605603168138372,0.38489270386266095,1.7162193779842114
2025-06-09,4688,1446,1416,332386.4,164252.25,168134.15,Retargeting,CA,TikTok - Spark Ads - C09,345127,5097,3627.78,11351.74,TikTok,312.9114775427396,10.511434921058045,0.7117480871100648,1.4768476531827415
2025-06-09,4688,1446,1416,332386.4,164252.25,168134.15,Retargeting,CA,TikTok - Retargeting - C10,185755,2879,1896.47,5352.71,TikTok,282.24596223509997,10.209523296815698,0.6587252518235499,1.5498909854378078
2025-06-10,2844,1560,1491,279947.9,138358.0,141589.9,Asc,NY,Facebook - ASC - C01,188667,2924,1343.0,4280.36,Facebook,318.7163067758749,7.118361981692612,0.45930232558139533,1.5498205833558598
2025-06-10,2844,1560,1491,279947.9,138358.0,141589.9,Prospecting,NY,Facebook - Prospecting - C02,157197,2022,1291.5,3272.68,Facebook,253.40147115756872,8.2158056451459,0.6387240356083086,1.286284089391019
2025-06-10,2844,1560,1491,279947.9,138358.0,141589.9,Prospecting,NY,Facebook - Prospecting - C03,190371,2500,1425.11,3483.34,Facebook,244.42604430535192,7.4859616223059176,0.570044,1.3132252286325123
2025-06-10,2844,1560,1491,279947.9,138358.0,141589.9,Asc,CA,Facebook - Prospecting - C04,393201,6031,5091.96,16342.67,Facebook,320.95047879402034,12.950017929761115,0.8442977947272425,1.5338211245647901
2025-06-10,2844,1560,1491,279947.9,138358.0,141589.9,Prospecting,NY,Facebook - ASC - C05,132726,1697,1238.53,2749.52,Facebook,221.99865970142025,9.331479890903063,0.7298350029463759,1.2785739041333273
2025-06-10,2844,1560,1491,279947.9,138358.0,141589.9,Asc,NY,Facebook - ASC - C06,230280,3171,2336.33,6818.65,Facebook,291.8530344600292,10.145605350008685,0.7367801955219173,1.377019280875456
2025-06-10,2844,1560,1491,279947.9,138358.0,141589.9,Asc,NY,Facebook - ASC - C07,113978,1644,1296.6,3437.73,Facebook,265.1341971309579,11.375879555703731,0.7886861313868613,1.442383617891172
2025-06-10,2844,1560,1491,279947.9,138358.0,141589.9,Asc,CA,Facebook - Prospecting - C08,193777,2774,1814.21,4577.11,Facebook,252.29218227217353,9.362359825985541,0.6540050468637347,1.4315424431176043
2025-06-10,2844,1560,1491,279947.9,138358.0,141589.9,Prospecting,CA,Facebook - Prospecting - C09,179463,2295,1909.59,4825.7,Facebook,252.70869663121402,10.6405777235419,0.8320653594771241,1.2788151318098997
2025-06-10,2844,1560,1491,279947.9,138358.0,141589.9,Prospecting,CA,Facebook - ASC - C10,198925,2389,1455.34,3561.72,Facebook,244.73456374455455,7.316023626995098,0.609183758894935,1.2009551338444138
2025-06-10,2844,1560,1491,279947.9,138358.0,141589.9,Non-Branded Search,CA,Google - Display - C01,211142,9542,714.14,2341.47,Google,327.87268602794967,3.3822735410292597,0.07484175225319639,4.519233501624499
2025-06-10,2844,1560,1491,279947.9,138358.0,141589.9,Non-Branded Search,NY,Google - Non-Branded Search - C02,169641,7947,1618.79,5185.3,Google,320.3194978965771,9.542445517298294,0.20369825091229393,4.684598652448406
2025-06-10,2844,1560,1491,279947.9,138358.0,141589.9,Non-Branded Search,CA,Google - Non-Branded Search - C03,139075,6128,1227.65,4371.95,Google,356.1234879648108,8.827251483012763,0.20033453002610968,4.406255617472587
2025-06-10,2844,1560,1491,279947.9,138358.0,141589.9,Non-Branded Search,NY,Google - Non-Branded Search - C04,289372,13786,1286.45,3898.68,Google,303.05725057328306,4.445661639688706,0.09331568257652692,4.764109865501846
2025-06-10,2844,1560,1491,279947.9,138358.0,141589.9,Non-Branded Search,CA,Google - Non-Branded Search - C05,140618,6671,1406.28,4459.69,Google,317.1267457405353,10.000711146510403,0.21080497676510268,4.744058370905574
2025-06-10,2844,1560,1491,279947.9,138358.0,141589.9,Display,CA,Google - Non-Branded Search - C06,126016,512,863.71,1348.18,Google,156.09174375658498,6.8539709243270694,1.68693359375,0.40629761300152356
2025-06-10,2844,1560,1491,279947.9,138358.0,141589.9,Non-Branded Search,CA,Google - Display - C07,122519,5836,567.47,1716.79,Google,302.53405466368264,4.631689778728198,0.09723612063056888,4.763342828459259
2025-06-10,2844,1560,1491,279947.9,138358.0,141589.9,Non-Branded Search,CA,Google - Display - C08,132686,6249,559.84,1689.26,Google,301.7397827950843,4.2192846268634225,0.0895887341974716,4.709615181707188
2025-06-10,2844,1560,1491,279947.9,138358.0,141589.9,Non-Branded Search,CA,Google - Display - C09,114228,5629,710.66,2559.31,Google,360.1314271240819,6.221416815491823,0.12624977793569017,4.927863571103408
2025-06-10,2844,1560,1491,279947.9,138358.0,141589.9,Non-Branded Search,NY,Google - Non-Branded Search - C10,170707,6977,1426.07,4388.67,Google,307.7457628307166,8.353904643629141,0.20439587215135444,4.087120036085222
2025-06-10,2844,1560,1491,279947.9,138358.0,141589.9,Retargeting,CA,TikTok - Retargeting - C01,133054,2092,1472.38,4726.07,TikTok,320.98167592605165,11.06603333984698,0.7038145315487572,1.5722939558374796
2025-06-10,2844,1560,1491,279947.9,138358.0,141589.9,Retargeting,CA,TikTok - Retargeting - C02,141274,2041,848.56,2436.45,TikTok,287.12760441218063,6.0064838540708125,0.4157569818716315,1.444710279315373
2025-06-10,2844,1560,1491,279947.9,138358.0,141589.9,Spark Ads,CA,TikTok - Retargeting - C03,314812,4189,2466.96,5948.33,TikTok,241.11983980283424,7.836295948057889,0.5889138219145381,1.3306354268579341
2025-06-10,2844,1560,1491,279947.9,138358.0,141589.9,Spark Ads,CA,TikTok - Spark Ads - C04,107635,1510,1086.24,2785.39,TikTok,256.4249153041685,10.09188461002462,0.719364238410596,1.4028893947136154
2025-06-10,2844,1560,1491,279947.9,138358.0,141589.9,Spark Ads,CA,TikTok - Spark Ads - C05,169962,2033,768.76,1746.16,TikTok,227.13980956345284,4.523128699356326,0.37814067879980323,1.1961497275861663
2025-06-10,2844,1560,1491,279947.9,138358.0,141589.9,Retargeting,CA,TikTok - Spark Ads - C06,141130,2282,1532.12,4341.59,TikTok,283.37140693940427,10.856090129667681,0.671393514460999,1.6169489123503153
2025-06-10,2844,1560,1491,279947.9,138358.0,141589.9,Retargeting,CA,TikTok - Retargeting - C07,65496,1086,427.9,1095.05,TikTok,255.9125964010283,6.533223402955905,0.39401473296500916,1.6581165262000732
2025-06-10,2844,1560,1491,279947.9,138358.0,141589.9,Retargeting,CA,TikTok - Spark Ads - C08,148040,2572,1016.04,2626.64,TikTok,258.51738120546435,6.863280194542016,0.3950388802488336,1.7373682788435558
2025-06-10,2844,1560,1491,279947.9,138358.0,141589.9,Retargeting,CA,TikTok - Spark Ads - C09,157956,2391,791.85,2494.97,TikTok,315.0811391046284,5.013104915292867,0.3311794228356336,1.5137126794803617
2025-06-10,2844,1560,1491,279947.9,138358.0,141589.9,Retargeting,CA,TikTok - Retargeting - C10,80386,1334,875.27,2426.18,TikTok,277.1921806985273,10.888338765456671,0.6561244377811094,1.6594929465329784
2025-06-11,2503,1115,1066,266579.13,134311.89,132267.24,Asc,NY,Facebook - ASC - C01,99181,1567,957.23,2833.2,Facebook,295.97902280538636,9.651344511549592,0.6108679004467135,1.5799397061937268
2025-06-11,2503,1115,1066,266579.13,134311.89,132267.24,Prospecting,NY,Facebook - Prospecting - C02,219506,2842,2650.41,6329.06,Facebook,238.7955071102207,12.074430767268321,0.9325862068965517,1.2947254289176606
2025-06-11,2503,1115,1066,266579.13,134311.89,132267.24,Prospecting,NY,Facebook - Prospecting - C03,193258,2402,1357.0,3060.69,Facebook,225.548268238762,7.021701559573213,0.5649458784346378,1.2428980947748607
2025-06-11,2503,1115,1066,266579.13,134311.89,132267.24,Asc,CA,Facebook - Prospecting - C04,146572,2308,1563.1,4586.87,Facebook,293.4469963534003,10.664383374723684,0.6772530329289428,1.574652730398712
2025-06-11,2503,1115,1066,266579.13,134311.89,132267.24,Prospecting,NY,Facebook - ASC - C05,170362,2097,1110.51,2868.83,Facebook,258.33445894228777,6.518531127833672,0.5295708154506438,1.2309083011469693
2025-06-11,2503,1115,1066,266579.13,134311.89,132267.24,Asc,NY,Facebook - ASC - C06,149831,2316,2060.13,5286.47,Facebook,256.6085635372525,13.749691318885946,0.889520725388601,1.5457415354632886
2025-06-11,2503,1115,1066,266579.13,134311.89,132267.24,Asc,NY,Facebook - ASC - C07,141139,2194,1834.94,4561.02,Facebook,248.565075697298,13.000942333444335,0.8363445761166819,1.5544959224594195
2025-06-11,2503,1115,1066,266579.13,134311.89,132267.24,Asc,CA,Facebook - Prospecting - C08,177543,2789,2046.81,6041.92,Facebook,295.1871448742189,11.528531116405603,0.7338866977411258,1.5708870527139904
2025-06-11,2503,1115,1066,266579.13,134311.89,132267.24,Prospecting,CA,Facebook - Prospecting - C09,181154,2376,2271.06,5770.03,Facebook,254.06770406770406,12.536626295858772,0.9558333333333333,1.311591242809985
2025-06-11,2503,1115,1066,266579.13,134311.89,132267.24,Prospecting,CA,Facebook - ASC - C10,131533,1555,1162.37,2906.67,Facebook,250.06409318891576,8.837097914591775,0.7475048231511253,1.182212828719789
2025-06-11,2503,1115,1066,266579.13,134311.89,132267.24,Non-Branded Search,CA,Google - Display - C01,400633,17615,2142.92,7119.31,Google,332.22472140817206,5.348835467872092,0.12165313653136532,4.396792076538877
2025-06-11,2503,1115,1066,266579.13,134311.89,132267.24,Non-Branded Search,NY,Google - Non-Branded Search - C02,492779,22350,3213.68,8745.71,Google,272.1400388339847,6.521544140476766,0.14378881431767337,4.535501715779285
2025-06-11,2503,1115,1066,266579.13,134311.89,132267.24,Non-Branded Search,CA,Google - Non-Branded Search - C03,439734,21694,4015.04,13710.73,Google,341.48426914800353,9.130610778334175,0.1850760578961925,4.933437032387761
2025-06-11,2503,1115,1066,266579.13,134311.89,132267.24,Non-Branded Search,NY,Google - Non-Branded Search - C04,305648,13264,1236.5,3595.98,Google,290.81924787707237,4.045503324085222,0.09322225572979494,4.339632518452599
2025-06-11,2503,1115,1066,266579.13,134311.89,132267.24,Non-Branded Search,CA,Google - Non-Branded Search - C05,367216,16452,2400.75,8075.53,Google,336.3752993856087,6.537705328743846,0.14592450765864332,4.480196941309747
2025-06-11,2503,1115,1066,266579.13,134311.89,132267.24,Display,CA,Google - Non-Branded Search - C06,175833,700,1784.63,3120.03,Google,174.82783546169233,10.14957374326776,2.5494714285714286,0.39810502010430354
2025-06-11,2503,1115,1066,266579.13,134311.89,132267.24,Non-Branded Search,CA,Google - Display - C07,244568,10006,853.32,2816.86,Google,330.1059391552993,3.4890909685649802,0.08528083150109934,4.091295672369239
2025-06-11,2503,1115,1066,266579.13,134311.89,132267.24,Non-Branded Search,CA,Google - Display - C08,175514,7238,1277.07,3493.01,Google,273.5175049135913,7.2761717014027365,0.17643962420558165,4.123887553129665
2025-06-11,2503,1115,1066,266579.13,134311.89,132267.24,Non-Branded Search,CA,Google - Display - C09,271220,11271,869.84,2929.11,Google,336.74123976823324,3.2071381166580637,0.07717505101588147,4.1556669862104565
2025-06-11,2503,1115,1066,266579.13,134311.89,132267.24,Non-Branded Search,NY,Google - Non-Branded Search - C10,229915,9599,2026.14,6037.84,Google,297.99717689794386,8.8125611639084,0.21107823731638714,4.175021203488246
2025-06-11,2503,1115,1066,266579.13,134311.89,132267.24,Retargeting,CA,TikTok - Retargeting - C01,83969,1252,424.83,1353.5,TikTok,318.5980274462727,5.0593671473996356,0.3393210862619808,1.4910264502375876
2025-06-11,2503,1115,1066,266579.13,134311.89,132267.24,Retargeting,CA,TikTok - Retargeting - C02,160025,2596,1914.42,6201.49,TikTok,323.93570898757844,11.963255741290425,0.7374499229583975,1.622246523980628
2025-06-11,2503,1115,1066,266579.13,134311.89,132267.24,Spark Ads,CA,TikTok - Retargeting - C03,184875,2426,867.22,2001.37,TikTok,230.77996356172594,4.690845165652468,0.35746908491343776,1.312237998647735
2025-06-11,2503,1115,1066,266579.13,134311.89,132267.24,Spark Ads,CA,TikTok - Spark Ads - C04,194036,2483,1375.1,3130.73,TikTok,227.672896516617,7.0868292481807496,0.5538058799838904,1.279659444639139
2025-06-11,2503,1115,1066,266579.13,134311.89,132267.24,Spark Ads,CA,TikTok - Spark Ads - C05,266649,3128,2183.61,5095.4,TikTok,233.34753000764786,8.189080026551759,0.6980850383631714,1.1730777163987114
2025-06-11,2503,1115,1066,266579.13,134311.89,132267.24,Retargeting,CA,TikTok - Spark Ads - C06,187552,2720,1304.22,3989.23,TikTok,305.8709420189845,6.953911448558267,0.47949264705882355,1.450264459989763
2025-06-11,2503,1115,1066,266579.13,134311.89,132267.24,Retargeting,CA,TikTok - Retargeting - C07,256182,4210,1303.15,3567.83,TikTok,273.78505927943826,5.086813281182909,0.30953681710213776,1.6433629216728731
2025-06-11,2503,1115,1066,266579.13,134311.89,132267.24,Retargeting,CA,TikTok - Spark Ads - C08,188031,2822,1930.98,6398.42,TikTok,331.3560989756497,10.269476841584634,0.6842593905031892,1.5008163547500146
2025-06-11,2503,1115,1066,266579.13,134311.89,132267.24,Retargeting,CA,TikTok - Spark Ads - C09,185877,2963,1230.23,4016.84,TikTok,326.5113027645237,6.618516545887872,0.4151974350320621,1.594064892375065
2025-06-11,2503,1115,1066,266579.13,134311.89,132267.24,Retargeting,CA,TikTok - Retargeting - C10,180620,2756,2136.1,5559.56,TikTok,260.2668414400075,11.826486546340384,0.7750725689404935,1.5258553870003322
2025-06-12,3226,1409,1434,245632.45,122339.86,123292.59,Asc,NY,Facebook - ASC - C01,96781,1404,1363.99,4002.28,Facebook,293.4244385955909,14.093572085429992,0.971502849002849,1.4506979675762806
2025-06-12,3226,1409,1434,245632.45,122339.86,123292.59,Prospecting,NY,Facebook - Prospecting - C02,237077,2573,2399.87,4971.08,Facebook,207.13955339247545,10.122744930971795,0.9327127866303925,1.0853013999670993
2025-06-12,3226,1409,1434,245632.45,122339.86,123292.59,Prospecting,NY,Facebook - Prospecting - C03,223911,2424,1437.79,3393.11,Facebook,235.99482539174707,6.4212566600122365,0.5931476897689769,1.0825729865884213
2025-06-12,3226,1409,1434,245632.45,122339.86,123292.59,Asc,CA,Facebook - Prospecting - C04,200579,2856,2222.52,6832.33,Facebook,307.4136565700196,11.080521889130965,0.7781932773109244,1.4238778735560553
2025-06-12,3226,1409,1434,245632.45,122339.86,123292.59,Prospecting,NY,Facebook - ASC - C05,108997,1298,1178.69,3044.13,Facebook,258.2638352747542,10.813967356899731,0.9080816640986132,1.190858463994422
2025-06-12,3226,1409,1434,245632.45,122339.86,123292.59,Asc,NY,Facebook - ASC - C06,232213,3267,2464.54,7132.42,Facebook,289.40167333457765,10.613273158694819,0.7543740434649525,1.4068979772880934
2025-06-12,3226,1409,1434,245632.45,122339.86,123292.59,Asc,NY,Facebook - ASC - C07,96352,1513,1156.15,3519.61,Facebook,304.42503135406304,11.99923198272999,0.7641440846001323,1.5702839588176685
2025-06-12,3226,1409,1434,245632.45,122339.86,123292.59,Asc,CA,Facebook - Prospecting - C08,321044,5109,2887.97,8444.28,Facebook,292.39500410322825,8.99555824123796,0.5652710902329222,1.591370653243792
2025-06-12,3226,1409,1434,245632.45,122339.86,123292.59,Prospecting,CA,Facebook - Prospecting - C09,211735,2644,1809.89,5156.1,Facebook,284.88471675074175,8.547901858455146,0.6845272314674735,1.248730724726663
2025-06-12,3226,1409,1434,245632.45,122339.86,123292.59,Prospecting,CA,Facebook - ASC - C10,115084,1370,920.84,1915.7,Facebook,208.0383128447939,8.00145980327413,0.6721459854014599,1.1904348128323659
2025-06-12,3226,1409,1434,245632.45,122339.86,123292.59,Non-Branded Search,CA,Google - Display - C01,107604,5314,985.41,3170.37,Google,321.73105610862484,9.15774506523921,0.18543658261196838,4.938478123489833
2025-06-12,3226,1409,1434,245632.45,122339.86,123292.59,Non-Branded Search,NY,Google - Non-Branded Search - C02,157971,7282,730.36,2719.15,Google,372.30270003833726,4.623380240677086,0.10029662180719583,4.609706844927233
2025-06-12,3226,1409,1434,245632.45,122339.86,123292.59,Non-Branded Search,CA,Google - Non-Branded Search - C03,168081,8021,1141.04,3194.27,Google,279.9437355395078,6.788631671634509,0.14225657648672235,4.772103926083258
2025-06-12,3226,1409,1434,245632.45,122339.86,123292.59,Non-Branded Search,NY,Google - Non-Branded Search - C04,314046,13722,2444.5,7248.07,Google,296.5052157905502,7.783891531813811,0.17814458533741437,4.36942358762729
2025-06-12,3226,1409,1434,245632.45,122339.86,123292.59,Non-Branded Search,CA,Google - Non-Branded Search - C05,383703,18659,2137.26,7559.02,Google,353.6780737954203,5.570089365994011,0.11454311592261109,4.862875713768201
2025-06-12,3226,1409,1434,245632.45,122339.86,123292.59,Display,CA,Google - Non-Branded Search - C06,257582,1038,951.08,1522.24,Google,160.053833536611,3.6923387503785206,0.91626204238921,0.4029784689923986
2025-06-12,3226,1409,1434,245632.45,122339.86,123292.59,Non-Branded Search,CA,Google - Display - C07,132058,6521,626.83,2154.22,Google,343.668937351435,4.74662648230323,0.09612482748044779,4.937981795877569
2025-06-12,3226,1409,1434,245632.45,122339.86,123292.59,Non-Branded Search,CA,Google - Display - C08,332721,16389,3383.48,11543.61,Google,341.17565346920924,10.169120674679386,0.20644822746964428,4.925748600178528
2025-06-12,3226,1409,1434,245632.45,122339.86,123292.59,Non-Branded Search,CA,Google - Display - C09,107500,4671,570.55,2114.21,Google,370.5564805889055,5.307441860465116,0.12214729180047099,4.345116279069767
2025-06-12,3226,1409,1434,245632.45,122339.86,123292.59,Non-Branded Search,NY,Google - Non-Branded Search - C10,207340,8430,1630.51,5623.75,Google,344.90742160428334,7.86394328156651,0.19341755634638197,4.065785666055754
2025-06-12,3226,1409,1434,245632.45,122339.86,123292.59,Retargeting,CA,TikTok - Retargeting - C01,83644,1229,954.99,2944.96,TikTok,308.376003937214,11.417316245038498,0.7770463791700569,1.4693223662187367
2025-06-12,3226,1409,1434,245632.45,122339.86,123292.59,Retargeting,CA,TikTok - Retargeting - C02,204325,3407,2101.81,5538.76,TikTok,263.5233441652671,10.286602226844488,0.616909304373349,1.6674415759207146
2025-06-12,3226,1409,1434,245632.45,122339.86,123292.59,Spark Ads,CA,TikTok - Retargeting - C03,99987,1410,1100.98,2333.22,TikTok,211.9221057603226,11.011231460089812,0.7808368794326241,1.4101833238320982
2025-06-12,3226,1409,1434,245632.45,122339.86,123292.59,Spark Ads,CA,TikTok - Spark Ads - C04,190753,2251,1593.66,3263.63,TikTok,204.78834883224778,8.35457371574759,0.7079786761439361,1.180060077692094
2025-06-12,3226,1409,1434,245632.45,122339.86,123292.59,Spark Ads,CA,TikTok - Spark Ads - C05,140259,1793,1008.88,2096.55,TikTok,207.80965030528904,7.1929787036839,0.5626770775237033,1.2783493394363286
2025-06-12,3226,1409,1434,245632.45,122339.86,123292.59,Retargeting,CA,TikTok - Spark Ads - C06,81881,1431,728.46,2169.74,TikTok,297.8530049693874,8.896569411707235,0.509056603773585,1.7476581868809613
2025-06-12,3226,1409,1434,245632.45,122339.86,123292.59,Retargeting,CA,TikTok - Retargeting - C07,122900,1961,850.51,2781.99,TikTok,327.0966831665706,6.9203417412530515,0.43371239163691994,1.595606183889341
2025-06-12,3226,1409,1434,245632.45,122339.86,123292.59,Retargeting,CA,TikTok - Spark Ads - C08,93547,1522,596.58,1762.93,TikTok,295.5060511582688,6.377329043154779,0.39197109067017083,1.6269896415705476
2025-06-12,3226,1409,1434,245632.45,122339.86,123292.59,Retargeting,CA,TikTok - Spark Ads - C09,123486,2145,1014.23,3248.81,TikTok,320.32280646401705,8.213319728552223,0.47283449883449885,1.7370390165686798
2025-06-12,3226,1409,1434,245632.45,122339.86,123292.59,Retargeting,CA,TikTok - Retargeting - C10,301137,5088,2416.82,6594.63,TikTok,272.86392863349363,8.02564945523134,0.4750039308176101,1.6895964295320736
2025-06-13,3794,1442,1439,280759.18,173768.89,106990.29,Asc,NY,Facebook - ASC - C01,164254,2427,1594.02,4190.08,Facebook,262.86244840089836,9.704603845264042,0.6567861557478368,1.4775895868593762
2025-06-13,3794,1442,1439,280759.18,173768.89,106990.29,Prospecting,NY,Facebook - Prospecting - C02,148054,1950,1304.67,2689.69,Facebook,206.15864548123278,8.812122603914789,0.6690615384615385,1.3170870087940887
2025-06-13,3794,1442,1439,280759.18,173768.89,106990.29,Prospecting,NY,Facebook - Prospecting - C03,163279,1813,1269.12,2722.81,Facebook,214.5431480080686,7.772708064111122,0.7000110314396029,1.1103693677692783
2025-06-13,3794,1442,1439,280759.18,173768.89,106990.29,Asc,CA,Facebook - Prospecting - C04,388367,6272,3863.58,10656.04,Facebook,275.80741177871306,9.948270579117175,0.6160044642857143,1.6149672860979434
2025-06-13,3794,1442,1439,280759.18,173768.89,106990.29,Prospecting,NY,Facebook - ASC - C05,174704,2253,1540.65,3472.02,Facebook,225.36072436958423,8.818630369081417,0.6838215712383489,1.2896098543822696
2025-06-13,3794,1442,1439,280759.18,173768.89,106990.29,Asc,NY,Facebook - ASC - C06,211328,3265,1397.32,3695.5,Facebook,264.4705579251711,6.612091156874621,0.42796937212863706,1.5449916717141128
2025-06-13,3794,1442,1439,280759.18,173768.89,106990.29,Asc,NY,Facebook - ASC - C07,137716,1931,2009.79,6097.82,Facebook,303.4058284696411,14.593729123703854,1.0408026929052305,1.4021609689505938
2025-06-13,3794,1442,1439,280759.18,173768.89,106990.29,Asc,CA,Facebook - Prospecting - C08,231568,3173,1789.11,4386.86,Facebook,245.19789168916387,7.726067505009327,0.5638543964702174,1.3702238651281697
2025-06-13,3794,1442,1439,280759.18,173768.89,106990.29,Prospecting,CA,Facebook - Prospecting - C09,204871,2512,2889.43,6372.64,Facebook,220.550073890006,14.103655471003705,1.150250796178344,1.226137423061341
2025-06-13,3794,1442,1439,280759.18,173768.89,106990.29,Prospecting,CA,Facebook - ASC - C10,179772,2259,2718.67,6386.99,Facebook,234.9306830177991,15.122877867521083,1.2034838424081453,1.256591682798211
2025-06-13,3794,1442,1439,280759.18,173768.89,106990.29,Non-Branded Search,CA,Google - Display - C01,384983,17473,2915.78,10251.46,Google,351.5855105666408,7.573788972500085,0.16687346191266528,4.538641966008888
2025-06-13,3794,1442,1439,280759.18,173768.89,106990.29,Non-Branded Search,NY,Google - Non-Branded Search - C02,211775,9837,1954.94,6190.08,Google,316.63785077802896,9.231212371620824,0.19873335366473519,4.64502420021249
2025-06-13,3794,1442,1439,280759.18,173768.89,106990.29,Non-Branded Search,CA,Google - Non-Branded Search - C03,168096,8194,1248.82,3832.71,Google,306.9065197546484,7.4292071197411,0.15240663900414936,4.874595469255663
2025-06-13,3794,1442,1439,280759.18,173768.89,106990.29,Non-Branded Search,NY,Google - Non-Branded Search - C04,302598,14498,1577.04,4539.34,Google,287.8392431390453,5.2116669640909725,0.10877638294937232,4.791175090383941
2025-06-13,3794,1442,1439,280759.18,173768.89,106990.29,Non-Branded Search,CA,Google - Non-Branded Search - C05,229260,10936,1938.81,5928.52,Google,305.7813813627947,8.456817587019106,0.17728694220921726,4.770129983424932
2025-06-13,3794,1442,1439,280759.18,173768.89,106990.29,Display,CA,Google - Non-Branded Search - C06,169080,653,1521.57,2456.43,Google,161.44048581399474,8.999112845990062,2.3301225114854516,0.38620771232552636
2025-06-13,3794,1442,1439,280759.18,173768.89,106990.29,Non-Branded Search,CA,Google - Display - C07,187773,8315,744.71,2782.58,Google,373.6461172805521,3.9660121529719397,0.08956223692122671,4.428219179541255
2025-06-13,3794,1442,1439,280759.18,173768.89,106990.29,Non-Branded Search,CA,Google - Display - C08,84703,3948,750.22,2296.51,Google,306.11154061475304,8.857065275137835,0.19002532928064844,4.660991936531174
2025-06-13,3794,1442,1439,280759.18,173768.89,106990.29,Non-Branded Search,CA,Google - Display - C09,258055,10917,2355.21,6339.15,Google,269.1543429248347,9.126775299839181,0.21573784006595217,4.230493499447792
2025-06-13,3794,1442,1439,280759.18,173768.89,106990.29,Non-Branded Search,NY,Google - Non-Branded Search - C10,230330,11286,1989.52,7478.18,Google,375.878603884354,8.637693743758954,0.17628211944001418,4.899926192853732
2025-06-13,3794,1442,1439,280759.18,173768.89,106990.29,Retargeting,CA,TikTok - Retargeting - C01,137784,2330,844.68,2272.56,TikTok,269.04389828100585,6.130465075770771,0.3625236051502146,1.6910526621378388
2025-06-13,3794,1442,1439,280759.18,173768.89,106990.29,Retargeting,CA,TikTok - Retargeting - C02,98687,1572,716.17,2023.74,TikTok,282.5781588170407,7.256984202579873,0.45557888040712463,1.592914973603413
2025-06-13,3794,1442,1439,280759.18,173768.89,106990.29,Spark Ads,CA,TikTok - Retargeting - C03,305277,3920,1344.89,2895.16,TikTok,215.27113741644297,4.40547437245518,0.34308418367346943,1.2840797046616679
2025-06-13,3794,1442,1439,280759.18,173768.89,106990.29,Spark Ads,CA,TikTok - Spark Ads - C04,260561,3199,2413.32,6393.18,TikTok,264.9122370841828,9.262015420573302,0.7543982494529541,1.2277355398543912
2025-06-13,3794,1442,1439,280759.18,173768.89,106990.29,Spark Ads,CA,TikTok - Spark Ads - C05,136218,1708,829.6,2308.52,TikTok,278.26904532304724,6.090237707204628,0.4857142857142857,1.2538724691303647
2025-06-13,3794,1442,1439,280759.18,173768.89,106990.29,Retargeting,CA,TikTok - Spark Ads - C06,180080,2927,1480.02,4677.1,TikTok,316.0159997837867,8.218680586406041,0.5056440040997608,1.6253887161261662
2025-06-13,3794,1442,1439,280759.18,173768.89,106990.29,Retargeting,CA,TikTok - Retargeting - C07,240514,4195,1563.74,4385.76,TikTok,280.46606213309116,6.501658947088319,0.3727628128724672,1.7441812119045046
2025-06-13,3794,1442,1439,280759.18,173768.89,106990.29,Retargeting,CA,TikTok - Spark Ads - C08,124941,2049,1149.44,3825.98,TikTok,332.8559994432071,9.19986233502213,0.5609760858955588,1.6399740677599826
2025-06-13,3794,1442,1439,280759.18,173768.89,106990.29,Retargeting,CA,TikTok - Spark Ads - C09,168888,2889,2073.15,7078.48,TikTok,341.43597906567294,12.275294869973001,0.717601246105919,1.7106011084268864
2025-06-13,3794,1442,1439,280759.18,173768.89,106990.29,Retargeting,CA,TikTok - Retargeting - C10,74724,1300,693.61,1933.53,TikTok,278.76328195960264,9.282292168513463,0.5335461538461539,1.7397355601948505
2025-06-14,2849,1407,1366,254952.68,125791.92,129160.76,Asc,NY,Facebook - ASC - C01,131896,1966,1481.94,4395.67,Facebook,296.61592237202586,11.23567052829502,0.7537843336724314,1.4905683265603202
2025-06-14,2849,1407,1366,254952.68,125791.92,129160.76,Prospecting,NY,Facebook - Prospecting - C02,183249,1986,1106.81,2900.14,Facebook,262.02690615372103,6.039923819502425,0.557306143001007,1.0837712620532718
2025-06-14,2849,1407,1366,254952.68,125791.92,129160.76,Prospecting,NY,Facebook - Prospecting - C03,87019,1010,1068.85,2443.65,Facebook,228.62422229498995,12.282949700640089,1.0582673267326732,1.160666061434859
2025-06-14,2849,1407,1366,254952.68,125791.92,129160.76,Asc,CA,Facebook - Prospecting - C04,188173,2898,1200.19,2996.05,Facebook,249.63130837617376,6.37812013413189,0.414144237405107,1.540072167632976
2025-06-14,2849,1407,1366,254952.68,125791.92,129160.76,Prospecting,NY,Facebook - ASC - C05,196474,2352,1271.05,3060.86,Facebook,240.8135006490697,6.469303826460498,0.5404124149659864,1.1971049604527826
2025-06-14,2849,1407,1366,254952.68,125791.92,129160.76,Asc,NY,Facebook - ASC - C06,170203,2525,1762.83,4393.88,Facebook,249.25148766472094,10.35722049552593,0.6981504950495049,1.4835226171101568
2025-06-14,2849,1407,1366,254952.68,125791.92,129160.76,Asc,NY,Facebook - ASC - C07,123302,2016,1570.24,3783.88,Facebook,240.97462808233138,12.734911031451233,0.7788888888888889,1.635009975507291
2025-06-14,2849,1407,1366,254952.68,125791.92,129160.76,Asc,CA,Facebook - Prospecting - C08,218819,3587,2579.71,7110.02,Facebook,275.61315031534554,11.789241336447018,0.7191831614162253,1.6392543609101589
2025-06-14,2849,1407,1366,254952.68,125791.92,129160.76,Prospecting,CA,Facebook - Prospecting - C09,334825,3655,5095.5,13204.12,Facebook,259.1329604553037,15.21839767042485,1.3941176470588235,1.0916150227730905
2025-06-14,2849,1407,1366,254952.68,125791.92,129160.76,Prospecting,CA,Facebook - ASC - C10,171416,2186,1612.59,4175.94,Facebook,258.95856975424624,9.407464880757923,0.7376898444647758,1.2752601857469548
2025-06-14,2849,1407,1366,254952.68,125791.92,129160.76,Non-Branded Search,CA,Google - Display - C01,122504,5144,771.42,2697.62,Google,349.6953669855591,6.297100502840723,0.14996500777604976,4.199046561744923
2025-06-14,2849,1407,1366,254952.68,125791.92,129160.76,Non-Branded Search,NY,Google - Non-Branded Search - C02,288004,11893,910.68,3247.36,Google,356.5862871700268,3.1620394161192205,0.0765727739006138,4.1294565353258985
2025-06-14,2849,1407,1366,254952.68,125791.92,129160.76,Non-Branded Search,CA,Google - Non-Branded Search - C03,131791,6249,693.4,2015.61,Google,290.68503028554943,5.261360790949306,0.11096175388062089,4.74159843995417
2025-06-14,2849,1407,1366,254952.68,125791.92,129160.76,Non-Branded Search,NY,Google - Non-Branded Search - C04,264882,13006,2506.23,7734.34,Google,308.6045574428524,9.46168482569597,0.192697985545133,4.910110917314125
2025-06-14,2849,1407,1366,254952.68,125791.92,129160.76,Non-Branded Search,CA,Google - Non-Branded Search - C05,285519,13742,2603.45,8844.88,Google,339.7368875914652,9.118307363082668,0.1894520448260806,4.812989678445217
2025-06-14,2849,1407,1366,254952.68,125791.92,129160.76,Display,CA,Google - Non-Branded Search - C06,285459,1069,2733.04,4371.61,Google,159.95411702719315,9.574194542824012,2.5566323666978485,0.3744846019918798
2025-06-14,2849,1407,1366,254952.68,125791.92,129160.76,Non-Branded Search,CA,Google - Display - C07,231591,10272,1066.84,3199.84,Google,299.93626035769194,4.606569339913899,0.10385903426791276,4.435405520939932
2025-06-14,2849,1407,1366,254952.68,125791.92,129160.76,Non-Branded Search,CA,Google - Display - C08,329902,13495,1811.98,6083.37,Google,335.7305268270069,5.492479584846409,0.13427047054464616,4.090608726227789
2025-06-14,2849,1407,1366,254952.68,125791.92,129160.76,Non-Branded Search,CA,Google - Display - C09,189466,8317,1524.56,5598.62,Google,367.22857742561786,8.046615223839632,0.18330648070217626,4.3897058047354145
2025-06-14,2849,1407,1366,254952.68,125791.92,129160.76,Non-Branded Search,NY,Google - Non-Branded Search - C10,225715,10644,2119.39,7410.15,Google,349.63598016410384,9.389672817491084,0.1991159338594513,4.715681279489622
2025-06-14,2849,1407,1366,254952.68,125791.92,129160.76,Retargeting,CA,TikTok - Retargeting - C01,113773,1847,1379.54,4350.48,TikTok,315.3572930107137,12.12537245216352,0.7469085002707092,1.6234080142037213
2025-06-14,2849,1407,1366,254952.68,125791.92,129160.76,Retargeting,CA,TikTok - Retargeting - C02,119639,2083,1272.1,3536.12,TikTok,277.9750019652543,10.632820401374133,0.6107057129140662,1.7410710554250703
2025-06-14,2849,1407,1366,254952.68,125791.92,129160.76,Spark Ads,CA,TikTok - Retargeting - C03,225942,3150,1358.44,3328.28,TikTok,245.0075086128206,6.012339449947333,0.43125079365079366,1.3941631038054014
2025-06-14,2849,1407,1366,254952.68,125791.92,129160.76,Spark Ads,CA,TikTok - Spark Ads - C04,136062,1736,662.85,1350.62,TikTok,203.75952327072486,4.871676147638577,0.38182603686635946,1.2758889329864327
2025-06-14,2849,1407,1366,254952.68,125791.92,129160.76,Spark Ads,CA,TikTok - Spark Ads - C05,148262,1856,965.31,2394.25,TikTok,248.0291305383763,6.510838920289757,0.5201023706896551,1.251837962525799
2025-06-14,2849,1407,1366,254952.68,125791.92,129160.76,Retargeting,CA,TikTok - Spark Ads - C06,81077,1305,378.48,1079.78,TikTok,285.29380680617203,4.668154963799845,0.29002298850574715,1.609581015577784
2025-06-14,2849,1407,1366,254952.68,125791.92,129160.76,Retargeting,CA,TikTok - Retargeting - C07,195808,3183,894.62,2682.18,TikTok,299.8122107710536,4.568863376368688,0.2810618912975181,1.625571988887073
2025-06-14,2849,1407,1366,254952.68,125791.92,129160.76,Retargeting,CA,TikTok - Spark Ads - C08,194219,3115,1574.15,4982.79,TikTok,316.53844932185626,8.105025769878333,0.5053451043338684,1.6038595605991177
2025-06-14,2849,1407,1366,254952.68,125791.92,129160.76,Retargeting,CA,TikTok - Spark Ads - C09,110115,1882,1241.88,3416.29,TikTok,275.0901858472638,11.2780275166871,0.6598724760892668,1.709122281251419
2025-06-14,2849,1407,1366,254952.68,125791.92,129160.76,Retargeting,CA,TikTok - Retargeting - C10,173107,2597,871.89,2937.47,TikTok,336.908325591531,5.036711398152588,0.33572968810165577,1.5002281825691623
2025-06-15,3837,1909,1940,273449.33,154000.52,119448.81,Asc,NY,Facebook - ASC - C01,114285,1789,1066.97,2600.54,Facebook,243.73131390760753,9.336045850286565,0.5964058133035215,1.5653847836548977
2025-06-15,3837,1909,1940,273449.33,154000.52,119448.81,Prospecting,NY,Facebook - Prospecting - C02,247108,3116,2113.51,5475.75,Facebook,259.08323121253267,8.552980882852843,0.6782766367137356,1.2609870987584375
2025-06-15,3837,1909,1940,273449.33,154000.52,119448.81,Prospecting,NY,Facebook - Prospecting - C03,175207,2161,2354.73,5433.72,Facebook,230.7576664840555,13.439702751602391,1.0896483109671449,1.2333982089756688
2025-06-15,3837,1909,1940,273449.33,154000.52,119448.81,Asc,CA,Facebook - Prospecting - C04,255720,3905,3458.49,8527.27,Facebook,246.56049316320133,13.524519005161896,0.8856568501920614,1.5270608478022838
2025-06-15,3837,1909,1940,273449.33,154000.52,119448.81,Prospecting,NY,Facebook - ASC - C05,146499,1731,1823.65,4180.71,Facebook,229.2495818824884,12.448207837596161,1.053523974581167,1.18157803124936
2025-06-15,3837,1909,1940,273449.33,154000.52,119448.81,Asc,NY,Facebook - ASC - C06,122140,1692,1573.8,4165.81,Facebook,264.69754733765416,12.885213689209104,0.9301418439716311,1.3852955624692975
2025-06-15,3837,1909,1940,273449.33,154000.52,119448.81,Asc,NY,Facebook - ASC - C07,132450,2177,1559.16,4741.68,Facebook,304.1176017855769,11.771687429218574,0.7161966008268259,1.6436391090977727
2025-06-15,3837,1909,1940,273449.33,154000.52,119448.81,Asc,CA,Facebook - Prospecting - C08,251191,3399,1476.43,4459.18,Facebook,302.02447796373684,5.877718548833358,0.43437187408061195,1.3531535763622105
2025-06-15,3837,1909,1940,273449.33,154000.52,119448.81,Prospecting,CA,Facebook - Prospecting - C09,262142,2971,2056.28,5203.99,Facebook,253.0778882253389,7.844145539440456,0.6921171322786941,1.133355204431186
2025-06-15,3837,1909,1940,273449.33,154000.52,119448.81,Prospecting,CA,Facebook - ASC - C10,177841,1977,1097.22,2320.7,Facebook,211.50726381217987,6.1696684116711,0.5549924127465857,1.1116671633650284
2025-06-15,3837,1909,1940,273449.33,154000.52,119448.81,Non-Branded Search,CA,Google - Display - C01,250483,10825,2275.54,8661.22,Google,380.6226214437013,9.084608536307853,0.21021154734411085,4.321650571096641
2025-06-15,3837,1909,1940,273449.33,154000.52,119448.81,Non-Branded Search,NY,Google - Non-Branded Search - C02,134223,6043,952.68,3414.19,Google,358.37741949028003,7.097740327663663,0.15765017375475757,4.502209010378251
2025-06-15,3837,1909,1940,273449.33,154000.52,119448.81,Non-Branded Search,CA,Google - Non-Branded Search - C03,161598,7966,1058.68,2884.41,Google,272.4534325764159,6.551318704439412,0.1328998242530756,4.929516454411564
2025-06-15,3837,1909,1940,273449.33,154000.52,119448.81,Non-Branded Search,NY,Google - Non-Branded Search - C04,135973,6619,420.2,1135.91,Google,270.3260352213232,3.0903194016459152,0.06348390995618673,4.867878181697837
2025-06-15,3837,1909,1940,273449.33,154000.52,119448.81,Non-Branded Search,CA,Google - Non-Branded Search - C05,277466,11843,2384.83,7900.09,Google,331.2642829887246,8.595035067359605,0.2013704297897492,4.268270707041584
2025-06-15,3837,1909,1940,273449.33,154000.52,119448.81,Display,CA,Google - Non-Branded Search - C06,209470,877,1833.01,3241.98,Google,176.86646554028619,8.750704158113333,2.090091220068415,0.41867570535160165
2025-06-15,3837,1909,1940,273449.33,154000.52,119448.81,Non-Branded Search,CA,Google - Display - C07,177936,7499,1413.02,5148.96,Google,364.39399300788386,7.941169858825646,0.1884277903720496,4.214436651380272
2025-06-15,3837,1909,1940,273449.33,154000.52,119448.81,Non-Branded Search,CA,Google - Display - C08,181096,8904,646.01,2175.67,Google,336.78580826922183,3.5672240137827447,0.07255278526504942,4.916729248575341
2025-06-15,3837,1909,1940,273449.33,154000.52,119448.81,Non-Branded Search,CA,Google - Display - C09,125687,6012,932.99,3022.96,Google,324.0077599974276,7.423122518637568,0.15518795741849634,4.783310923166278
2025-06-15,3837,1909,1940,273449.33,154000.52,119448.81,Non-Branded Search,NY,Google - Non-Branded Search - C10,326383,15926,2708.27,7829.15,Google,289.0830677886621,8.29782801187562,0.17005337184478211,4.879543358569533
2025-06-15,3837,1909,1940,273449.33,154000.52,119448.81,Retargeting,CA,TikTok - Retargeting - C01,122521,1897,761.48,2116.73,TikTok,277.97578399957973,6.215097819965558,0.40141275698471274,1.548306004684911
2025-06-15,3837,1909,1940,273449.33,154000.52,119448.81,Retargeting,CA,TikTok - Retargeting - C02,135087,2352,1394.34,4706.59,TikTok,337.5496650745156,10.321792622532145,0.5928316326530612,1.7411001798840746
2025-06-15,3837,1909,1940,273449.33,154000.52,119448.81,Spark Ads,CA,TikTok - Retargeting - C03,135568,1794,744.74,1761.34,TikTok,236.5040148239654,5.49347928714741,0.41512820512820514,1.323321137731618
2025-06-15,3837,1909,1940,273449.33,154000.52,119448.81,Spark Ads,CA,TikTok - Spark Ads - C04,148297,1964,774.62,2052.46,TikTok,264.96346595750174,5.223436751923505,0.3944093686354379,1.3243693399057297
2025-06-15,3837,1909,1940,273449.33,154000.52,119448.81,Spark Ads,CA,TikTok - Spark Ads - C05,110030,1460,994.92,2453.77,TikTok,246.62987978932983,9.042261201490502,0.6814520547945205,1.3269108424975007
2025-06-15,3837,1909,1940,273449.33,154000.52,119448.81,Retargeting,CA,TikTok - Spark Ads - C06,60571,944,440.73,1174.92,TikTok,266.5849840038119,7.27625431312014,0.46687500000000004,1.5585015931716497
2025-06-15,3837,1909,1940,273449.33,154000.52,119448.81,Retargeting,CA,TikTok - Retargeting - C07,218217,3524,2524.63,6312.19,TikTok,250.02436000522846,11.569355274795273,0.7164103291713961,1.614906263031753
2025-06-15,3837,1909,1940,273449.33,154000.52,119448.81,Retargeting,CA,TikTok - Spark Ads - C08,196391,3427,1891.76,5078.23,TikTok,268.43944263542943,9.63262063943867,0.5520163408228771,1.744988314128448
2025-06-15,3837,1909,1940,273449.33,154000.52,119448.81,Retargeting,CA,TikTok - Spark Ads - C09,186406,2724,764.19,2287.84,TikTok,299.38104398120885,4.099599798289756,0.28053964757709254,1.4613263521560464
2025-06-15,3837,1909,1940,273449.33,154000.52,119448.81,Retargeting,CA,TikTok - Retargeting - C10,126453,1974,1100.21,2862.69,TikTok,260.1948718880941,8.700544866472129,0.5573505572441743,1.561054304761453
2025-06-16,3112,1406,1413,246546.12,146123.4,100422.72,Asc,NY,Facebook - ASC - C01,194886,2650,2317.86,5778.1,Facebook,249.2859793085001,11.8934146116191,0.8746641509433962,1.3597693010272673
2025-06-16,3112,1406,1413,246546.12,146123.4,100422.72,Prospecting,NY,Facebook - Prospecting - C02,230331,2890,2386.25,4813.26,Facebook,201.7081194342588,10.360090478485311,0.8256920415224913,1.2547160390915681
2025-06-16,3112,1406,1413,246546.12,146123.4,100422.72,Prospecting,NY,Facebook - Prospecting - C03,213409,2625,1887.49,3841.16,Facebook,203.5062437416887,8.844472351212929,0.7190438095238095,1.2300324728572833
2025-06-16,3112,1406,1413,246546.12,146123.4,100422.72,Asc,CA,Facebook - Prospecting - C04,221426,3290,2448.59,6256.22,Facebook,255.50296292968605,11.058276805795165,0.7442522796352584,1.4858237063398156
2025-06-16,3112,1406,1413,246546.12,146123.4,100422.72,Prospecting,NY,Facebook - ASC - C05,124914,1562,1193.7,2546.04,Facebook,213.28977129932142,9.556174648157933,0.764212548015365,1.2504603166978883
2025-06-16,3112,1406,1413,246546.12,146123.4,100422.72,Asc,NY,Facebook - ASC - C06,217786,3042,1708.46,3958.23,Facebook,231.68408976505157,7.844673211317533,0.5616239316239316,1.3967839989714674
2025-06-16,3112,1406,1413,246546.12,146123.4,100422.72,Asc,NY,Facebook - ASC - C07,310357,5001,2780.35,7041.92,Facebook,253.27458773176042,8.958554181152671,0.5559588082383523,1.611370131815941
2025-06-16,3112,1406,1413,246546.12,146123.4,100422.72,Asc,CA,Facebook - Prospecting - C08,159672,2172,1662.25,4030.0,Facebook,242.4424725522635,10.410403827847086,0.7653084714548803,1.3602885916128062
2025-06-16,3112,1406,1413,246546.12,146123.4,100422.72,Prospecting,CA,Facebook - Prospecting - C09,166520,1919,1543.85,3368.8,Facebook,218.20772743466014,9.271258707662742,0.8045075560187597,1.152414124429498
2025-06-16,3112,1406,1413,246546.12,146123.4,100422.72,Prospecting,CA,Facebook - ASC - C10,145519,1787,2002.65,4167.56,Facebook,208.1022644995381,13.762120410393146,1.1206771124790151,1.2280183343755797
2025-06-16,3112,1406,1413,246546.12,146123.4,100422.72,Non-Branded Search,CA,Google - Display - C01,282646,12075,2107.49,7284.53,Google,345.64956417349555,7.456288077666055,0.17453333333333332,4.2721283867452575
2025-06-16,3112,1406,1413,246546.12,146123.4,100422.72,Non-Branded Search,NY,Google - Non-Branded Search - C02,215130,10096,1795.69,5953.31,Google,331.5332824708051,8.346999488681263,0.177861529318542,4.69297633988751
2025-06-16,3112,1406,1413,246546.12,146123.4,100422.72,Non-Branded Search,CA,Google - Non-Branded Search - C03,219215,9845,834.84,2853.43,Google,341.79363710411576,3.8083160367675575,0.084798374809548,4.491024793011427
2025-06-16,3112,1406,1413,246546.12,146123.4,100422.72,Non-Branded Search,NY,Google - Non-Branded Search - C04,202496,9066,708.77,2146.09,Google,302.7907501728347,3.500167904551201,0.07817891021398632,4.477125474083439
2025-06-16,3112,1406,1413,246546.12,146123.4,100422.72,Non-Branded Search,CA,Google - Non-Branded Search - C05,157837,6579,626.85,1687.42,Google,269.19039642657737,3.9715022459879497,0.09528043775649796,4.168224180642055
2025-06-16,3112,1406,1413,246546.12,146123.4,100422.72,Display,CA,Google - Non-Branded Search - C06,69238,292,377.08,670.6,Google,177.84024610162302,5.446142291805078,1.2913698630136985,0.42173373003264103
2025-06-16,3112,1406,1413,246546.12,146123.4,100422.72,Non-Branded Search,CA,Google - Display - C07,211325,10238,2071.08,6398.5,Google,308.94509144987154,9.8004495445404,0.20229341668294587,4.844670531172365
2025-06-16,3112,1406,1413,246546.12,146123.4,100422.72,Non-Branded Search,CA,Google - Display - C08,158111,7620,708.76,2512.18,Google,354.44720356679267,4.482673564774114,0.09301312335958005,4.819399029795523
2025-06-16,3112,1406,1413,246546.12,146123.4,100422.72,Non-Branded Search,CA,Google - Display - C09,129431,5704,1135.65,3983.06,Google,350.7295381499581,8.774173111542058,0.19909712482468445,4.40698132595746
2025-06-16,3112,1406,1413,246546.12,146123.4,100422.72,Non-Branded Search,NY,Google - Non-Branded Search - C10,114263,5420,1011.96,3798.5,Google,375.36068619313016,8.856410211529543,0.18670848708487087,4.743442759248401
2025-06-16,3112,1406,1413,246546.12,146123.4,100422.72,Retargeting,CA,TikTok - Retargeting - C01,195362,3164,838.85,2661.18,TikTok,317.24146152470644,4.293823773302894,0.26512326169405814,1.6195575393372303
2025-06-16,3112,1406,1413,246546.12,146123.4,100422.72,Retargeting,CA,TikTok - Retargeting - C02,100484,1727,1115.54,3154.83,TikTok,282.8074295856715,11.101667927232196,0.6459409380428488,1.7186815811472473
2025-06-16,3112,1406,1413,246546.12,146123.4,100422.72,Spark Ads,CA,TikTok - Retargeting - C03,136115,1848,1346.47,3639.67,TikTok,270.3120010100485,9.892150020203504,0.7286093073593074,1.3576754949858576
2025-06-16,3112,1406,1413,246546.12,146123.4,100422.72,Spark Ads,CA,TikTok - Spark Ads - C04,98240,1383,940.27,1912.15,TikTok,203.36180033394666,9.571152280130294,0.679877078814172,1.4077768729641693
2025-06-16,3112,1406,1413,246546.12,146123.4,100422.72,Spark Ads,CA,TikTok - Spark Ads - C05,161484,2273,1879.61,4901.13,TikTok,260.7524965285352,11.639605162121324,0.8269291684997799,1.4075697901959328
2025-06-16,3112,1406,1413,246546.12,146123.4,100422.72,Retargeting,CA,TikTok - Spark Ads - C06,108979,1783,1149.13,3308.54,TikTok,287.9169458633923,10.54450857504657,0.6444924284913068,1.636095027482359
2025-06-16,3112,1406,1413,246546.12,146123.4,100422.72,Retargeting,CA,TikTok - Retargeting - C07,71442,1112,740.32,2462.21,TikTok,332.587259563432,10.362531844013326,0.6657553956834533,1.5565073766131967
2025-06-16,3112,1406,1413,246546.12,146123.4,100422.72,Retargeting,CA,TikTok - Spark Ads - C08,262474,4064,1412.21,4558.94,TikTok,322.8230928827865,5.380380532928976,0.34749261811023624,1.5483438359608952
2025-06-16,3112,1406,1413,246546.12,146123.4,100422.72,Retargeting,CA,TikTok - Spark Ads - C09,166338,2564,764.51,2458.84,TikTok,321.6230003531674,4.596123555651745,0.29817082683307333,1.5414397191261167
2025-06-16,3112,1406,1413,246546.12,146123.4,100422.72,Retargeting,CA,TikTok - Retargeting - C10,90952,1571,409.81,1381.8,TikTok,337.18064468900224,4.50578327029642,0.26085932527052835,1.7272847216113996
2025-06-17,2754,828,796,268478.64,155613.89,112864.75,Asc,NY,Facebook - ASC - C01,186481,3075,2300.16,5786.03,Facebook,251.54902267668336,12.334554190507344,0.7480195121951219,1.6489615564052102
2025-06-17,2754,828,796,268478.64,155613.89,112864.75,Prospecting,NY,Facebook - Prospecting - C02,165275,2179,1399.14,3157.05,Facebook,225.64218019640637,8.465527151716836,0.6421018815970629,1.3184087127514748
2025-06-17,2754,828,796,268478.64,155613.89,112864.75,Prospecting,NY,Facebook - Prospecting - C03,117735,1461,979.28,2185.55,Facebook,223.1792745690712,8.317662547245932,0.670280629705681,1.2409224104981527
2025-06-17,2754,828,796,268478.64,155613.89,112864.75,Asc,CA,Facebook - Prospecting - C04,195813,2769,2566.87,7719.76,Facebook,300.746044793854,13.108782358678944,0.9270025279884434,1.4141042729542983
2025-06-17,2754,828,796,268478.64,155613.89,112864.75,Prospecting,NY,Facebook - ASC - C05,208769,2296,1164.71,2413.36,Facebook,207.20694421787397,5.578941317915975,0.5072778745644599,1.0997801397717093
2025-06-17,2754,828,796,268478.64,155613.89,112864.75,Asc,NY,Facebook - ASC - C06,316052,4426,3734.61,10577.69,Facebook,283.2341261872057,11.816441598218015,0.843788974243109,1.4004024654170832
2025-06-17,2754,828,796,268478.64,155613.89,112864.75,Asc,NY,Facebook - ASC - C07,194572,2879,1289.98,3738.26,Facebook,289.7920897998419,6.629833686244681,0.4480653004515457,1.4796579158357832
2025-06-17,2754,828,796,268478.64,155613.89,112864.75,Asc,CA,Facebook - Prospecting - C08,163620,2436,1601.41,4452.86,Facebook,278.0587107611417,9.787373181762621,0.6573932676518883,1.4888155482214889
2025-06-17,2754,828,796,268478.64,155613.89,112864.75,Prospecting,CA,Facebook - Prospecting - C09,246775,3046,2462.0,5724.93,Facebook,232.53168155970755,9.976699422550906,0.8082731451083388,1.2343227636510992
2025-06-17,2754,828,796,268478.64,155613.89,112864.75,Prospecting,CA,Facebook - ASC - C10,182203,2035,1864.82,5275.95,Facebook,282.92006735234503,10.234847944325834,0.9163734643734643,1.1168861105470271
2025-06-17,2754,828,796,268478.64,155613.89,112864.75,Non-Branded Search,CA,Google - Display - C01,157978,6687,1223.17,3907.44,Google,319.4519159233794,7.742660370431326,0.18291760131598625,4.232867867677778
2025-06-17,2754,828,796,268478.64,155613.89,112864.75,Non-Branded Search,NY,Google - Non-Branded Search - C02,214309,10375,1469.67,4572.61,Google,311.13175066511525,6.857714794992278,0.14165493975903615,4.8411405960552285
2025-06-17,2754,828,796,268478.64,155613.89,112864.75,Non-Branded Search,CA,Google - Non-Branded Search - C03,263738,11755,1772.87,5627.46,Google,317.42090508610335,6.722087829588455,0.15081837515950658,4.457074824257408
2025-06-17,2754,828,796,268478.64,155613.89,112864.75,Non-Branded Search,NY,Google - Non-Branded Search - C04,280768,12372,927.01,2699.91,Google,291.2492853367278,3.301693925233645,0.07492806336889751,4.406485069523593
2025-06-17,2754,828,796,268478.64,155613.89,112864.75,Non-Branded Search,CA,Google - Non-Branded Search - C05,175396,8187,611.08,1805.22,Google,295.4146756562152,3.4840019156651234,0.07464028337608404,4.667723323222878
2025-06-17,2754,828,796,268478.64,155613.89,112864.75,Display,CA,Google - Non-Branded Search - C06,141049,544,807.59,1266.98,Google,156.88406245743508,5.725598905344951,1.4845404411764707,0.3856815716524045
2025-06-17,2754,828,796,268478.64,155613.89,112864.75,Non-Branded Search,CA,Google - Display - C07,111706,5017,901.69,3046.95,Google,337.9154698399671,8.071992551877251,0.17972692844329283,4.491253827010187
2025-06-17,2754,828,796,268478.64,155613.89,112864.75,Non-Branded Search,CA,Google - Display - C08,172461,7905,1788.26,6178.31,Google,345.49282542806975,10.369068948921786,0.22621884882985452,4.5836449979995475
2025-06-17,2754,828,796,268478.64,155613.89,112864.75,Non-Branded Search,CA,Google - Display - C09,215505,9388,2211.73,7316.55,Google,330.80665361504344,10.263010138975895,0.23559118023008097,4.356279436672003
2025-06-17,2754,828,796,268478.64,155613.89,112864.75,Non-Branded Search,NY,Google - Non-Branded Search - C10,139518,6871,1285.88,4722.02,Google,367.22089152953623,9.216588540546741,0.18714597584048903,4.924812568987514
2025-06-17,2754,828,796,268478.64,155613.89,112864.75,Retargeting,CA,TikTok - Retargeting - C01,108129,1743,620.27,1548.42,TikTok,249.63644864333276,5.736388942836797,0.355863453815261,1.611963488055933
2025-06-17,2754,828,796,268478.64,155613.89,112864.75,Retargeting,CA,TikTok - Retargeting - C02,179689,2951,2090.1,6783.11,TikTok,324.5351897038419,11.631763769624184,0.7082683835987801,1.6422819426898698
2025-06-17,2754,828,796,268478.64,155613.89,112864.75,Spark Ads,CA,TikTok - Retargeting - C03,110222,1291,576.25,1205.76,TikTok,209.24251626898047,5.228085137268422,0.44635941130906276,1.1712725227268603
2025-06-17,2754,828,796,268478.64,155613.89,112864.75,Spark Ads,CA,TikTok - Spark Ads - C04,125100,1767,627.17,1386.99,TikTok,221.15056523749544,5.013349320543565,0.3549349179400113,1.4124700239808152
2025-06-17,2754,828,796,268478.64,155613.89,112864.75,Spark Ads,CA,TikTok - Spark Ads - C05,236662,3366,1655.22,4346.68,TikTok,262.60436679112144,6.994025234300395,0.49174688057041,1.4222815661153883
2025-06-17,2754,828,796,268478.64,155613.89,112864.75,Retargeting,CA,TikTok - Spark Ads - C06,64633,1017,359.24,1087.95,TikTok,302.84767843224586,5.5581514087230985,0.35323500491642085,1.5734996054647006
2025-06-17,2754,828,796,268478.64,155613.89,112864.75,Retargeting,CA,TikTok - Retargeting - C07,165749,2861,1626.99,4363.65,TikTok,268.2038611177696,9.815986823449915,0.5686787836420832,1.7261039282288277
2025-06-17,2754,828,796,268478.64,155613.89,112864.75,Retargeting,CA,TikTok - Spark Ads - C08,142553,2348,1450.77,4535.1,TikTok,312.5995161190265,10.17705695425561,0.6178747870528108,1.647106690143315
2025-06-17,2754,828,796,268478.64,155613.89,112864.75,Retargeting,CA,TikTok - Spark Ads - C09,68515,1128,772.26,2233.91,TikTok,289.2691580555771,11.271400423264978,0.684627659574468,1.6463548128147119
2025-06-17,2754,828,796,268478.64,155613.89,112864.75,Retargeting,CA,TikTok - Retargeting - C10,64612,975,254.96,683.68,TikTok,268.15186695952303,3.9460162198972326,0.2614974358974359,1.5090076146845786
2025-06-18,2350,948,933,205892.84,111708.52,94184.32,Asc,NY,Facebook - ASC - C01,140242,2171,948.94,2652.16,Facebook,279.4865850317196,6.766446570927397,0.437098111469369,1.5480383907816488
2025-06-18,2350,948,933,205892.84,111708.52,94184.32,Prospecting,NY,Facebook - Prospecting - C02,236475,2916,1518.92,3529.92,Facebook,232.39670292049612,6.42317369700814,0.5208916323731139,1.2331113225499524
2025-06-18,2350,948,933,205892.84,111708.52,94184.32,Prospecting,NY,Facebook - Prospecting - C03,104085,1341,828.97,1984.98,Facebook,239.45136735949433,7.9643560551472365,0.6181730052199851,1.288370082144401
2025-06-18,2350,948,933,205892.84,111708.52,94184.32,Asc,CA,Facebook - Prospecting - C04,138054,2274,1279.24,3730.83,Facebook,291.6442575279072,9.266229156706796,0.5625505716798593,1.647181537659177
2025-06-18,2350,948,933,205892.84,111708.52,94184.32,Prospecting,NY,Facebook - ASC - C05,215324,2768,2100.46,5718.18,Facebook,272.23465336164463,9.754881016514647,0.7588367052023122,1.285504634875815
2025-06-18,2350,948,933,205892.84,111708.52,94184.32,Asc,NY,Facebook - ASC - C06,72838,1027,874.78,2525.01,Facebook,288.64514506504497,12.009939866553172,0.8517818889970789,1.4099783080260302
2025-06-18,2350,948,933,205892.84,111708.52,94184.32,Asc,NY,Facebook - ASC - C07,139850,2254,882.17,2336.87,Facebook,264.9001893059161,6.307972828030032,0.39137976929902396,1.6117268501966393
2025-06-18,2350,948,933,205892.84,111708.52,94184.32,Asc,CA,Facebook - Prospecting - C08,226789,3167,2520.55,6597.13,Facebook,261.733748586618,11.11407519765068,0.7958793811177771,1.396452208881383
2025-06-18,2350,948,933,205892.84,111708.52,94184.32,Prospecting,CA,Facebook - Prospecting - C09,97314,1121,1245.31,3138.09,Facebook,251.9926765223117,12.796822656555069,1.110892060660125,1.1519411389933616
2025-06-18,2350,948,933,205892.84,111708.52,94184.32,Prospecting,CA,Facebook - ASC - C10,205628,2544,1983.02,5322.19,Facebook,268.38811509717505,9.643725562666564,0.7794889937106918,1.2371855972921975
2025-06-18,2350,948,933,205892.84,111708.52,94184.32,Non-Branded Search,CA,Google - Display - C01,100062,4149,942.45,2625.41,Google,278.57286858719294,9.41866043053307,0.22715112075198846,4.14642921388739
2025-06-18,2350,948,933,205892.84,111708.52,94184.32,Non-Branded Search,NY,Google - Non-Branded Search - C02,259038,11764,1942.76,6270.73,Google,322.77430047972985,7.499903489063381,0.16514450867052022,4.541418633559554
2025-06-18,2350,948,933,205892.84,111708.52,94184.32,Non-Branded Search,CA,Google - Non-Branded Search - C03,165796,7235,1344.56,3937.3,Google,292.83185577437973,8.109725204468141,0.18584105044920524,4.36379647277377
2025-06-18,2350,948,933,205892.84,111708.52,94184.32,Non-Branded Search,NY,Google - Non-Branded Search - C04,261556,12542,2616.2,7859.44,Google,300.4143414112071,10.002446894737647,0.2085951203954712,4.795149031182615
2025-06-18,2350,948,933,205892.84,111708.52,94184.32,Non-Branded Search,CA,Google - Non-Branded Search - C05,167701,7317,1134.45,3640.87,Google,320.93701793820793,6.764718159104597,0.15504305043050431,4.363122462000823
2025-06-18,2350,948,933,205892.84,111708.52,94184.32,Display,CA,Google - Non-Branded Search - C06,159338,591,743.66,1127.75,Google,151.64860285614395,4.667185479923182,1.2583079526226735,0.3709096386298309
2025-06-18,2350,948,933,205892.84,111708.52,94184.32,Non-Branded Search,CA,Google - Display - C07,173052,8029,1774.61,6517.19,Google,367.2463245445478,10.254778910385317,0.2210250342508407,4.639645886785475
2025-06-18,2350,948,933,205892.84,111708.52,94184.32,Non-Branded Search,CA,Google - Display - C08,221887,10437,1341.59,3703.4,Google,276.0455876981791,6.0462758070549425,0.12854172654977483,4.7037456002379585
2025-06-18,2350,948,933,205892.84,111708.52,94184.32,Non-Branded Search,CA,Google - Display - C09,124751,6095,595.66,1782.39,Google,299.2294261827217,4.774791384437799,0.0977292863002461,4.885732378898766
2025-06-18,2350,948,933,205892.84,111708.52,94184.32,Non-Branded Search,NY,Google - Non-Branded Search - C10,383426,18626,2390.43,6832.38,Google,285.82221608664554,6.234397250056073,0.12833834424997315,4.857782205692885
2025-06-18,2350,948,933,205892.84,111708.52,94184.32,Retargeting,CA,TikTok - Retargeting - C01,68970,1078,391.35,1211.85,TikTok,309.65887313146794,5.6742061765985214,0.3630333951762523,1.562998405103668
2025-06-18,2350,948,933,205892.84,111708.52,94184.32,Retargeting,CA,TikTok - Retargeting - C02,125931,1891,1267.68,3797.79,TikTok,299.5858576296857,10.066464968911546,0.6703754627181386,1.5016159642979092
2025-06-18,2350,948,933,205892.84,111708.52,94184.32,Spark Ads,CA,TikTok - Retargeting - C03,148501,2087,1375.34,3083.77,TikTok,224.21873863917287,9.261486454636668,0.6590033540967896,1.4053777415640298
2025-06-18,2350,948,933,205892.84,111708.52,94184.32,Spark Ads,CA,TikTok - Spark Ads - C04,118461,1401,986.76,2233.85,TikTok,226.38230167416594,8.329830070656165,0.7043254817987152,1.1826677134246713
2025-06-18,2350,948,933,205892.84,111708.52,94184.32,Spark Ads,CA,TikTok - Spark Ads - C05,206906,2589,1793.91,4384.2,TikTok,244.39353144806594,8.67016906227949,0.6928968713789108,1.2512928576261684
2025-06-18,2350,948,933,205892.84,111708.52,94184.32,Retargeting,CA,TikTok - Spark Ads - C06,185316,2809,2118.61,6132.44,TikTok,289.455822449625,11.432418139826027,0.7542221431114275,1.5157892464762892
2025-06-18,2350,948,933,205892.84,111708.52,94184.32,Retargeting,CA,TikTok - Retargeting - C07,112053,1718,574.98,1475.25,TikTok,256.57414170927683,5.131321785226634,0.33467986030267755,1.5332030378481611
2025-06-18,2350,948,933,205892.84,111708.52,94184.32,Retargeting,CA,TikTok - Spark Ads - C08,226404,3764,1094.89,3627.87,TikTok,331.34561462795347,4.836001130722073,0.290884697130712,1.6625147965583649
2025-06-18,2350,948,933,205892.84,111708.52,94184.32,Retargeting,CA,TikTok - Spark Ads - C09,80881,1308,324.12,1046.74,TikTok,322.94829075650995,4.0073688505335,0.24779816513761468,1.617190687553319
2025-06-18,2350,948,933,205892.84,111708.52,94184.32,Retargeting,CA,TikTok - Retargeting - C10,163496,2377,714.53,2132.5,TikTok,298.4479308076638,4.370320986446152,0.30060159865376523,1.4538581983657093
2025-06-19,3329,1745,1642,252292.39,135610.52,116681.87,Asc,NY,Facebook - ASC - C01,139746,2088,1004.31,3006.39,Facebook,299.3488066433671,7.186681550813619,0.4809913793103448,1.494139367137521
2025-06-19,3329,1745,1642,252292.39,135610.52,116681.87,Prospecting,NY,Facebook - Prospecting - C02,60146,721,522.39,1220.1,Facebook,233.56113248722215,8.685365610348153,0.7245353675450763,1.1987497090413328
2025-06-19,3329,1745,1642,252292.39,135610.52,116681.87,Prospecting,NY,Facebook - Prospecting - C03,153635,1964,1297.87,3381.98,Facebook,260.5792567822664,8.447749536238486,0.6608299389002036,1.2783545416083575
2025-06-19,3329,1745,1642,252292.39,135610.52,116681.87,Asc,CA,Facebook - Prospecting - C04,68428,962,997.95,2748.77,Facebook,275.44165539355674,14.583942245864268,1.0373700623700624,1.4058572514175482
2025-06-19,3329,1745,1642,252292.39,135610.52,116681.87,Prospecting,NY,Facebook - ASC - C05,112838,1419,986.42,2039.6,Facebook,206.7679081932645,8.741913185274464,0.6951515151515151,1.2575550789627608
2025-06-19,3329,1745,1642,252292.39,135610.52,116681.87,Asc,NY,Facebook - ASC - C06,156393,2568,1692.36,3968.98,Facebook,234.52338745893312,10.821200437359728,0.659018691588785,1.6420172258349157
2025-06-19,3329,1745,1642,252292.39,135610.52,116681.87,Asc,NY,Facebook - ASC - C07,184805,2544,1871.26,5531.26,Facebook,295.5901371268557,10.125591840047617,0.7355581761006289,1.3765861313276155
2025-06-19,3329,1745,1642,252292.39,135610.52,116681.87,Asc,CA,Facebook - Prospecting - C08,138353,2068,1203.12,3184.64,Facebook,264.69845069486007,8.696016710877249,0.581779497098646,1.4947272556431737
2025-06-19,3329,1745,1642,252292.39,135610.52,116681.87,Prospecting,CA,Facebook - Prospecting - C09,121204,1349,1010.46,2544.02,Facebook,251.76850147457594,8.336853569189136,0.7490437361008154,1.112999570971255
2025-06-19,3329,1745,1642,252292.39,135610.52,116681.87,Prospecting,CA,Facebook - ASC - C10,225275,2552,2768.27,7232.4,Facebook,261.26064292861605,12.288403062923093,1.0847452978056427,1.1328376428809235
2025-06-19,3329,1745,1642,252292.39,135610.52,116681.87,Non-Branded Search,CA,Google - Display - C01,250666,11737,2315.48,7345.28,Google,317.2249382417468,9.237311801361173,0.19728039533100453,4.682326282782667
2025-06-19,3329,1745,1642,252292.39,135610.52,116681.87,Non-Branded Search,NY,Google - Non-Branded Search - C02,276352,11770,1004.75,3488.05,Google,347.1560089574521,3.6357616373320982,0.08536533559898046,4.259060907827697
2025-06-19,3329,1745,1642,252292.39,135610.52,116681.87,Non-Branded Search,CA,Google - Non-Branded Search - C03,145155,6977,1113.56,2987.21,Google,268.2576601171019,7.671523543798009,0.15960441450480148,4.806586063173849
2025-06-19,3329,1745,1642,252292.39,135610.52,116681.87,Non-Branded Search,NY,Google - Non-Branded Search - C04,352183,16703,2044.54,6127.72,Google,299.71142653115123,5.8053341586618314,0.1224055558881638,4.742704786999941
2025-06-19,3329,1745,1642,252292.39,135610.52,116681.87,Non-Branded Search,CA,Google - Non-Branded Search - C05,208214,9493,1047.76,3681.57,Google,351.3753149576239,5.032130404295581,0.11037185294427473,4.559251539281701
2025-06-19,3329,1745,1642,252292.39,135610.52,116681.87,Display,CA,Google - Non-Branded Search - C06,116371,489,873.35,1272.72,Google,145.728516631362,7.504876644524838,1.7859918200408997,0.42020778372618606
2025-06-19,3329,1745,1642,252292.39,135610.52,116681.87,Non-Branded Search,CA,Google - Display - C07,272987,11096,1262.23,3731.96,Google,295.6640231970402,4.623773293233744,0.11375540735400144,4.06466241982219
2025-06-19,3329,1745,1642,252292.39,135610.52,116681.87,Non-Branded Search,CA,Google - Display - C08,140769,6447,842.44,2336.5,Google,277.3491287213333,5.984556258835398,0.13067163021560416,4.579843573514055
2025-06-19,3329,1745,1642,252292.39,135610.52,116681.87,Non-Branded Search,CA,Google - Display - C09,195985,9129,1536.52,4793.33,Google,311.9601437013511,7.839987754164858,0.16831197283382626,4.658009541546547
2025-06-19,3329,1745,1642,252292.39,135610.52,116681.87,Non-Branded Search,NY,Google - Non-Branded Search - C10,287960,12621,2544.96,8248.86,Google,324.1253300641268,8.83789415196555,0.20164487758497743,4.382900402833727
2025-06-19,3329,1745,1642,252292.39,135610.52,116681.87,Retargeting,CA,TikTok - Retargeting - C01,109952,1645,1163.38,3416.39,TikTok,293.66071275077786,10.580798894062864,0.7072218844984803,1.4961073923166472
2025-06-19,3329,1745,1642,252292.39,135610.52,116681.87,Retargeting,CA,TikTok - Retargeting - C02,122688,1974,853.88,2198.99,TikTok,257.52916100623037,6.959767866458007,0.43256332320162105,1.6089593114241
2025-06-19,3329,1745,1642,252292.39,135610.52,116681.87,Spark Ads,CA,TikTok - Retargeting - C03,108584,1478,1330.27,3468.42,TikTok,260.73052838897365,12.251068297355044,0.9000473612990527,1.361158181684226
2025-06-19,3329,1745,1642,252292.39,135610.52,116681.87,Spark Ads,CA,TikTok - Spark Ads - C04,126469,1594,725.09,1703.34,TikTok,234.9142865023652,5.733341767547779,0.4548870765370138,1.2603879211506377
2025-06-19,3329,1745,1642,252292.39,135610.52,116681.87,Spark Ads,CA,TikTok - Spark Ads - C05,95873,1294,1008.93,2540.8,TikTok,251.83114784970218,10.523609358213468,0.7796986089644513,1.3497022102155978
2025-06-19,3329,1745,1642,252292.39,135610.52,116681.87,Retargeting,CA,TikTok - Spark Ads - C06,226136,3394,2196.05,6038.67,TikTok,274.978711777965,9.71119149538331,0.64703889216264,1.5008667350620866
2025-06-19,3329,1745,1642,252292.39,135610.52,116681.87,Retargeting,CA,TikTok - Retargeting - C07,76837,1168,354.67,995.03,TikTok,280.5509346716666,4.615875164308862,0.3036558219178082,1.5201009930111795
2025-06-19,3329,1745,1642,252292.39,135610.52,116681.87,Retargeting,CA,TikTok - Spark Ads - C08,132825,1958,782.94,2242.24,TikTok,286.3872071933992,5.894522868435913,0.3998672114402452,1.474120082815735
2025-06-19,3329,1745,1642,252292.39,135610.52,116681.87,Retargeting,CA,TikTok - Spark Ads - C09,119025,1791,1236.12,4164.43,TikTok,336.89528524738705,10.385381222432262,0.6901842546063651,1.5047258979206048
2025-06-19,3329,1745,1642,252292.39,135610.52,116681.87,Retargeting,CA,TikTok - Retargeting - C10,92215,1409,626.9,1860.12,TikTok,296.71717977348857,6.798243235916065,0.4449254790631654,1.5279509841132137
2025-06-20,2352,1050,1029,238838.78,140053.87,98784.91,Asc,NY,Facebook - ASC - C01,257625,3800,3395.33,11143.28,Facebook,328.19431395475556,13.179349830179524,0.8935078947368421,1.4750121300339643
2025-06-20,2352,1050,1029,238838.78,140053.87,98784.91,Prospecting,NY,Facebook - Prospecting - C02,110028,1353,873.81,2052.49,Facebook,234.88973575491235,7.941705747627877,0.6458314855875831,1.2296869887664958
2025-06-20,2352,1050,1029,238838.78,140053.87,98784.91,Prospecting,NY,Facebook - Prospecting - C03,75272,960,920.98,1877.13,Facebook,203.8187582792243,12.235359761930066,0.9593541666666667,1.2753746413008822
2025-06-20,2352,1050,1029,238838.78,140053.87,98784.91,Asc,CA,Facebook - Prospecting - C04,218415,3535,1527.33,3807.48,Facebook,249.28993734163544,6.992788956802418,0.43205940594059405,1.6184785843463132
2025-06-20,2352,1050,1029,238838.78,140053.87,98784.91,Prospecting,NY,Facebook - ASC - C05,204219,2690,1343.7,2950.78,Facebook,219.6011014363325,6.57970120312018,0.49951672862453533,1.3172133836714508
2025-06-20,2352,1050,1029,238838.78,140053.87,98784.91,Asc,NY,Facebook - ASC - C06,234484,3598,2242.28,6489.25,Facebook,289.404088695435,9.562614080278399,0.6232017787659812,1.534433053001484
2025-06-20,2352,1050,1029,238838.78,140053.87,98784.91,Asc,NY,Facebook - ASC - C07,147742,2347,1564.77,3747.94,Facebook,239.52018507512287,10.591233366273638,0.6667106945036216,1.588580092323104
2025-06-20,2352,1050,1029,238838.78,140053.87,98784.91,Asc,CA,Facebook - Prospecting - C08,149689,2085,1247.53,3767.26,Facebook,301.97750755492854,8.334146129642123,0.5983357314148681,1.3928879209561156
2025-06-20,2352,1050,1029,238838.78,140053.87,98784.91,Prospecting,CA,Facebook - Prospecting - C09,224129,2548,2228.6,5538.95,Facebook,248.5394418020282,9.943380820866553,0.874646781789639,1.1368452989126798
2025-06-20,2352,1050,1029,238838.78,140053.87,98784.91,Prospecting,CA,Facebook - ASC - C10,87317,1091,1154.6,2623.49,Facebook,227.2206824874415,13.223083706494725,1.0582951420714939,1.249470320785185
2025-06-20,2352,1050,1029,238838.78,140053.87,98784.91,Non-Branded Search,CA,Google - Display - C01,97912,4286,769.45,2180.64,Google,283.4024303073624,7.8585873028842235,0.1795263649090061,4.377400114388431
2025-06-20,2352,1050,1029,238838.78,140053.87,98784.91,Non-Branded Search,NY,Google - Non-Branded Search - C02,213266,8819,928.81,3089.89,Google,332.67191352375625,4.355171475997111,0.10531919718788978,4.135211426106364
2025-06-20,2352,1050,1029,238838.78,140053.87,98784.91,Non-Branded Search,CA,Google - Non-Branded Search - C03,207161,9877,1056.34,3187.33,Google,301.73334343109224,5.099125800705731,0.10694947858661535,4.767789303971307
2025-06-20,2352,1050,1029,238838.78,140053.87,98784.91,Non-Branded Search,NY,Google - Non-Branded Search - C04,217567,10281,2170.84,6538.18,Google,301.18203091890695,9.977799942086808,0.21115066627759946,4.725440898665698
2025-06-20,2352,1050,1029,238838.78,140053.87,98784.91,Non-Branded Search,CA,Google - Non-Branded Search - C05,159208,7221,1381.43,3654.3,Google,264.53023316418495,8.676888096075576,0.19130729815814984,4.535576101703432
2025-06-20,2352,1050,1029,238838.78,140053.87,98784.91,Display,CA,Google - Non-Branded Search - C06,117434,488,415.07,694.81,Google,167.39586093911868,3.5344959722056646,0.8505532786885246,0.4155525656964763
2025-06-20,2352,1050,1029,238838.78,140053.87,98784.91,Non-Branded Search,CA,Google - Display - C07,111470,4809,546.83,1527.69,Google,279.37201689739044,4.9056248317933075,0.11370971095861926,4.314165246254598
2025-06-20,2352,1050,1029,238838.78,140053.87,98784.91,Non-Branded Search,CA,Google - Display - C08,214969,9558,1666.52,4637.94,Google,278.3008904783621,7.752373598053673,0.17435865243774848,4.446222478589936
2025-06-20,2352,1050,1029,238838.78,140053.87,98784.91,Non-Branded Search,CA,Google - Display - C09,129379,6063,777.77,2134.81,Google,274.47831621173356,6.011562927523014,0.12828137885535212,4.6862319232642085
2025-06-20,2352,1050,1029,238838.78,140053.87,98784.91,Non-Branded Search,NY,Google - Non-Branded Search - C10,299429,13282,1481.71,4181.69,Google,282.22054248132224,4.9484518867577965,0.11155774732720976,4.435776093831927
2025-06-20,2352,1050,1029,238838.78,140053.87,98784.91,Retargeting,CA,TikTok - Retargeting - C01,102478,1707,796.87,2375.6,TikTok,298.1163803380727,7.776010460781826,0.4668248388986526,1.6657233747731222
2025-06-20,2352,1050,1029,238838.78,140053.87,98784.91,Retargeting,CA,TikTok - Retargeting - C02,73012,1114,453.64,1467.69,TikTok,323.5362842782824,6.213225223250973,0.4072172351885099,1.525776584671013
2025-06-20,2352,1050,1029,238838.78,140053.87,98784.91,Spark Ads,CA,TikTok - Retargeting - C03,192410,2471,2351.99,5570.16,TikTok,236.82753753204736,12.22384491450548,0.9518373128288141,1.284236786029832
2025-06-20,2352,1050,1029,238838.78,140053.87,98784.91,Spark Ads,CA,TikTok - Spark Ads - C04,85042,1093,742.64,1941.02,TikTok,261.3675535925886,8.732626231744314,0.6794510521500458,1.2852472895745632
2025-06-20,2352,1050,1029,238838.78,140053.87,98784.91,Spark Ads,CA,TikTok - Spark Ads - C05,122021,1552,1044.85,2552.53,TikTok,244.29631047518785,8.562870325599691,0.6732280927835051,1.2719122118323896
2025-06-20,2352,1050,1029,238838.78,140053.87,98784.91,Retargeting,CA,TikTok - Spark Ads - C06,160221,2508,1260.58,3652.86,TikTok,289.7761347950944,7.867757659732494,0.5026236044657098,1.5653378770573145
2025-06-20,2352,1050,1029,238838.78,140053.87,98784.91,Retargeting,CA,TikTok - Retargeting - C07,132994,2087,957.34,2606.08,TikTok,272.220945536591,7.198369851271486,0.4587158600862482,1.5692437252808396
2025-06-20,2352,1050,1029,238838.78,140053.87,98784.91,Retargeting,CA,TikTok - Spark Ads - C08,90750,1312,437.64,1279.18,TikTok,292.29046705054384,4.8224793388429745,0.3335670731707317,1.4457300275482092
2025-06-20,2352,1050,1029,238838.78,140053.87,98784.91,Retargeting,CA,TikTok - Spark Ads - C09,111779,1833,981.07,2852.86,TikTok,290.79066733260623,8.776872221079094,0.5352264048008729,1.6398429043022393
2025-06-20,2352,1050,1029,238838.78,140053.87,98784.91,Retargeting,CA,TikTok - Retargeting - C10,114912,1735,1391.55,4167.51,TikTok,299.48690309367254,12.10970133667502,0.8020461095100865,1.5098510164299637
2025-06-21,2642,1314,1325,193739.26,101995.71,91743.55,Asc,NY,Facebook - ASC - C01,164949,2475,1276.54,3163.95,Facebook,247.85357293935166,7.738998114568745,0.5157737373737373,1.5004637797137297
2025-06-21,2642,1314,1325,193739.26,101995.71,91743.55,Prospecting,NY,Facebook - Prospecting - C02,95616,1125,1164.02,2647.48,Facebook,227.44282744282748,12.173903949129853,1.0346844444444445,1.176581325301205
2025-06-21,2642,1314,1325,193739.26,101995.71,91743.55,Prospecting,NY,Facebook - Prospecting - C03,137834,1711,1327.57,3633.3,Facebook,273.6804838916215,9.631658371664466,0.7759029807130333,1.2413482885209746
2025-06-21,2642,1314,1325,193739.26,101995.71,91743.55,Asc,CA,Facebook - Prospecting - C04,162137,2459,2253.1,5196.25,Facebook,230.62669211308867,13.896272905012427,0.9162667751118341,1.5166186619957196
2025-06-21,2642,1314,1325,193739.26,101995.71,91743.55,Prospecting,NY,Facebook - ASC - C05,198608,2396,2632.71,6189.65,Facebook,235.1056515909462,13.255810440667043,1.0987938230383973,1.2063965197776525
2025-06-21,2642,1314,1325,193739.26,101995.71,91743.55,Asc,NY,Facebook - ASC - C06,184492,2792,2284.66,6406.68,Facebook,280.4215944604449,12.383517984519653,0.8182879656160458,1.5133447520759709
2025-06-21,2642,1314,1325,193739.26,101995.71,91743.55,Asc,NY,Facebook - ASC - C07,289799,4024,3105.82,8473.91,Facebook,272.83970094854175,10.717152233099494,0.771824055666004,1.3885486147295194
2025-06-21,2642,1314,1325,193739.26,101995.71,91743.55,Asc,CA,Facebook - Prospecting - C08,118309,1828,1327.07,3083.37,Facebook,232.34418681757555,11.216982647135888,0.7259682713347921,1.5451064585111867
2025-06-21,2642,1314,1325,193739.26,101995.71,91743.55,Prospecting,CA,Facebook - Prospecting - C09,104767,1192,1041.26,2723.88,Facebook,261.59460653439106,9.938816612101139,0.8735402684563758,1.1377628451707122
2025-06-21,2642,1314,1325,193739.26,101995.71,91743.55,Prospecting,CA,Facebook - ASC - C10,105156,1344,1107.33,2895.2,Facebook,261.4577406915734,10.530354901289511,0.82390625,1.2781011069268515
2025-06-21,2642,1314,1325,193739.26,101995.71,91743.55,Non-Branded Search,CA,Google - Display - C01,103675,4568,549.29,1818.81,Google,331.12017331464256,5.298191463708705,0.12024737302977233,4.406076681938751
2025-06-21,2642,1314,1325,193739.26,101995.71,91743.55,Non-Branded Search,NY,Google - Non-Branded Search - C02,182698,8959,880.21,2375.04,Google,269.8265186716806,4.8178414651501384,0.09824868846969528,4.903720894591074
2025-06-21,2642,1314,1325,193739.26,101995.71,91743.55,Non-Branded Search,CA,Google - Non-Branded Search - C03,144867,6345,617.17,2025.6,Google,328.20778715750924,4.26025250747237,0.09726871552403467,4.379879475656981
2025-06-21,2642,1314,1325,193739.26,101995.71,91743.55,Non-Branded Search,NY,Google - Non-Branded Search - C04,123053,5975,928.46,2718.01,Google,292.74389849858903,7.545204099046752,0.1553907949790795,4.85563131333653
2025-06-21,2642,1314,1325,193739.26,101995.71,91743.55,Non-Branded Search,CA,Google - Non-Branded Search - C05,286150,13717,2578.28,7319.0,Google,283.87141815473876,9.01023938493797,0.18796238244514107,4.793639699458327
2025-06-21,2642,1314,1325,193739.26,101995.71,91743.55,Display,CA,Google - Non-Branded Search - C06,114791,476,1171.63,1796.8,Google,153.3589955873441,10.206636408777692,2.4614075630252104,0.4146666550513542
2025-06-21,2642,1314,1325,193739.26,101995.71,91743.55,Non-Branded Search,CA,Google - Display - C07,158694,7153,935.12,2470.73,Google,264.2152878774917,5.892598333900462,0.13073116175031455,4.507416789544658
2025-06-21,2642,1314,1325,193739.26,101995.71,91743.55,Non-Branded Search,CA,Google - Display - C08,150094,6752,1079.12,3349.78,Google,310.4177477944993,7.189627833224511,0.15982227488151657,4.498514264394313
2025-06-21,2642,1314,1325,193739.26,101995.71,91743.55,Non-Branded Search,CA,Google - Display - C09,180272,7975,1121.08,3629.44,Google,323.7449602169337,6.218824886837667,0.1405742946708464,4.423870595544511
2025-06-21,2642,1314,1325,193739.26,101995.71,91743.55,Non-Branded Search,NY,Google - Non-Branded Search - C10,166139,7934,1083.98,3033.23,Google,279.82342847654013,6.524536683138817,0.1366246533904714,4.775519294085074
2025-06-21,2642,1314,1325,193739.26,101995.71,91743.55,Retargeting,CA,TikTok - Retargeting - C01,136392,2214,1162.31,2924.92,TikTok,251.64715093219542,8.521834125168631,0.5249819331526648,1.6232623614288229
2025-06-21,2642,1314,1325,193739.26,101995.71,91743.55,Retargeting,CA,TikTok - Retargeting - C02,89760,1319,517.12,1701.44,TikTok,329.0222772277228,5.76114081996435,0.392054586808188,1.4694741532976827
2025-06-21,2642,1314,1325,193739.26,101995.71,91743.55,Spark Ads,CA,TikTok - Retargeting - C03,140662,1864,1585.9,3750.17,TikTok,236.46951257960777,11.274544653140152,0.850804721030043,1.3251624461475024
2025-06-21,2642,1314,1325,193739.26,101995.71,91743.55,Spark Ads,CA,TikTok - Spark Ads - C04,83507,1191,614.8,1352.46,TikTok,219.98373454782043,7.362257056294681,0.5162048698572628,1.4262277413869495
2025-06-21,2642,1314,1325,193739.26,101995.71,91743.55,Spark Ads,CA,TikTok - Spark Ads - C05,148996,1914,1596.24,3463.65,TikTok,216.98804691023906,10.713307739805096,0.8339811912225705,1.2845982442481676
2025-06-21,2642,1314,1325,193739.26,101995.71,91743.55,Retargeting,CA,TikTok - Spark Ads - C06,159926,2584,741.87,2242.35,TikTok,302.2564600266893,4.638832960244113,0.28710139318885447,1.6157472831184423
2025-06-21,2642,1314,1325,193739.26,101995.71,91743.55,Retargeting,CA,TikTok - Retargeting - C07,133454,1927,836.32,2388.1,TikTok,285.5485938396785,6.266728610607401,0.43400103788271926,1.443943231375605
2025-06-21,2642,1314,1325,193739.26,101995.71,91743.55,Retargeting,CA,TikTok - Spark Ads - C08,142277,2439,1008.34,3175.26,TikTok,314.89973620009124,7.087160960661246,0.4134235342353424,1.714261616424299
2025-06-21,2642,1314,1325,193739.26,101995.71,91743.55,Retargeting,CA,TikTok - Spark Ads - C09,130765,2150,1437.81,4920.59,TikTok,342.22811080740854,10.99537337972699,0.6687488372093023,1.6441708408213205
2025-06-21,2642,1314,1325,193739.26,101995.71,91743.55,Retargeting,CA,TikTok - Retargeting - C10,90292,1535,444.46,1432.92,TikTok,322.39571614993474,4.922473751827404,0.2895504885993485,1.7000398706419173
2025-06-22,2629,1324,1237,204623.63,110598.24,94025.39,Asc,NY,Facebook - ASC - C01,123672,1758,1663.0,3938.73,Facebook,236.84485868911605,13.446859434633547,0.9459613196814562,1.4215020376479721
2025-06-22,2629,1324,1237,204623.63,110598.24,94025.39,Prospecting,NY,Facebook - Prospecting - C02,174295,2012,1866.13,3997.94,Facebook,214.23695026605864,10.706732838004534,0.9275000000000001,1.1543647264694914
2025-06-22,2629,1324,1237,204623.63,110598.24,94025.39,Prospecting,NY,Facebook - Prospecting - C03,198567,2450,2799.97,6314.98,Facebook,225.53741647231936,14.100882825444307,1.1428448979591836,1.2338404669456657
2025-06-22,2629,1324,1237,204623.63,110598.24,94025.39,Asc,CA,Facebook - Prospecting - C04,259890,4182,2834.91,7503.51,Facebook,264.6824766923818,10.908114971718804,0.677883787661406,1.6091423294470737
2025-06-22,2629,1324,1237,204623.63,110598.24,94025.39,Prospecting,NY,Facebook - ASC - C05,239924,2997,1971.8,4490.01,Facebook,227.71122831930217,8.218435838015372,0.6579245912579246,1.249145562761541
2025-06-22,2629,1324,1237,204623.63,110598.24,94025.39,Asc,NY,Facebook - ASC - C06,110932,1820,1125.09,3314.34,Facebook,294.5844332453404,10.142159160566834,0.6181813186813186,1.6406447192874916
2025-06-22,2629,1324,1237,204623.63,110598.24,94025.39,Asc,NY,Facebook - ASC - C07,139936,2127,919.32,2189.3,Facebook,238.14341034677807,6.5695746627029505,0.43221438645980254,1.5199805625428768
2025-06-22,2629,1324,1237,204623.63,110598.24,94025.39,Asc,CA,Facebook - Prospecting - C08,199456,3115,1387.47,4531.22,Facebook,326.58147563550926,6.95627105727579,0.44541573033707865,1.5617479544360662
2025-06-22,2629,1324,1237,204623.63,110598.24,94025.39,Prospecting,CA,Facebook - Prospecting - C09,105538,1383,868.16,2103.32,Facebook,242.27331367489867,8.226041804847542,0.6277368040491684,1.3104284712615362
2025-06-22,2629,1324,1237,204623.63,110598.24,94025.39,Prospecting,CA,Facebook - ASC - C10,142145,1822,1215.7,3272.98,Facebook,269.22596035206055,8.55253438390376,0.6672338090010977,1.2817897217629886
2025-06-22,2629,1324,1237,204623.63,110598.24,94025.39,Non-Branded Search,CA,Google - Display - C01,139891,6357,608.18,1692.71,Google,278.32385149133484,4.347527718009021,0.09567091395312254,4.5442523107276385
2025-06-22,2629,1324,1237,204623.63,110598.24,94025.39,Non-Branded Search,NY,Google - Non-Branded Search - C02,223570,10056,1842.02,5066.75,Google,275.06487443133085,8.239119738784273,0.18317621320604613,4.497920114505524
2025-06-22,2629,1324,1237,204623.63,110598.24,94025.39,Non-Branded Search,CA,Google - Non-Branded Search - C03,230698,11268,751.42,2145.75,Google,285.5593409810758,3.2571587096550467,0.06668619098331557,4.884307622952951
2025-06-22,2629,1324,1237,204623.63,110598.24,94025.39,Non-Branded Search,NY,Google - Non-Branded Search - C04,311752,15221,2699.13,8341.76,Google,309.05365803055054,8.657939644332675,0.17732934761185207,4.882406528266057
2025-06-22,2629,1324,1237,204623.63,110598.24,94025.39,Non-Branded Search,CA,Google - Non-Branded Search - C05,218137,9586,1739.96,5193.78,Google,298.49996551644864,7.976455163498168,0.181510536198623,4.394486034006152
2025-06-22,2629,1324,1237,204623.63,110598.24,94025.39,Display,CA,Google - Non-Branded Search - C06,174209,744,1245.93,1658.36,Google,133.10218070036035,7.15192670872343,1.6746370967741937,0.42707322813402293
2025-06-22,2629,1324,1237,204623.63,110598.24,94025.39,Non-Branded Search,CA,Google - Display - C07,267007,12564,1809.92,6201.3,Google,342.62840346534654,6.7785488769957345,0.14405603311047438,4.705494612500796
2025-06-22,2629,1324,1237,204623.63,110598.24,94025.39,Non-Branded Search,CA,Google - Display - C08,257900,12122,901.97,2723.09,Google,301.9047196691686,3.497363319115937,0.07440768850024748,4.700271423032183
2025-06-22,2629,1324,1237,204623.63,110598.24,94025.39,Non-Branded Search,CA,Google - Display - C09,102088,4959,472.66,1288.52,Google,272.6103330089282,4.629927121698927,0.09531357128453317,4.857573857848132
2025-06-22,2629,1324,1237,204623.63,110598.24,94025.39,Non-Branded Search,NY,Google - Non-Branded Search - C10,217184,9938,1527.59,5258.66,Google,344.2455109027946,7.033621261234713,0.15371201448983698,4.575843524384853
2025-06-22,2629,1324,1237,204623.63,110598.24,94025.39,Retargeting,CA,TikTok - Retargeting - C01,194946,3264,1525.0,4675.58,TikTok,306.5954098360656,7.822679100879217,0.46721813725490197,1.6743098088701485
2025-06-22,2629,1324,1237,204623.63,110598.24,94025.39,Retargeting,CA,TikTok - Retargeting - C02,67072,1078,858.73,2417.91,TikTok,281.56812967987605,12.803107108778626,0.7965955473098331,1.6072280534351144
2025-06-22,2629,1324,1237,204623.63,110598.24,94025.39,Spark Ads,CA,TikTok - Retargeting - C03,104125,1462,760.09,2071.7,TikTok,272.5598284413687,7.2997839135654266,0.5198974008207935,1.4040816326530612
2025-06-22,2629,1324,1237,204623.63,110598.24,94025.39,Spark Ads,CA,TikTok - Spark Ads - C04,88336,1240,926.65,2393.37,TikTok,258.2819834889117,10.490060677413512,0.7472983870967742,1.4037312081144722
2025-06-22,2629,1324,1237,204623.63,110598.24,94025.39,Spark Ads,CA,TikTok - Spark Ads - C05,131471,1653,784.61,1709.17,TikTok,217.836887115892,5.967932091487857,0.4746581972171809,1.257311498353249
2025-06-22,2629,1324,1237,204623.63,110598.24,94025.39,Retargeting,CA,TikTok - Spark Ads - C06,208790,3025,919.12,2904.96,TikTok,316.05883888937245,4.4021265386273285,0.3038413223140496,1.4488241774031323
2025-06-22,2629,1324,1237,204623.63,110598.24,94025.39,Retargeting,CA,TikTok - Retargeting - C07,121299,2119,1146.4,3285.79,TikTok,286.6181088625261,9.451025977130891,0.5410099103350637,1.7469228930164302
2025-06-22,2629,1324,1237,204623.63,110598.24,94025.39,Retargeting,CA,TikTok - Spark Ads - C08,105408,1573,1198.64,4131.14,TikTok,344.65227257558564,11.371432908318155,0.7620089001907184,1.492296599878567
2025-06-22,2629,1324,1237,204623.63,110598.24,94025.39,Retargeting,CA,TikTok - Spark Ads - C09,141379,2383,663.5,2047.82,TikTok,308.63903541823663,4.693059082324814,0.2784305497272346,1.6855402853323338
2025-06-22,2629,1324,1237,204623.63,110598.24,94025.39,Retargeting,CA,TikTok - Retargeting - C10,150093,2219,553.22,1526.03,TikTok,275.8450526011352,3.6858481075066796,0.24931050022532675,1.4784167149700518
2025-06-23,2678,1088,1013,224725.49,124066.35,100659.14,Asc,NY,Facebook - ASC - C01,163100,2508,982.86,3115.8,Facebook,317.0136133325194,6.02611894543225,0.39188995215311007,1.5377069282648683
2025-06-23,2678,1088,1013,224725.49,124066.35,100659.14,Prospecting,NY,Facebook - Prospecting - C02,125209,1514,921.61,2094.76,Facebook,227.29354065168565,7.36057312174045,0.6087252311756935,1.2091782539593798
2025-06-23,2678,1088,1013,224725.49,124066.35,100659.14,Prospecting,NY,Facebook - Prospecting - C03,172969,2240,1817.13,3866.24,Facebook,212.76628529604375,10.505524111256932,0.8112187500000001,1.2950297452144603
2025-06-23,2678,1088,1013,224725.49,124066.35,100659.14,Asc,CA,Facebook - Prospecting - C04,228346,3689,1864.77,4891.19,Facebook,262.2945457080498,8.166422884569906,0.5054947140146381,1.615530817268531
2025-06-23,2678,1088,1013,224725.49,124066.35,100659.14,Prospecting,NY,Facebook - ASC - C05,127514,1646,1176.95,3113.04,Facebook,264.5006159989804,9.22996690559468,0.7150364520048603,1.2908386530106497
2025-06-23,2678,1088,1013,224725.49,124066.35,100659.14,Asc,NY,Facebook - ASC - C06,192490,2687,1335.0,3175.77,Facebook,237.88539325842697,6.935425216894384,0.49683662076665425,1.395916670995896
2025-06-23,2678,1088,1013,224725.49,124066.35,100659.14,Asc,NY,Facebook - ASC - C07,148015,2315,1280.7,4177.5,Facebook,326.18880299836025,8.652501435665304,0.5532181425485961,1.5640306725669695
2025-06-23,2678,1088,1013,224725.49,124066.35,100659.14,Asc,CA,Facebook - Prospecting - C08,120468,1737,1326.36,3285.44,Facebook,247.7034892487711,11.010060763024205,0.7635924006908462,1.441876680944317
2025-06-23,2678,1088,1013,224725.49,124066.35,100659.14,Prospecting,CA,Facebook - Prospecting - C09,229935,2561,2135.26,5000.26,Facebook,234.17569757312924,9.286363537521474,0.833760249902382,1.113793028464566
2025-06-23,2678,1088,1013,224725.49,124066.35,100659.14,Prospecting,CA,Facebook - ASC - C10,228687,2776,2048.12,4883.33,Facebook,238.4298771556354,8.955996624206884,0.7377953890489913,1.2138862287755754
2025-06-23,2678,1088,1013,224725.49,124066.35,100659.14,Non-Branded Search,CA,Google - Display - C01,235401,10115,1664.58,5958.01,Google,357.92872676591094,7.071252883377725,0.16456549678695007,4.296923122671526
2025-06-23,2678,1088,1013,224725.49,124066.35,100659.14,Non-Branded Search,NY,Google - Non-Branded Search - C02,280441,11812,2298.55,6271.69,Google,272.85419068543206,8.196198130801132,0.19459448018963768,4.211937626809204
2025-06-23,2678,1088,1013,224725.49,124066.35,100659.14,Non-Branded Search,CA,Google - Non-Branded Search - C03,83910,4134,658.65,2211.23,Google,335.72155165869583,7.849481587415087,0.15932510885341072,4.926707186271004
2025-06-23,2678,1088,1013,224725.49,124066.35,100659.14,Non-Branded Search,NY,Google - Non-Branded Search - C04,181267,7923,1463.45,4333.9,Google,296.1426765519833,8.073449662652331,0.18470907484538684,4.370900384515659
2025-06-23,2678,1088,1013,224725.49,124066.35,100659.14,Non-Branded Search,CA,Google - Non-Branded Search - C05,159822,7198,1035.82,3523.78,Google,340.19231140545656,6.4810852072931135,0.14390386218393997,4.503760433482249
2025-06-23,2678,1088,1013,224725.49,124066.35,100659.14,Display,CA,Google - Non-Branded Search - C06,164160,699,1308.36,2495.12,Google,190.70592191751504,7.970029239766082,1.8717596566523604,0.42580409356725146
2025-06-23,2678,1088,1013,224725.49,124066.35,100659.14,Non-Branded Search,CA,Google - Display - C07,132401,6117,423.45,1279.2,Google,302.08997520368405,3.1982386839978547,0.06922511034820991,4.620055739760274
2025-06-23,2678,1088,1013,224725.49,124066.35,100659.14,Non-Branded Search,CA,Google - Display - C08,121553,5344,1113.11,3162.5,Google,284.11387913144256,9.15740458894474,0.20829154191616764,4.396436122514459
2025-06-23,2678,1088,1013,224725.49,124066.35,100659.14,Non-Branded Search,CA,Google - Display - C09,86860,3759,379.87,1389.63,Google,365.8172532708559,4.373359428966153,0.1010561319499867,4.327653695602118
2025-06-23,2678,1088,1013,224725.49,124066.35,100659.14,Non-Branded Search,NY,Google - Non-Branded Search - C10,136308,6626,720.83,2291.03,Google,317.83222118946213,5.288244270328962,0.10878810745547843,4.861049975056489
2025-06-23,2678,1088,1013,224725.49,124066.35,100659.14,Retargeting,CA,TikTok - Retargeting - C01,171087,2878,1269.47,4251.21,TikTok,334.88069824414913,7.420026068608369,0.44109451007644196,1.6821850871194188
2025-06-23,2678,1088,1013,224725.49,124066.35,100659.14,Retargeting,CA,TikTok - Retargeting - C02,201644,3535,2293.88,6837.26,TikTok,298.065286763039,11.375890182698221,0.6489052333804809,1.7530896034595627
2025-06-23,2678,1088,1013,224725.49,124066.35,100659.14,Spark Ads,CA,TikTok - Retargeting - C03,163862,2173,1745.58,3589.68,TikTok,205.64396933970372,10.652744382468175,0.8033041877588587,1.326115877994898
2025-06-23,2678,1088,1013,224725.49,124066.35,100659.14,Spark Ads,CA,TikTok - Spark Ads - C04,151140,1863,1084.95,2782.05,TikTok,256.4219549287986,7.1784438269154425,0.5823671497584542,1.2326319968241366
2025-06-23,2678,1088,1013,224725.49,124066.35,100659.14,Spark Ads,CA,TikTok - Spark Ads - C05,220414,2807,2379.72,5180.55,TikTok,217.69577933538403,10.796591868030161,0.8477805486284289,1.27351257179671
2025-06-23,2678,1088,1013,224725.49,124066.35,100659.14,Retargeting,CA,TikTok - Spark Ads - C06,110715,1762,862.9,2555.02,TikTok,296.0968826051686,7.79388520074064,0.489727582292849,1.5914736033961072
2025-06-23,2678,1088,1013,224725.49,124066.35,100659.14,Retargeting,CA,TikTok - Retargeting - C07,111242,1813,721.29,2394.71,TikTok,332.0037710213645,6.483971881124035,0.3978433535576393,1.629780119019795
2025-06-23,2678,1088,1013,224725.49,124066.35,100659.14,Retargeting,CA,TikTok - Spark Ads - C08,145497,2506,1086.21,3690.32,TikTok,339.7427753381022,7.465514752881504,0.4334437350359138,1.722372282590019
2025-06-23,2678,1088,1013,224725.49,124066.35,100659.14,Retargeting,CA,TikTok - Spark Ads - C09,210434,3190,2390.55,6410.98,TikTok,268.1801259124469,11.360093901175667,0.7493887147335424,1.5159147286084949
2025-06-23,2678,1088,1013,224725.49,124066.35,100659.14,Retargeting,CA,TikTok - Retargeting - C10,143864,2405,1344.68,3786.34,TikTok,281.57926049320287,9.346883167435912,0.5591185031185032,1.671717733414892
2025-06-24,2789,1036,1008,223036.6,118532.52,104504.08,Asc,NY,Facebook - ASC - C01,193416,2667,2048.86,5627.95,Facebook,274.68689905606044,10.593022293915705,0.7682264716910386,1.3788931629234396
2025-06-24,2789,1036,1008,223036.6,118532.52,104504.08,Prospecting,NY,Facebook - Prospecting - C02,164163,1910,949.82,1992.65,Facebook,209.7923817144301,5.785834810523688,0.4972879581151833,1.1634777629551116
2025-06-24,2789,1036,1008,223036.6,118532.52,104504.08,Prospecting,NY,Facebook - Prospecting - C03,86642,1132,767.99,1943.8,Facebook,253.10225393559813,8.863945892292422,0.6784363957597174,1.306525703469449
2025-06-24,2789,1036,1008,223036.6,118532.52,104504.08,Asc,CA,Facebook - Prospecting - C04,252206,3887,2539.28,7381.49,Facebook,290.69224347059003,10.068277519170836,0.6532750192950862,1.5412004472534357
2025-06-24,2789,1036,1008,223036.6,118532.52,104504.08,Prospecting,NY,Facebook - ASC - C05,168491,2178,1664.0,4079.61,Facebook,245.16887019230768,9.87589841593913,0.7640036730945822,1.2926506460285714
2025-06-24,2789,1036,1008,223036.6,118532.52,104504.08,Asc,NY,Facebook - ASC - C06,96195,1369,1317.71,3183.73,Facebook,241.61082484006343,13.698321118561255,0.9625346968590212,1.4231508914184727
2025-06-24,2789,1036,1008,223036.6,118532.52,104504.08,Asc,NY,Facebook - ASC - C07,182633,2935,1309.05,3365.29,Facebook,257.0787976013139,7.167653162352916,0.4460136286201022,1.607048014323808
2025-06-24,2789,1036,1008,223036.6,118532.52,104504.08,Asc,CA,Facebook - Prospecting - C08,111678,1767,1481.11,3513.74,Facebook,237.23693716199338,13.26232561471373,0.8382059988681381,1.582227475420405
2025-06-24,2789,1036,1008,223036.6,118532.52,104504.08,Prospecting,CA,Facebook - Prospecting - C09,206425,2592,1290.99,2621.17,Facebook,203.0356548075508,6.254038997214485,0.4980671296296296,1.2556618626619838
2025-06-24,2789,1036,1008,223036.6,118532.52,104504.08,Prospecting,CA,Facebook - ASC - C10,192143,2104,2368.23,5622.01,Facebook,237.39290524991236,12.325351430965478,1.1255846007604562,1.0950177732209865
2025-06-24,2789,1036,1008,223036.6,118532.52,104504.08,Non-Branded Search,CA,Google - Display - C01,137451,6077,443.35,1439.83,Google,324.76147513251374,3.2255130919382182,0.07295540562777687,4.4212119227943045
2025-06-24,2789,1036,1008,223036.6,118532.52,104504.08,Non-Branded Search,NY,Google - Non-Branded Search - C02,184826,8146,1297.18,3416.51,Google,263.3797930896252,7.018384859273047,0.1592413454456175,4.4073885708720635
2025-06-24,2789,1036,1008,223036.6,118532.52,104504.08,Non-Branded Search,CA,Google - Non-Branded Search - C03,109953,5291,512.67,1699.04,Google,331.41006885520903,4.662628577665002,0.09689472689472689,4.812056060316681
2025-06-24,2789,1036,1008,223036.6,118532.52,104504.08,Non-Branded Search,NY,Google - Non-Branded Search - C04,195147,8934,1789.19,5748.22,Google,321.2749903587657,9.168421753857348,0.20026751734945153,4.578087288044397
2025-06-24,2789,1036,1008,223036.6,118532.52,104504.08,Non-Branded Search,CA,Google - Non-Branded Search - C05,165950,7200,568.96,1648.41,Google,289.7233548931383,3.4285025610123534,0.07902222222222223,4.33865622175354
2025-06-24,2789,1036,1008,223036.6,118532.52,104504.08,Display,CA,Google - Non-Branded Search - C06,95740,388,916.24,1432.47,Google,156.3422247446084,9.57008564863171,2.361443298969072,0.40526425736369337
2025-06-24,2789,1036,1008,223036.6,118532.52,104504.08,Non-Branded Search,CA,Google - Display - C07,178403,8288,1308.36,4415.56,Google,337.48815310770743,7.333733177132671,0.1578619691119691,4.645661788198629
2025-06-24,2789,1036,1008,223036.6,118532.52,104504.08,Non-Branded Search,CA,Google - Display - C08,213336,9243,1414.41,5119.76,Google,361.9714227133575,6.629964000449995,0.1530249918857514,4.332602092473844
2025-06-24,2789,1036,1008,223036.6,118532.52,104504.08,Non-Branded Search,CA,Google - Display - C09,177409,8643,1036.51,3060.26,Google,295.24654851376255,5.842488261587631,0.11992479463149369,4.871793426489073
2025-06-24,2789,1036,1008,223036.6,118532.52,104504.08,Non-Branded Search,NY,Google - Non-Branded Search - C10,147350,6250,571.47,1985.48,Google,347.433811048699,3.878316932473702,0.09143520000000001,4.241601628775025
2025-06-24,2789,1036,1008,223036.6,118532.52,104504.08,Retargeting,CA,TikTok - Retargeting - C01,112659,1807,1464.88,4943.29,TikTok,337.45357981541144,13.002778295564493,0.8106696181516326,1.6039552987333456
2025-06-24,2789,1036,1008,223036.6,118532.52,104504.08,Retargeting,CA,TikTok - Retargeting - C02,306312,4644,1830.74,5698.34,TikTok,311.25883522510026,5.976716550445298,0.3942161929371232,1.5161012301183108
2025-06-24,2789,1036,1008,223036.6,118532.52,104504.08,Spark Ads,CA,TikTok - Retargeting - C03,114396,1348,1158.69,2975.44,TikTok,256.79344777291595,10.128763243470052,0.8595623145400594,1.1783628798209729
2025-06-24,2789,1036,1008,223036.6,118532.52,104504.08,Spark Ads,CA,TikTok - Spark Ads - C04,116116,1608,921.46,2247.95,TikTok,243.95524493738193,7.935685004650523,0.5730472636815921,1.3848220744772468
2025-06-24,2789,1036,1008,223036.6,118532.52,104504.08,Spark Ads,CA,TikTok - Spark Ads - C05,79065,1015,969.59,2606.99,TikTok,268.8755040790437,12.263201163599572,0.9552610837438424,1.2837538733953076
2025-06-24,2789,1036,1008,223036.6,118532.52,104504.08,Retargeting,CA,TikTok - Spark Ads - C06,170316,2611,1341.9,3517.23,TikTok,262.1082047842611,7.878883956880153,0.513941018766756,1.5330327156579535
2025-06-24,2789,1036,1008,223036.6,118532.52,104504.08,Retargeting,CA,TikTok - Retargeting - C07,71953,1104,627.49,1897.81,TikTok,302.44466047267684,8.72083165399636,0.5683786231884058,1.5343349130682529
2025-06-24,2789,1036,1008,223036.6,118532.52,104504.08,Retargeting,CA,TikTok - Spark Ads - C08,183009,2772,914.47,2532.96,TikTok,276.9866698743534,4.996858078018021,0.3298953823953824,1.5146796059210204
2025-06-24,2789,1036,1008,223036.6,118532.52,104504.08,Retargeting,CA,TikTok - Spark Ads - C09,129061,2219,933.93,2364.3,TikTok,253.15601811698954,7.236345604016704,0.42087877422262276,1.71934201656581
2025-06-24,2789,1036,1008,223036.6,118532.52,104504.08,Retargeting,CA,TikTok - Retargeting - C10,223028,3923,1829.47,5787.12,TikTok,316.32767960119594,8.202871388345857,0.4663446342085139,1.7589719676453182
2025-06-25,2076,1068,1022,226634.34,120591.38,106042.96,Asc,NY,Facebook - ASC - C01,138038,2047,1589.5,4226.82,Facebook,265.92135891789866,11.514945160028397,0.7765021983390328,1.4829249916689606
2025-06-25,2076,1068,1022,226634.34,120591.38,106042.96,Prospecting,NY,Facebook - Prospecting - C02,231118,2773,1400.64,3374.69,Facebook,240.9391421064656,6.0602808954733085,0.5050991705733863,1.1998200053652246
2025-06-25,2076,1068,1022,226634.34,120591.38,106042.96,Prospecting,NY,Facebook - Prospecting - C03,86636,1091,721.06,1559.62,Facebook,216.2954539150695,8.322868091786324,0.660916590284143,1.2592917493882452
2025-06-25,2076,1068,1022,226634.34,120591.38,106042.96,Asc,CA,Facebook - Prospecting - C04,183067,2888,1481.62,3742.95,Facebook,252.62550451532783,8.093321024542925,0.5130263157894737,1.5775644982438122
2025-06-25,2076,1068,1022,226634.34,120591.38,106042.96,Prospecting,NY,Facebook - ASC - C05,96025,1052,960.65,2350.61,Facebook,244.68953312861083,10.004165581879718,0.9131653992395437,1.0955480343660504
2025-06-25,2076,1068,1022,226634.34,120591.38,106042.96,Asc,NY,Facebook - ASC - C06,121525,1908,974.53,2959.8,Facebook,303.7156372815614,8.019173009668792,0.5107599580712788,1.5700473153672085
2025-06-25,2076,1068,1022,226634.34,120591.38,106042.96,Asc,NY,Facebook - ASC - C07,118864,1953,1472.84,3857.16,Facebook,261.8858803400234,12.39096782877911,0.754142345110087,1.6430542468703728
2025-06-25,2076,1068,1022,226634.34,120591.38,106042.96,Asc,CA,Facebook - Prospecting - C08,343050,5306,4256.63,12746.6,Facebook,299.4528535484644,12.408191225768839,0.8022295514511874,1.5467133070980905
2025-06-25,2076,1068,1022,226634.34,120591.38,106042.96,Prospecting,CA,Facebook - Prospecting - C09,221502,2657,1584.09,4065.39,Facebook,256.6388273393557,7.151583281415066,0.5961949567181031,1.1995377016911812
2025-06-25,2076,1068,1022,226634.34,120591.38,106042.96,Prospecting,CA,Facebook - ASC - C10,119146,1422,1293.05,3313.23,Facebook,256.2337109933877,10.852651368908733,0.9093178621659634,1.1934936968089571
2025-06-25,2076,1068,1022,226634.34,120591.38,106042.96,Non-Branded Search,CA,Google - Display - C01,89195,3974,694.41,2388.99,Google,344.0316239685488,7.785301866696563,0.17473829894313034,4.455406693200292
2025-06-25,2076,1068,1022,226634.34,120591.38,106042.96,Non-Branded Search,NY,Google - Non-Branded Search - C02,241714,11057,1289.92,3730.56,Google,289.2086330935252,5.336554771341337,0.11666093877181877,4.5744143905607455
2025-06-25,2076,1068,1022,226634.34,120591.38,106042.96,Non-Branded Search,CA,Google - Non-Branded Search - C03,149743,7150,714.66,2323.02,Google,325.0524725044077,4.77257701528619,0.09995244755244755,4.774847572173658
2025-06-25,2076,1068,1022,226634.34,120591.38,106042.96,Non-Branded Search,NY,Google - Non-Branded Search - C04,361955,17817,3489.14,11936.99,Google,342.1184016691792,9.639706593361053,0.19583207049447157,4.922435109336796
2025-06-25,2076,1068,1022,226634.34,120591.38,106042.96,Non-Branded Search,CA,Google - Non-Branded Search - C05,174786,7162,1106.29,4081.27,Google,368.9150222816802,6.329397091300219,0.15446662943311923,4.097582186216287
2025-06-25,2076,1068,1022,226634.34,120591.38,106042.96,Display,CA,Google - Non-Branded Search - C06,142457,574,769.43,1286.16,Google,167.1575062058927,5.401138589188316,1.3404703832752611,0.40292860301705075
2025-06-25,2076,1068,1022,226634.34,120591.38,106042.96,Non-Branded Search,CA,Google - Display - C07,217754,10693,1008.23,2840.38,Google,281.7194489352628,4.630133085959385,0.09428878705695315,4.910587176354969
2025-06-25,2076,1068,1022,226634.34,120591.38,106042.96,Non-Branded Search,CA,Google - Display - C08,246422,9994,1951.79,7009.22,Google,359.1175280127473,7.920518460202418,0.19529617770662397,4.055644382400922
2025-06-25,2076,1068,1022,226634.34,120591.38,106042.96,Non-Branded Search,CA,Google - Display - C09,231167,10650,1675.59,5689.1,Google,339.52816619817503,7.248396181115816,0.15733239436619717,4.607058966028888
2025-06-25,2076,1068,1022,226634.34,120591.38,106042.96,Non-Branded Search,NY,Google - Non-Branded Search - C10,208368,9717,1751.0,5751.11,Google,328.4471730439749,8.403401673961453,0.1801996500977668,4.663384012900253
2025-06-25,2076,1068,1022,226634.34,120591.38,106042.96,Retargeting,CA,TikTok - Retargeting - C01,87773,1272,483.97,1577.21,TikTok,325.89003450627104,5.513882401193989,0.3804795597484277,1.44919280416529
2025-06-25,2076,1068,1022,226634.34,120591.38,106042.96,Retargeting,CA,TikTok - Retargeting - C02,134955,2183,1020.79,3230.66,TikTok,316.4862508449338,7.563928716979733,0.46760879523591387,1.6175762291134081
2025-06-25,2076,1068,1022,226634.34,120591.38,106042.96,Spark Ads,CA,TikTok - Retargeting - C03,65802,846,584.73,1650.86,TikTok,282.32859610418484,8.886204066745693,0.6911702127659575,1.2856752074405033
2025-06-25,2076,1068,1022,226634.34,120591.38,106042.96,Spark Ads,CA,TikTok - Spark Ads - C04,97182,1190,447.24,1164.7,TikTok,260.4194615866202,4.602086806198679,0.3758319327731093,1.2245065958716634
2025-06-25,2076,1068,1022,226634.34,120591.38,106042.96,Spark Ads,CA,TikTok - Spark Ads - C05,113628,1431,1103.9,2504.7,TikTok,226.89555213334538,9.715035026577958,0.7714185883997206,1.2593726898299715
2025-06-25,2076,1068,1022,226634.34,120591.38,106042.96,Retargeting,CA,TikTok - Spark Ads - C06,141391,2126,1068.86,3165.55,TikTok,296.16133076361734,7.55960421809026,0.5027563499529633,1.50363177288512
2025-06-25,2076,1068,1022,226634.34,120591.38,106042.96,Retargeting,CA,TikTok - Retargeting - C07,101130,1664,545.55,1620.15,TikTok,296.9755292823756,5.394541679026995,0.3278545673076923,1.6454069020073174
2025-06-25,2076,1068,1022,226634.34,120591.38,106042.96,Retargeting,CA,TikTok - Spark Ads - C08,103252,1605,388.94,1163.9,TikTok,299.2492415282563,3.766900399023748,0.24233021806853583,1.5544493084879711
2025-06-25,2076,1068,1022,226634.34,120591.38,106042.96,Retargeting,CA,TikTok - Spark Ads - C09,96474,1665,916.94,2545.21,TikTok,277.57650446048814,9.504529717851442,0.5507147147147148,1.7258535978605636
2025-06-25,2076,1068,1022,226634.34,120591.38,106042.96,Retargeting,CA,TikTok - Retargeting - C10,139303,2068,1520.7,3846.74,TikTok,252.9585059512067,10.916491389273743,0.735348162475822,1.4845337142775104
2025-06-26,3659,1354,1292,258581.26,130668.26,127913.0,Asc,NY,Facebook - ASC - C01,206182,3186,2411.62,6281.64,Facebook,260.4738723347791,11.696559350476763,0.7569428750784682,1.545236732595474
2025-06-26,3659,1354,1292,258581.26,130668.26,127913.0,Prospecting,NY,Facebook - Prospecting - C02,101915,1126,1105.74,2474.66,Facebook,223.80125526796536,10.849629593288526,0.9820071047957372,1.1048422705195506
2025-06-26,3659,1354,1292,258581.26,130668.26,127913.0,Prospecting,NY,Facebook - Prospecting - C03,118749,1304,1177.08,2699.75,Facebook,229.359941550277,9.912336103882978,0.9026687116564417,1.0981145104379828
2025-06-26,3659,1354,1292,258581.26,130668.26,127913.0,Asc,CA,Facebook - Prospecting - C04,174722,2475,1719.16,5451.9,Facebook,317.12580562600334,9.839402021497008,0.694610101010101,1.416535982875654
2025-06-26,3659,1354,1292,258581.26,130668.26,127913.0,Prospecting,NY,Facebook - ASC - C05,186437,2177,1631.88,3926.15,Facebook,240.59060715248668,8.7529835815852,0.749600367478181,1.1676866716370677
2025-06-26,3659,1354,1292,258581.26,130668.26,127913.0,Asc,NY,Facebook - ASC - C06,149579,2316,1651.06,5007.53,Facebook,303.291824645985,11.038046784642228,0.7128929188255613,1.5483456902372659
2025-06-26,3659,1354,1292,258581.26,130668.26,127913.0,Asc,NY,Facebook - ASC - C07,151054,2069,1030.28,3192.27,Facebook,309.84489653298135,6.820607200074146,0.4979603673272112,1.3697088458432083
2025-06-26,3659,1354,1292,258581.26,130668.26,127913.0,Asc,CA,Facebook - Prospecting - C08,152692,2205,1051.43,2989.3,Facebook,284.3080376249489,6.885953422576167,0.47683900226757375,1.4440835145259738
2025-06-26,3659,1354,1292,258581.26,130668.26,127913.0,Prospecting,CA,Facebook - Prospecting - C09,95078,1123,636.15,1321.99,Facebook,207.8110508527863,6.690822272239634,0.566473731077471,1.1811354887565997
2025-06-26,3659,1354,1292,258581.26,130668.26,127913.0,Prospecting,CA,Facebook - ASC - C10,125326,1557,1382.85,2853.04,Facebook,206.31594171457496,11.034023267318833,0.8881502890173409,1.2423599253147792
2025-06-26,3659,1354,1292,258581.26,130668.26,127913.0,Non-Branded Search,CA,Google - Display - C01,321866,15492,2320.02,6333.64,Google,272.99937069508024,7.208030671148863,0.14975600309837336,4.813183125897112
2025-06-26,3659,1354,1292,258581.26,130668.26,127913.0,Non-Branded Search,NY,Google - Non-Branded Search - C02,179399,8211,1145.08,3934.72,Google,343.6196597617634,6.382867240062653,0.13945682620874436,4.57694858945702
2025-06-26,3659,1354,1292,258581.26,130668.26,127913.0,Non-Branded Search,CA,Google - Non-Branded Search - C03,207610,9722,1256.55,4552.68,Google,362.31586486809124,6.052454120707095,0.12924809709936227,4.682818746688502
2025-06-26,3659,1354,1292,258581.26,130668.26,127913.0,Non-Branded Search,NY,Google - Non-Branded Search - C04,164855,7177,1396.33,4577.07,Google,327.7928569893936,8.470049437384366,0.19455622126236588,4.353522792757271
2025-06-26,3659,1354,1292,258581.26,130668.26,127913.0,Non-Branded Search,CA,Google - Non-Branded Search - C05,214718,10604,2128.94,6590.89,Google,309.5855214332015,9.91505136970352,0.20076763485477178,4.938570590262577
2025-06-26,3659,1354,1292,258581.26,130668.26,127913.0,Display,CA,Google - Non-Branded Search - C06,192242,777,1669.45,2942.12,Google,176.2328910719099,8.68410649077725,2.1485842985842987,0.404178067227765
2025-06-26,3659,1354,1292,258581.26,130668.26,127913.0,Non-Branded Search,CA,Google - Display - C07,229023,10032,1150.63,3532.9,Google,307.04049086152804,5.024080550861704,0.11469597288676237,4.380346078778114
2025-06-26,3659,1354,1292,258581.26,130668.26,127913.0,Non-Branded Search,CA,Google - Display - C08,328182,13351,2044.79,5513.83,Google,269.6526293653627,6.2306585979730755,0.15315631787881057,4.068169491318841
2025-06-26,3659,1354,1292,258581.26,130668.26,127913.0,Non-Branded Search,CA,Google - Display - C09,121317,5252,1153.76,3740.05,Google,324.1618707530162,9.510291220521443,0.21968012185833968,4.329154199329031
2025-06-26,3659,1354,1292,258581.26,130668.26,127913.0,Non-Branded Search,NY,Google - Non-Branded Search - C10,120776,5110,1151.81,4287.74,Google,372.2610499995659,9.536745711068424,0.22540313111545987,4.230973041001524
2025-06-26,3659,1354,1292,258581.26,130668.26,127913.0,Retargeting,CA,TikTok - Retargeting - C01,132847,2327,513.0,1437.22,TikTok,280.1598440545809,3.8615851317681242,0.2204555221314998,1.7516391036304924
2025-06-26,3659,1354,1292,258581.26,130668.26,127913.0,Retargeting,CA,TikTok - Retargeting - C02,186792,2812,1267.29,4109.03,TikTok,324.2375462601299,6.78449826545034,0.450672119487909,1.5054177909118163
2025-06-26,3659,1354,1292,258581.26,130668.26,127913.0,Spark Ads,CA,TikTok - Retargeting - C03,127818,1529,1178.06,3162.45,TikTok,268.4455800213911,9.21669874352595,0.7704774362328319,1.1962321425777278
2025-06-26,3659,1354,1292,258581.26,130668.26,127913.0,Spark Ads,CA,TikTok - Spark Ads - C04,133373,1731,1056.36,2841.78,TikTok,269.01624446211525,7.920343697749918,0.6102599653379549,1.2978638854940656
2025-06-26,3659,1354,1292,258581.26,130668.26,127913.0,Spark Ads,CA,TikTok - Spark Ads - C05,172757,2337,948.78,2642.1,TikTok,278.4734079554797,5.491991641438553,0.40598202824133506,1.3527671816482112
2025-06-26,3659,1354,1292,258581.26,130668.26,127913.0,Retargeting,CA,TikTok - Spark Ads - C06,76336,1140,726.89,2084.27,TikTok,286.7380208834899,9.522243764409977,0.6376228070175438,1.4933976105638231
2025-06-26,3659,1354,1292,258581.26,130668.26,127913.0,Retargeting,CA,TikTok - Retargeting - C07,125546,1847,659.57,2006.84,TikTok,304.264899858999,5.253612221815112,0.35710341093665404,1.4711739123508516
2025-06-26,3659,1354,1292,258581.26,130668.26,127913.0,Retargeting,CA,TikTok - Spark Ads - C08,102628,1782,1136.49,3213.83,TikTok,282.78559424192025,11.073878473710879,0.6377609427609428,1.7363682425848694
2025-06-26,3659,1354,1292,258581.26,130668.26,127913.0,Retargeting,CA,TikTok - Spark Ads - C09,128203,1914,1477.7,3831.96,TikTok,259.3192122893686,11.526251335772173,0.7720480668756531,1.492944782883396
2025-06-26,3659,1354,1292,258581.26,130668.26,127913.0,Retargeting,CA,TikTok - Retargeting - C10,90514,1519,838.23,2252.78,TikTok,268.75439915059115,9.260777338312305,0.5518301514154049,1.6781934286408733
2025-06-27,2453,751,711,184223.58,108267.23,75956.35,Asc,NY,Facebook - ASC - C01,136431,1929,883.72,2357.68,Facebook,266.7903860951432,6.477413491068746,0.45812337998963193,1.4139015326428745
2025-06-27,2453,751,711,184223.58,108267.23,75956.35,Prospecting,NY,Facebook - Prospecting - C02,155819,1687,1462.67,3934.18,Facebook,268.972495504796,9.38698104852425,0.8670243034973326,1.0826664270724367
2025-06-27,2453,751,711,184223.58,108267.23,75956.35,Prospecting,NY,Facebook - Prospecting - C03,105268,1269,1459.97,3071.12,Facebook,210.35500729467046,13.869077022456967,1.150488573680063,1.2054945472508265
2025-06-27,2453,751,711,184223.58,108267.23,75956.35,Asc,CA,Facebook - Prospecting - C04,273597,3974,3186.75,7838.26,Facebook,245.96406997724958,11.647605785151153,0.801899849018621,1.4525013066663741
2025-06-27,2453,751,711,184223.58,108267.23,75956.35,Prospecting,NY,Facebook - ASC - C05,158142,1744,1177.26,2915.35,Facebook,247.63858450979393,7.444322191448192,0.6750344036697248,1.1028063386070746
2025-06-27,2453,751,711,184223.58,108267.23,75956.35,Asc,NY,Facebook - ASC - C06,222394,3288,1660.46,4409.51,Facebook,265.55954374089106,7.466298551219907,0.5050060827250609,1.478457152621024
2025-06-27,2453,751,711,184223.58,108267.23,75956.35,Asc,NY,Facebook - ASC - C07,117543,1608,1500.32,4019.04,Facebook,267.87885251146423,12.76400976663859,0.9330348258706467,1.3680100048492894
2025-06-27,2453,751,711,184223.58,108267.23,75956.35,Asc,CA,Facebook - Prospecting - C08,126656,1984,1346.5,3940.3,Facebook,292.6327515781656,10.63115841334007,0.678679435483871,1.5664477008590199
2025-06-27,2453,751,711,184223.58,108267.23,75956.35,Prospecting,CA,Facebook - Prospecting - C09,77247,958,611.99,1201.85,Facebook,196.38392784195818,7.9225083174751125,0.6388204592901879,1.2401776120755499
2025-06-27,2453,751,711,184223.58,108267.23,75956.35,Prospecting,CA,Facebook - ASC - C10,72372,940,978.07,2415.03,Facebook,246.91790976106006,13.51448073840712,1.0405,1.2988448571270657
2025-06-27,2453,751,711,184223.58,108267.23,75956.35,Non-Branded Search,CA,Google - Display - C01,177762,8152,950.31,2928.51,Google,308.16365186097175,5.345968204678164,0.11657384690873404,4.585906999246183
2025-06-27,2453,751,711,184223.58,108267.23,75956.35,Non-Branded Search,NY,Google - Non-Branded Search - C02,251692,11061,1312.73,4128.09,Google,314.46603642790217,5.215620679242884,0.11868095108941326,4.394656961683327
2025-06-27,2453,751,711,184223.58,108267.23,75956.35,Non-Branded Search,CA,Google - Non-Branded Search - C03,122406,5685,511.35,1591.19,Google,311.17434242690916,4.177491299446106,0.0899472295514512,4.644380177442282
2025-06-27,2453,751,711,184223.58,108267.23,75956.35,Non-Branded Search,NY,Google - Non-Branded Search - C04,108993,4556,415.76,1219.33,Google,293.27737156051563,3.814556898149422,0.09125548726953468,4.18008495958456
2025-06-27,2453,751,711,184223.58,108267.23,75956.35,Non-Branded Search,CA,Google - Non-Branded Search - C05,225327,10715,1232.71,4218.06,Google,342.17780337630103,5.4707602728479054,0.11504526364909007,4.755311169988506
2025-06-27,2453,751,711,184223.58,108267.23,75956.35,Display,CA,Google - Non-Branded Search - C06,183983,739,1725.69,2295.37,Google,133.01172284709304,9.379616595011495,2.335169147496617,0.4016675453710397
2025-06-27,2453,751,711,184223.58,108267.23,75956.35,Non-Branded Search,CA,Google - Display - C07,129495,5285,482.05,1495.06,Google,310.1462503889638,3.7225375497123445,0.09121097445600757,4.081238657863238
2025-06-27,2453,751,711,184223.58,108267.23,75956.35,Non-Branded Search,CA,Google - Display - C08,186730,7998,707.03,2354.71,Google,333.04244515791413,3.7863760509827022,0.08840085021255313,4.283189632089113
2025-06-27,2453,751,711,184223.58,108267.23,75956.35,Non-Branded Search,CA,Google - Display - C09,135127,6423,1421.48,4177.96,Google,293.9162000168838,10.519585279033798,0.22131091390316052,4.753306149030172
2025-06-27,2453,751,711,184223.58,108267.23,75956.35,Non-Branded Search,NY,Google - Non-Branded Search - C10,137103,6038,1280.53,3655.2,Google,285.4443082161293,9.339912328687191,0.2120785028155018,4.403988242416285
2025-06-27,2453,751,711,184223.58,108267.23,75956.35,Retargeting,CA,TikTok - Retargeting - C01,205584,3181,2346.77,6607.75,TikTok,281.5678570972017,11.415139310452176,0.7377459918264696,1.5472994007315743
2025-06-27,2453,751,711,184223.58,108267.23,75956.35,Retargeting,CA,TikTok - Retargeting - C02,104805,1657,875.02,2824.08,TikTok,322.7446229800462,8.349029149372644,0.5280748340374171,1.5810314393397262
2025-06-27,2453,751,711,184223.58,108267.23,75956.35,Spark Ads,CA,TikTok - Retargeting - C03,110438,1473,878.12,2192.28,TikTok,249.656083451009,7.951248664408989,0.596143923964698,1.3337800394791648
2025-06-27,2453,751,711,184223.58,108267.23,75956.35,Spark Ads,CA,TikTok - Spark Ads - C04,117709,1554,1111.59,2745.91,TikTok,247.02543203879128,9.44354297462386,0.7153088803088803,1.3202049121137722
2025-06-27,2453,751,711,184223.58,108267.23,75956.35,Spark Ads,CA,TikTok - Spark Ads - C05,127980,1804,1629.15,4216.17,TikTok,258.7956910045115,12.729723394280356,0.9030764966740576,1.4095952492576966
2025-06-27,2453,751,711,184223.58,108267.23,75956.35,Retargeting,CA,TikTok - Spark Ads - C06,60111,1025,498.28,1270.14,TikTok,254.90487276230235,8.289331403570062,0.48612682926829265,1.7051787526409476
2025-06-27,2453,751,711,184223.58,108267.23,75956.35,Retargeting,CA,TikTok - Retargeting - C07,112866,1644,769.12,2526.53,TikTok,328.4962034532973,6.814452536636365,0.4678345498783455,1.456594545744511
2025-06-27,2453,751,711,184223.58,108267.23,75956.35,Retargeting,CA,TikTok - Spark Ads - C08,166041,2404,1181.25,3026.19,TikTok,256.1853968253968,7.1142067320722,0.4913685524126456,1.4478351732403443
2025-06-27,2453,751,711,184223.58,108267.23,75956.35,Retargeting,CA,TikTok - Spark Ads - C09,182610,3174,1826.9,5170.93,TikTok,283.04395423942196,10.004380921088659,0.5755828607435413,1.7381304419254149
2025-06-27,2453,751,711,184223.58,108267.23,75956.35,Retargeting,CA,TikTok - Retargeting - C10,76215,1289,829.35,2395.28,TikTok,288.8141315488033,10.881716197598898,0.6434057408844065,1.6912681230728859
2025-06-28,3930,1849,1846,307475.24,149606.21,157869.03,Asc,NY,Facebook - ASC - C01,116488,1671,934.11,2518.66,Facebook,269.6320561818201,8.01893757296889,0.5590125673249551,1.4344825218048212
2025-06-28,3930,1849,1846,307475.24,149606.21,157869.03,Prospecting,NY,Facebook - Prospecting - C02,351307,4129,3616.36,7931.66,Facebook,219.32716875532302,10.294016344678585,0.8758440300314847,1.175325285291782
2025-06-28,3930,1849,1846,307475.24,149606.21,157869.03,Prospecting,NY,Facebook - Prospecting - C03,132626,1508,1701.41,3661.86,Facebook,215.22501924874072,12.828630886854766,1.1282559681697613,1.1370319545187217
2025-06-28,3930,1849,1846,307475.24,149606.21,157869.03,Asc,CA,Facebook - Prospecting - C04,111675,1798,1003.46,2472.03,Facebook,246.3506268311642,8.985538392657263,0.5580978865406007,1.6100291023057982
2025-06-28,3930,1849,1846,307475.24,149606.21,157869.03,Prospecting,NY,Facebook - ASC - C05,165044,1792,2246.22,5944.35,Facebook,264.63792504741303,13.609825258718885,1.2534709821428571,1.0857710671093768
2025-06-28,3930,1849,1846,307475.24,149606.21,157869.03,Asc,NY,Facebook - ASC - C06,293025,4061,1835.65,5217.51,Facebook,284.2322882902514,6.264482552683218,0.45201920709184934,1.385888576060063
2025-06-28,3930,1849,1846,307475.24,149606.21,157869.03,Asc,NY,Facebook - ASC - C07,116775,1658,1475.67,4948.51,Facebook,335.3398795123571,12.636865767501606,0.8900301568154403,1.4198244487261829
2025-06-28,3930,1849,1846,307475.24,149606.21,157869.03,Asc,CA,Facebook - Prospecting - C08,160985,2650,2063.5,5248.76,Facebook,254.36200629997577,12.817964406621735,0.7786792452830189,1.6461160977730844
2025-06-28,3930,1849,1846,307475.24,149606.21,157869.03,Prospecting,CA,Facebook - Prospecting - C09,169617,1999,1547.44,4047.22,Facebook,261.54293542883727,9.123142137875332,0.7741070535267635,1.1785375286675275
2025-06-28,3930,1849,1846,307475.24,149606.21,157869.03,Prospecting,CA,Facebook - ASC - C10,167511,2090,1523.38,3225.89,Facebook,211.7587207394084,9.094208738530604,0.7288899521531101,1.2476792568846227
2025-06-28,3930,1849,1846,307475.24,149606.21,157869.03,Non-Branded Search,CA,Google - Display - C01,78694,3790,441.19,1550.78,Google,351.49935401981,5.606399471370117,0.1164089709762533,4.816123211426538
2025-06-28,3930,1849,1846,307475.24,149606.21,157869.03,Non-Branded Search,NY,Google - Non-Branded Search - C02,162939,6960,568.89,1790.53,Google,314.7409868340101,3.4914293079005025,0.08173706896551725,4.271537201038425
2025-06-28,3930,1849,1846,307475.24,149606.21,157869.03,Non-Branded Search,CA,Google - Non-Branded Search - C03,103707,4482,867.08,2547.09,Google,293.75490150851135,8.36086281543194,0.1934582775546631,4.321791200208279
2025-06-28,3930,1849,1846,307475.24,149606.21,157869.03,Non-Branded Search,NY,Google - Non-Branded Search - C04,340393,15937,2551.87,9333.78,Google,365.7623625027921,7.496834541250848,0.16012235677982053,4.681941168002867
2025-06-28,3930,1849,1846,307475.24,149606.21,157869.03,Non-Branded Search,CA,Google - Non-Branded Search - C05,230813,10653,822.82,2825.89,Google,343.4396344279429,3.5648771949586897,0.07723833661879283,4.615424607799387
2025-06-28,3930,1849,1846,307475.24,149606.21,157869.03,Display,CA,Google - Non-Branded Search - C06,136876,578,497.54,946.13,Google,190.16159504763434,3.634968876939712,0.860795847750865,0.422280019872001
2025-06-28,3930,1849,1846,307475.24,149606.21,157869.03,Non-Branded Search,CA,Google - Display - C07,146565,6371,1306.9,4103.23,Google,313.96663861045215,8.916862825367584,0.20513263223983677,4.3468768123358235
2025-06-28,3930,1849,1846,307475.24,149606.21,157869.03,Non-Branded Search,CA,Google - Display - C08,216596,10178,1644.8,5801.92,Google,352.74319066147865,7.593861382481671,0.16160345843977206,4.699071081645091
2025-06-28,3930,1849,1846,307475.24,149606.21,157869.03,Non-Branded Search,CA,Google - Display - C09,346912,14413,3140.03,11488.05,Google,365.8579695098454,9.051373258924455,0.21786095885658782,4.154655935799281
2025-06-28,3930,1849,1846,307475.24,149606.21,157869.03,Non-Branded Search,NY,Google - Non-Branded Search - C10,324766,13185,2576.56,8882.43,Google,344.73988573912504,7.9335891072341305,0.19541600303375048,4.059846166162714
2025-06-28,3930,1849,1846,307475.24,149606.21,157869.03,Retargeting,CA,TikTok - Retargeting - C01,239289,3856,2201.23,7751.18,TikTok,352.12949123898915,9.199043834024966,0.5708584024896266,1.6114405593236631
2025-06-28,3930,1849,1846,307475.24,149606.21,157869.03,Retargeting,CA,TikTok - Retargeting - C02,121401,2128,728.94,2486.02,TikTok,341.04590226904816,6.004398645810167,0.342546992481203,1.7528685925157124
2025-06-28,3930,1849,1846,307475.24,149606.21,157869.03,Spark Ads,CA,TikTok - Retargeting - C03,202102,2554,1538.18,4274.83,TikTok,277.914808409939,7.610909342807098,0.6022631166797181,1.2637183204520488
2025-06-28,3930,1849,1846,307475.24,149606.21,157869.03,Spark Ads,CA,TikTok - Spark Ads - C04,118294,1426,550.37,1416.84,TikTok,257.43408979413846,4.6525605694287115,0.3859537166900421,1.205471114342232
2025-06-28,3930,1849,1846,307475.24,149606.21,157869.03,Spark Ads,CA,TikTok - Spark Ads - C05,272277,3524,2009.63,5107.62,TikTok,254.15723292347346,7.38082908214796,0.5702695800227016,1.2942701733895996
2025-06-28,3930,1849,1846,307475.24,149606.21,157869.03,Retargeting,CA,TikTok - Spark Ads - C06,86173,1466,871.77,2824.02,TikTok,323.9409477270381,10.116509811657943,0.5946589358799454,1.7012289232126072
2025-06-28,3930,1849,1846,307475.24,149606.21,157869.03,Retargeting,CA,TikTok - Retargeting - C07,177379,2721,1610.62,4306.9,TikTok,267.4063404154922,9.080105311226244,0.5919220874678427,1.5340034615146099
2025-06-28,3930,1849,1846,307475.24,149606.21,157869.03,Retargeting,CA,TikTok - Spark Ads - C08,245407,4161,1117.07,3786.68,TikTok,338.98323292184017,4.551907647296124,0.26846190819514537,1.6955506566642353
2025-06-28,3930,1849,1846,307475.24,149606.21,157869.03,Retargeting,CA,TikTok - Spark Ads - C09,204282,3060,1230.78,4374.79,TikTok,355.4485773249484,6.024906746556231,0.4022156862745098,1.4979293329808794
2025-06-28,3930,1849,1846,307475.24,149606.21,157869.03,Retargeting,CA,TikTok - Retargeting - C10,143306,2437,836.39,2177.49,TikTok,260.3438587261923,5.836392056159546,0.3432047599507591,1.7005568503761181
2025-06-29,2434,939,935,262293.26,154577.22,107716.04,Asc,NY,Facebook - ASC - C01,210319,3024,2105.02,6261.03,Facebook,297.4332785436718,10.008701068377084,0.6961044973544973,1.4378158891968866
2025-06-29,2434,939,935,262293.26,154577.22,107716.04,Prospecting,NY,Facebook - Prospecting - C02,121742,1328,865.4,2158.4,Facebook,249.4106771435175,7.108475300225066,0.6516566265060241,1.0908314304019977
2025-06-29,2434,939,935,262293.26,154577.22,107716.04,Prospecting,NY,Facebook - Prospecting - C03,104527,1135,727.74,1532.36,Facebook,210.56421249347292,6.962220287581199,0.6411806167400881,1.0858438489576856
2025-06-29,2434,939,935,262293.26,154577.22,107716.04,Asc,CA,Facebook - Prospecting - C04,210052,3148,1624.95,4431.35,Facebook,272.70685251853905,7.735941576371566,0.5161848792884371,1.4986765181954944
2025-06-29,2434,939,935,262293.26,154577.22,107716.04,Prospecting,NY,Facebook - ASC - C05,287616,3538,1757.76,4699.22,Facebook,267.3413890405971,6.111481975967957,0.4968230638778971,1.2301123720516245
2025-06-29,2434,939,935,262293.26,154577.22,107716.04,Asc,NY,Facebook - ASC - C06,399509,6104,5084.37,15045.79,Facebook,295.92240533242074,12.726546836241486,0.8329570773263434,1.5278754671359094
2025-06-29,2434,939,935,262293.26,154577.22,107716.04,Asc,NY,Facebook - ASC - C07,160959,2367,1862.46,4650.36,Facebook,249.6891208401791,11.571021191732056,0.7868441064638784,1.4705608260488696
2025-06-29,2434,939,935,262293.26,154577.22,107716.04,Asc,CA,Facebook - Prospecting - C08,267635,3944,2251.34,6928.53,Facebook,307.75138362042156,8.411979001251705,0.5708265720081136,1.4736488127487064
2025-06-29,2434,939,935,262293.26,154577.22,107716.04,Prospecting,CA,Facebook - Prospecting - C09,110289,1343,817.66,1963.96,Facebook,240.19274515079618,7.413794666739204,0.6088309754281459,1.2177098350696807
2025-06-29,2434,939,935,262293.26,154577.22,107716.04,Prospecting,CA,Facebook - ASC - C10,216761,2664,2214.55,5328.55,Facebook,240.61547492718609,10.216551870493308,0.8312875375375376,1.2290033723778724
2025-06-29,2434,939,935,262293.26,154577.22,107716.04,Non-Branded Search,CA,Google - Display - C01,169121,7030,1286.81,4609.01,Google,358.1733122994071,7.608812625280125,0.18304551920341394,4.156787152393848
2025-06-29,2434,939,935,262293.26,154577.22,107716.04,Non-Branded Search,NY,Google - Non-Branded Search - C02,280303,12250,2286.22,7789.26,Google,340.70474407537336,8.156245206080563,0.18663020408163264,4.3702707427319725
2025-06-29,2434,939,935,262293.26,154577.22,107716.04,Non-Branded Search,CA,Google - Non-Branded Search - C03,191756,8760,718.19,2249.2,Google,313.1761790055556,3.7453326101921194,0.0819851598173516,4.568305554976115
2025-06-29,2434,939,935,262293.26,154577.22,107716.04,Non-Branded Search,NY,Google - Non-Branded Search - C04,149321,7151,1391.34,3647.83,Google,262.18106286026426,9.317778477240307,0.19456579499370716,4.789011592475272
2025-06-29,2434,939,935,262293.26,154577.22,107716.04,Non-Branded Search,CA,Google - Non-Branded Search - C05,159523,6793,1461.07,4882.08,Google,334.1441546264039,9.158992747127373,0.2150846459590755,4.258320116848354
2025-06-29,2434,939,935,262293.26,154577.22,107716.04,Display,CA,Google - Non-Branded Search - C06,127715,483,1025.41,1962.43,Google,191.38003335251264,8.028892455858749,2.1230020703933747,0.3781858043299534
2025-06-29,2434,939,935,262293.26,154577.22,107716.04,Non-Branded Search,CA,Google - Display - C07,218807,10735,1783.98,5432.46,Google,304.5135035146134,8.153212648589854,0.16618351187703773,4.906150168870283
2025-06-29,2434,939,935,262293.26,154577.22,107716.04,Non-Branded Search,CA,Google - Display - C08,168700,7361,600.49,2157.09,Google,359.2216356642076,3.5595139300533494,0.08157723135443554,4.363366923532898
2025-06-29,2434,939,935,262293.26,154577.22,107716.04,Non-Branded Search,CA,Google - Display - C09,119476,5077,888.96,2926.88,Google,329.24766018718503,7.44049014027922,0.1750955288556234,4.24938899862734
2025-06-29,2434,939,935,262293.26,154577.22,107716.04,Non-Branded Search,NY,Google - Non-Branded Search - C10,307433,14932,1890.29,5386.79,Google,284.9716181115067,6.148624253089291,0.12659322260916153,4.856993231045464
2025-06-29,2434,939,935,262293.26,154577.22,107716.04,Retargeting,CA,TikTok - Retargeting - C01,77794,1248,460.05,1485.67,TikTok,322.93663732203026,5.913695143584338,0.3686298076923077,1.6042368306039025
2025-06-29,2434,939,935,262293.26,154577.22,107716.04,Retargeting,CA,TikTok - Retargeting - C02,106908,1768,532.43,1428.08,TikTok,268.21929643333397,4.9802634040483404,0.30114819004524884,1.6537583716840647
2025-06-29,2434,939,935,262293.26,154577.22,107716.04,Spark Ads,CA,TikTok - Retargeting - C03,124340,1603,844.51,2356.04,TikTok,278.9830789451872,6.791941450860543,0.5268309419837804,1.289207013028792
2025-06-29,2434,939,935,262293.26,154577.22,107716.04,Spark Ads,CA,TikTok - Spark Ads - C04,214993,2958,1375.09,3021.56,TikTok,219.73543549876737,6.395975682929212,0.4648715348208248,1.3758587488894989
2025-06-29,2434,939,935,262293.26,154577.22,107716.04,Spark Ads,CA,TikTok - Spark Ads - C05,154433,1900,993.88,2304.65,TikTok,231.88413088099168,6.435671132465211,0.5230947368421053,1.2303069939714957
2025-06-29,2434,939,935,262293.26,154577.22,107716.04,Retargeting,CA,TikTok - Spark Ads - C06,185648,3248,1965.92,5421.68,TikTok,275.7833482542525,10.589502714815135,0.6052709359605911,1.7495475308109971
2025-06-29,2434,939,935,262293.26,154577.22,107716.04,Retargeting,CA,TikTok - Retargeting - C07,93161,1503,802.06,2555.17,TikTok,318.5759170136898,8.609396635931343,0.5336393878908848,1.6133360526400533
2025-06-29,2434,939,935,262293.26,154577.22,107716.04,Retargeting,CA,TikTok - Spark Ads - C08,121129,2062,1119.98,3675.24,TikTok,328.152288433722,9.246175564893626,0.5431522793404462,1.7023173641324538
2025-06-29,2434,939,935,262293.26,154577.22,107716.04,Retargeting,CA,TikTok - Spark Ads - C09,96431,1411,454.8,1551.15,TikTok,341.0620052770449,4.71632566290923,0.3223245924875975,1.4632224077319533
2025-06-29,2434,939,935,262293.26,154577.22,107716.04,Retargeting,CA,TikTok - Retargeting - C10,193005,2841,1047.03,3134.19,TikTok,299.34099309475374,5.424885365664102,0.3685427666314678,1.4719825911245823
2025-06-30,3922,1709,1645,294637.56,153617.64,141019.92,Asc,NY,Facebook - ASC - C01,121667,1689,1351.45,4213.11,Facebook,311.74738244108175,11.107777786910173,0.8001480165778567,1.388215374752398
2025-06-30,3922,1709,1645,294637.56,153617.64,141019.92,Prospecting,NY,Facebook - Prospecting - C02,152070,1658,1942.89,4184.87,Facebook,215.3940778942709,12.776287236141252,1.1718275030156815,1.0902873676596303
2025-06-30,3922,1709,1645,294637.56,153617.64,141019.92,Prospecting,NY,Facebook - Prospecting - C03,167932,2086,2375.44,5351.39,Facebook,225.27994813592431,14.14524926756068,1.1387535953978907,1.2421694495390991
2025-06-30,3922,1709,1645,294637.56,153617.64,141019.92,Asc,CA,Facebook - Prospecting - C04,244709,3731,2582.0,6368.06,Facebook,246.63284275755228,10.551307879971722,0.6920396676494237,1.5246680751423118
2025-06-30,3922,1709,1645,294637.56,153617.64,141019.92,Prospecting,NY,Facebook - ASC - C05,153469,1825,1822.79,4333.22,Facebook,237.72458703416194,11.877252083482658,0.9987890410958904,1.1891652385823848
2025-06-30,3922,1709,1645,294637.56,153617.64,141019.92,Asc,NY,Facebook - ASC - C06,220385,3346,1559.92,4781.54,Facebook,306.5246935740294,7.078158676860949,0.4662044231918709,1.5182521496472083
2025-06-30,3922,1709,1645,294637.56,153617.64,141019.92,Asc,NY,Facebook - ASC - C07,102753,1442,1221.51,3255.34,Facebook,266.50129757431375,11.887828092610434,0.8470943134535367,1.4033653518632059
2025-06-30,3922,1709,1645,294637.56,153617.64,141019.92,Asc,CA,Facebook - Prospecting - C08,304962,4695,3759.78,11067.43,Facebook,294.36376596502987,12.328683573691148,0.8008051118210863,1.5395360733468433
2025-06-30,3922,1709,1645,294637.56,153617.64,141019.92,Prospecting,CA,Facebook - Prospecting - C09,233748,2651,2418.2,6441.65,Facebook,266.3820196840625,10.345329157896538,0.9121840814786872,1.1341273508222531
2025-06-30,3922,1709,1645,294637.56,153617.64,141019.92,Prospecting,CA,Facebook - ASC - C10,180783,2173,2365.49,5435.71,Facebook,229.79213609019698,13.08469269787535,1.0885826046939713,1.2019935502785108
2025-06-30,3922,1709,1645,294637.56,153617.64,141019.92,Non-Branded Search,CA,Google - Display - C01,231450,9589,2107.38,6991.05,Google,331.74130911368616,9.105119896305897,0.21977057044530193,4.14301144955714
2025-06-30,3922,1709,1645,294637.56,153617.64,141019.92,Non-Branded Search,NY,Google - Non-Branded Search - C02,230092,10710,1286.39,4602.68,Google,357.7981794012702,5.590763694522192,0.12011111111111113,4.6546598751803625
2025-06-30,3922,1709,1645,294637.56,153617.64,141019.92,Non-Branded Search,CA,Google - Non-Branded Search - C03,190190,9257,1151.7,3953.59,Google,343.28297299644004,6.055523423944477,0.12441395700550935,4.867238025132762
2025-06-30,3922,1709,1645,294637.56,153617.64,141019.92,Non-Branded Search,NY,Google - Non-Branded Search - C04,92193,4523,695.09,2327.14,Google,334.79693277129576,7.5395095072294,0.15367897413221315,4.906012387057586
2025-06-30,3922,1709,1645,294637.56,153617.64,141019.92,Non-Branded Search,CA,Google - Non-Branded Search - C05,144201,6417,1300.47,3840.44,Google,295.311695002576,9.018453408783573,0.20266012155212718,4.450038487943911
2025-06-30,3922,1709,1645,294637.56,153617.64,141019.92,Display,CA,Google - Non-Branded Search - C06,197970,715,1353.38,1944.4,Google,143.6699227120247,6.8362883265141186,1.892839160839161,0.3611658332070516
2025-06-30,3922,1709,1645,294637.56,153617.64,141019.92,Non-Branded Search,CA,Google - Display - C07,248936,10622,1989.3,6625.14,Google,333.0387573518324,7.991210592280748,0.18728111466767086,4.266960182536876
2025-06-30,3922,1709,1645,294637.56,153617.64,141019.92,Non-Branded Search,CA,Google - Display - C08,170625,8137,755.93,2231.99,Google,295.2641117563795,4.430358974358974,0.0929003318176232,4.768937728937729
2025-06-30,3922,1709,1645,294637.56,153617.64,141019.92,Non-Branded Search,CA,Google - Display - C09,118360,5822,394.44,1275.66,Google,323.4104046242775,3.3325447786414326,0.0677499141188595,4.9188915174045285
2025-06-30,3922,1709,1645,294637.56,153617.64,141019.92,Non-Branded Search,NY,Google - Non-Branded Search - C10,129420,5897,934.91,3363.33,Google,359.74906675508873,7.223844846237057,0.15853993556045445,4.556482769278318
2025-06-30,3922,1709,1645,294637.56,153617.64,141019.92,Retargeting,CA,TikTok - Retargeting - C01,80915,1337,811.1,2677.79,TikTok,330.1430156577487,10.02409936352963,0.6066566940912491,1.6523512327751344
2025-06-30,3922,1709,1645,294637.56,153617.64,141019.92,Retargeting,CA,TikTok - Retargeting - C02,96092,1524,1074.93,3763.5,TikTok,350.11582149535315,11.186467135661658,0.7053346456692914,1.5859801024018647
2025-06-30,3922,1709,1645,294637.56,153617.64,141019.92,Spark Ads,CA,TikTok - Retargeting - C03,123179,1662,1472.05,4072.41,TikTok,276.6488910023437,11.950494808368308,0.8857099879663056,1.3492559608374806
2025-06-30,3922,1709,1645,294637.56,153617.64,141019.92,Spark Ads,CA,TikTok - Spark Ads - C04,157629,2217,720.45,1805.2,TikTok,250.56561871052813,4.5705422225605705,0.3249661705006766,1.4064670841025446
2025-06-30,3922,1709,1645,294637.56,153617.64,141019.92,Spark Ads,CA,TikTok - Spark Ads - C05,167009,2277,2089.44,5304.49,TikTok,253.8713722337085,12.51094252405559,0.9176284584980238,1.363399577268291
2025-06-30,3922,1709,1645,294637.56,153617.64,141019.92,Retargeting,CA,TikTok - Spark Ads - C06,106419,1674,513.43,1809.77,TikTok,352.4862201273786,4.824608387599959,0.3067084826762246,1.5730273729315254
2025-06-30,3922,1709,1645,294637.56,153617.64,141019.92,Retargeting,CA,TikTok - Retargeting - C07,108782,1698,871.18,2367.06,TikTok,271.70733947060313,8.008494052324833,0.5130624263839811,1.5609200051479106
2025-06-30,3922,1709,1645,294637.56,153617.64,141019.92,Retargeting,CA,TikTok - Spark Ads - C08,251524,4342,1072.62,3608.48,TikTok,336.4173705506144,4.264483707320176,0.24703362505757712,1.7262766177382676
2025-06-30,3922,1709,1645,294637.56,153617.64,141019.92,Retargeting,CA,TikTok - Spark Ads - C09,284006,4295,3000.02,10086.09,TikTok,336.2007586616089,10.563227537446393,0.6984912689173457,1.5122919938311161
2025-06-30,3922,1709,1645,294637.56,153617.64,141019.92,Retargeting,CA,TikTok - Retargeting - C10,222605,3396,1965.43,5597.45,TikTok,284.79518476872744,8.829226657083176,0.5787485276796231,1.5255722018822577
2025-07-01,2691,1280,1253,260678.58,151234.85,109443.73,Asc,NY,Facebook - ASC - C01,219863,3600,2229.93,6230.74,Facebook,279.41415201374036,10.14236137958638,0.619425,1.6373832795877432
2025-07-01,2691,1280,1253,260678.58,151234.85,109443.73,Prospecting,NY,Facebook - Prospecting - C02,125374,1555,1131.67,2896.43,Facebook,255.94298691314603,9.026353151371099,0.7277620578778136,1.240289055147
2025-07-01,2691,1280,1253,260678.58,151234.85,109443.73,Prospecting,NY,Facebook - Prospecting - C03,213801,2809,1559.92,3463.11,Facebook,222.0056156725986,7.296130513889084,0.5553292986828053,1.3138385695109005
2025-07-01,2691,1280,1253,260678.58,151234.85,109443.73,Asc,CA,Facebook - Prospecting - C04,231211,3538,2433.53,6320.21,Facebook,259.71366697760044,10.525148024964212,0.6878264556246467,1.5302040127848588
2025-07-01,2691,1280,1253,260678.58,151234.85,109443.73,Prospecting,NY,Facebook - ASC - C05,194762,2501,1458.53,3663.51,Facebook,251.1782411057709,7.488781179080108,0.5831787285085965,1.2841314014027378
2025-07-01,2691,1280,1253,260678.58,151234.85,109443.73,Asc,NY,Facebook - ASC - C06,201197,2741,2617.72,7962.71,Facebook,304.18493956572894,13.010730776303822,0.9550237139730025,1.3623463570530374
2025-07-01,2691,1280,1253,260678.58,151234.85,109443.73,Asc,NY,Facebook - ASC - C07,87460,1404,1173.75,3324.4,Facebook,283.2289669861555,13.420420763777727,0.8360042735042735,1.6053052824148182
2025-07-01,2691,1280,1253,260678.58,151234.85,109443.73,Asc,CA,Facebook - Prospecting - C08,185697,2932,2339.89,7326.35,Facebook,313.1065990281595,12.600580515571064,0.7980525238744883,1.5789161914301255
2025-07-01,2691,1280,1253,260678.58,151234.85,109443.73,Prospecting,CA,Facebook - Prospecting - C09,197428,2571,2266.29,5026.22,Facebook,221.78185492589213,11.479070851145735,0.8814819136522754,1.302246895070608
2025-07-01,2691,1280,1253,260678.58,151234.85,109443.73,Prospecting,CA,Facebook - ASC - C10,84419,955,1163.45,3261.77,Facebook,280.3532597017491,13.781850057451523,1.2182722513089006,1.131261919710018
2025-07-01,2691,1280,1253,260678.58,151234.85,109443.73,Non-Branded Search,CA,Google - Display - C01,118837,5452,493.12,1481.23,Google,300.3792180402336,4.149549382767994,0.09044754218635363,4.587796729974671
2025-07-01,2691,1280,1253,260678.58,151234.85,109443.73,Non-Branded Search,NY,Google - Non-Branded Search - C02,89755,3973,365.34,1013.33,Google,277.3662889363333,4.070413904517854,0.09195570098162596,4.426494345718901
2025-07-01,2691,1280,1253,260678.58,151234.85,109443.73,Non-Branded Search,CA,Google - Non-Branded Search - C03,114827,5645,379.75,1353.66,Google,356.4608294930876,3.307149015475454,0.06727192205491586,4.9160911632281605
2025-07-01,2691,1280,1253,260678.58,151234.85,109443.73,Non-Branded Search,NY,Google - Non-Branded Search - C04,357622,16225,2973.56,10167.51,Google,341.9305478954519,8.314812847084351,0.18327026194144838,4.536913277147379
2025-07-01,2691,1280,1253,260678.58,151234.85,109443.73,Non-Branded Search,CA,Google - Non-Branded Search - C05,148428,6600,921.51,3174.14,Google,344.44987032153745,6.208464710162503,0.13962272727272726,4.446600371897485
2025-07-01,2691,1280,1253,260678.58,151234.85,109443.73,Display,CA,Google - Non-Branded Search - C06,159089,588,544.93,770.53,Google,141.39981281999522,3.4253153894989596,0.926751700680272,0.369604435253223
2025-07-01,2691,1280,1253,260678.58,151234.85,109443.73,Non-Branded Search,CA,Google - Display - C07,216020,8795,1533.41,5218.92,Google,340.347330459564,7.098463105268031,0.17435019897669132,4.071382279418572
2025-07-01,2691,1280,1253,260678.58,151234.85,109443.73,Non-Branded Search,CA,Google - Display - C08,425755,20183,2995.45,8986.61,Google,300.0086798310772,7.0356190766990405,0.14841450725858396,4.740519782504022
2025-07-01,2691,1280,1253,260678.58,151234.85,109443.73,Non-Branded Search,CA,Google - Display - C09,120747,5781,596.94,1775.92,Google,297.5039367440614,4.94372530994559,0.10325895173845356,4.787696588735124
2025-07-01,2691,1280,1253,260678.58,151234.85,109443.73,Non-Branded Search,NY,Google - Non-Branded Search - C10,206680,9396,1194.05,3373.11,Google,282.4931954273272,5.7772885620282555,0.12708067262664963,4.546158312366944
2025-07-01,2691,1280,1253,260678.58,151234.85,109443.73,Retargeting,CA,TikTok - Retargeting - C01,157963,2516,860.51,2492.17,TikTok,289.61546059894715,5.4475415128859295,0.3420151033386327,1.5927780556206201
2025-07-01,2691,1280,1253,260678.58,151234.85,109443.73,Retargeting,CA,TikTok - Retargeting - C02,186156,2845,2201.88,6094.61,TikTok,276.7911966138027,11.828144137175274,0.7739472759226714,1.5282881024517072
2025-07-01,2691,1280,1253,260678.58,151234.85,109443.73,Spark Ads,CA,TikTok - Retargeting - C03,138492,1660,1118.15,3051.9,TikTok,272.94191298126367,8.073751552436244,0.6735843373493976,1.1986251913467927
2025-07-01,2691,1280,1253,260678.58,151234.85,109443.73,Spark Ads,CA,TikTok - Spark Ads - C04,156683,1929,1047.26,2879.15,TikTok,274.92217787368946,6.683941461422107,0.5429030585795749,1.2311482419917923
2025-07-01,2691,1280,1253,260678.58,151234.85,109443.73,Spark Ads,CA,TikTok - Spark Ads - C05,165384,2346,2060.78,5192.45,TikTok,251.96527528411568,12.460576597494317,0.8784228473998296,1.418516906109418
2025-07-01,2691,1280,1253,260678.58,151234.85,109443.73,Retargeting,CA,TikTok - Spark Ads - C06,109999,1846,882.16,2811.76,TikTok,318.7358302348781,8.019709270084272,0.4778764897074756,1.6781970745188592
2025-07-01,2691,1280,1253,260678.58,151234.85,109443.73,Retargeting,CA,TikTok - Retargeting - C07,124863,2180,526.68,1812.25,TikTok,344.0893901420218,4.218062997044761,0.24159633027522934,1.7459135212192562
2025-07-01,2691,1280,1253,260678.58,151234.85,109443.73,Retargeting,CA,TikTok - Spark Ads - C08,68683,1003,541.6,1452.45,TikTok,268.17762186115215,7.885502962887468,0.5399800598205384,1.460332251066494
2025-07-01,2691,1280,1253,260678.58,151234.85,109443.73,Retargeting,CA,TikTok - Spark Ads - C09,207550,3384,1518.3,4817.37,TikTok,317.2870974115787,7.315345699831366,0.4486702127659574,1.6304504938569018
2025-07-01,2691,1280,1253,260678.58,151234.85,109443.73,Retargeting,CA,TikTok - Retargeting - C10,122351,1862,968.15,2971.47,TikTok,306.92248102050297,7.912889964119622,0.5199516648764769,1.5218510678294415
2025-07-02,2185,1010,936,221373.06,110298.83,111074.23,Asc,NY,Facebook - ASC - C01,246486,3438,3554.31,10572.13,Facebook,297.44535507595003,14.419926486697012,1.0338307155322861,1.3948053844843114
2025-07-02,2185,1010,936,221373.06,110298.83,111074.23,Prospecting,NY,Facebook - Prospecting - C02,280160,3127,2921.03,7576.78,Facebook,259.38727092840537,10.426292118789263,0.9341317556763672,1.1161479154768703
2025-07-02,2185,1010,936,221373.06,110298.83,111074.23,Prospecting,NY,Facebook - Prospecting - C03,224351,2959,1847.45,4693.44,Facebook,254.0496359847357,8.23464125410629,0.6243494423791822,1.3189154494519748
2025-07-02,2185,1010,936,221373.06,110298.83,111074.23,Asc,CA,Facebook - Prospecting - C04,340125,4730,2523.58,6146.85,Facebook,243.5765856442039,7.419566335905917,0.5335264270613108,1.39066519661889
2025-07-02,2185,1010,936,221373.06,110298.83,111074.23,Prospecting,NY,Facebook - ASC - C05,155824,2023,1172.15,2945.92,Facebook,251.32619545280042,7.522268713420269,0.5794117647058824,1.298259574905021
2025-07-02,2185,1010,936,221373.06,110298.83,111074.23,Asc,NY,Facebook - ASC - C06,247027,3970,1796.71,4332.26,Facebook,241.12182823048792,7.273334493800273,0.45257178841309825,1.6071117732069773
2025-07-02,2185,1010,936,221373.06,110298.83,111074.23,Asc,NY,Facebook - ASC - C07,95209,1342,671.17,1734.71,Facebook,258.4605986560782,7.049438603493367,0.5001266766020864,1.4095306116018442
2025-07-02,2185,1010,936,221373.06,110298.83,111074.23,Asc,CA,Facebook - Prospecting - C08,233223,3288,1727.76,5229.19,Facebook,302.657197758948,7.40818872924197,0.5254744525547446,1.409809495632935
2025-07-02,2185,1010,936,221373.06,110298.83,111074.23,Prospecting,CA,Facebook - Prospecting - C09,173628,1980,2073.41,4850.19,Facebook,233.92334367057165,11.941679913378026,1.0471767676767676,1.1403690648973668
2025-07-02,2185,1010,936,221373.06,110298.83,111074.23,Prospecting,CA,Facebook - ASC - C10,133619,1565,785.05,1770.17,Facebook,225.4850009553532,5.875287197180041,0.501629392971246,1.1712406169781244
2025-07-02,2185,1010,936,221373.06,110298.83,111074.23,Non-Branded Search,CA,Google - Display - C01,123223,5958,446.03,1319.1,Google,295.7424388494048,3.6196976213856176,0.07486236992279288,4.835136297606778
2025-07-02,2185,1010,936,221373.06,110298.83,111074.23,Non-Branded Search,NY,Google - Non-Branded Search - C02,258088,12548,1069.72,3076.91,Google,287.6369517256852,4.144787824307988,0.0852502390819254,4.861907566411457
2025-07-02,2185,1010,936,221373.06,110298.83,111074.23,Non-Branded Search,CA,Google - Non-Branded Search - C03,135113,6130,1239.21,3965.65,Google,320.01436398996134,9.171656317304775,0.20215497553017944,4.536943151288181
2025-07-02,2185,1010,936,221373.06,110298.83,111074.23,Non-Branded Search,NY,Google - Non-Branded Search - C04,334268,13670,1328.51,4917.35,Google,370.1402322903102,3.974385822154678,0.09718434528163862,4.089532949609295
2025-07-02,2185,1010,936,221373.06,110298.83,111074.23,Non-Branded Search,CA,Google - Non-Branded Search - C05,435795,17678,1649.72,5588.81,Google,338.7732463690808,3.7855413669271103,0.09332051137006449,4.056494452666965
2025-07-02,2185,1010,936,221373.06,110298.83,111074.23,Display,CA,Google - Non-Branded Search - C06,124188,465,534.71,882.93,Google,165.12315086682497,4.305649499146456,1.1499139784946237,0.3744323123007054
2025-07-02,2185,1010,936,221373.06,110298.83,111074.23,Non-Branded Search,CA,Google - Display - C07,120357,5671,804.01,2312.08,Google,287.5685625800674,6.680209709447727,0.14177570093457945,4.711815681680334
2025-07-02,2185,1010,936,221373.06,110298.83,111074.23,Non-Branded Search,CA,Google - Display - C08,106941,4660,860.72,2959.33,Google,343.820289989776,8.048550135121236,0.1847038626609442,4.357542944240282
2025-07-02,2185,1010,936,221373.06,110298.83,111074.23,Non-Branded Search,CA,Google - Display - C09,173497,8422,1590.07,5814.32,Google,365.66440471174224,9.164827057528372,0.18879957254808832,4.8542626097281225
2025-07-02,2185,1010,936,221373.06,110298.83,111074.23,Non-Branded Search,NY,Google - Non-Branded Search - C10,268310,12910,2599.54,8297.1,Google,319.1757003162098,9.68856919235213,0.20135863671572424,4.811598524095263
2025-07-02,2185,1010,936,221373.06,110298.83,111074.23,Retargeting,CA,TikTok - Retargeting - C01,100764,1569,484.43,1280.85,TikTok,264.40352579320023,4.8075701639474415,0.30875079668578714,1.5571037275217339
2025-07-02,2185,1010,936,221373.06,110298.83,111074.23,Retargeting,CA,TikTok - Retargeting - C02,133432,2117,713.32,2461.52,TikTok,345.07934727751916,5.3459440014389354,0.3369485120453472,1.5865759338089813
2025-07-02,2185,1010,936,221373.06,110298.83,111074.23,Spark Ads,CA,TikTok - Retargeting - C03,112431,1538,719.47,1582.43,TikTok,219.94384755444983,6.399213739982745,0.4677958387516255,1.3679501205183624
2025-07-02,2185,1010,936,221373.06,110298.83,111074.23,Spark Ads,CA,TikTok - Spark Ads - C04,177379,2078,1494.21,3746.31,TikTok,250.7217860943241,8.423826946820087,0.7190615976900866,1.1715028272794412
2025-07-02,2185,1010,936,221373.06,110298.83,111074.23,Spark Ads,CA,TikTok - Spark Ads - C05,215781,2959,1674.81,3547.77,TikTok,211.8311927920182,7.761619419689407,0.566005407232173,1.3712977509604647
2025-07-02,2185,1010,936,221373.06,110298.83,111074.23,Retargeting,CA,TikTok - Spark Ads - C06,132589,2023,630.25,1904.39,TikTok,302.16422054740184,4.753410916441032,0.3115422639644093,1.5257675976136784
2025-07-02,2185,1010,936,221373.06,110298.83,111074.23,Retargeting,CA,TikTok - Retargeting - C07,211840,3082,1603.41,5030.85,TikTok,313.75942522498923,7.568967145015106,0.5202498377676833,1.4548716012084593
2025-07-02,2185,1010,936,221373.06,110298.83,111074.23,Retargeting,CA,TikTok - Spark Ads - C08,126601,1980,1272.29,4021.85,TikTok,316.1111067445315,10.049604663470271,0.6425707070707071,1.5639686890308924
2025-07-02,2185,1010,936,221373.06,110298.83,111074.23,Retargeting,CA,TikTok - Spark Ads - C09,217531,3370,1074.8,2984.1,TikTok,277.6423520655006,4.940904974463409,0.31893175074183977,1.5492044812003807
2025-07-02,2185,1010,936,221373.06,110298.83,111074.23,Retargeting,CA,TikTok - Retargeting - C10,160252,2367,833.03,2269.19,TikTok,272.4019543113693,5.19825025584704,0.3519349387410224,1.4770486483788032
2025-07-03,2425,1294,1301,245773.9,143543.71,102230.19,Asc,NY,Facebook - ASC - C01,175794,2754,977.16,2604.92,Facebook,266.58070326251584,5.558551486398852,0.3548148148148148,1.5666063688180483
2025-07-03,2425,1294,1301,245773.9,143543.71,102230.19,Prospecting,NY,Facebook - Prospecting - C02,162646,1948,2223.0,5428.92,Facebook,244.21592442645075,13.667720079190389,1.141170431211499,1.1976931495394907
2025-07-03,2425,1294,1301,245773.9,143543.71,102230.19,Prospecting,NY,Facebook - Prospecting - C03,119803,1320,1008.66,2253.22,Facebook,223.38746455693692,8.419321719823376,0.7641363636363636,1.1018088027845714
2025-07-03,2425,1294,1301,245773.9,143543.71,102230.19,Asc,CA,Facebook - Prospecting - C04,218296,3305,1411.99,3457.16,Facebook,244.84309378961603,6.4682357899366,0.4272284417549168,1.5139993403452192
2025-07-03,2425,1294,1301,245773.9,143543.71,102230.19,Prospecting,NY,Facebook - ASC - C05,132623,1600,1839.27,5202.4,Facebook,282.8513486328815,13.868408948674062,1.14954375,1.2064272411271046
2025-07-03,2425,1294,1301,245773.9,143543.71,102230.19,Asc,NY,Facebook - ASC - C06,199568,3099,1662.48,3935.5,Facebook,236.72465232664456,8.330393650284615,0.5364569215876089,1.5528541649963923
2025-07-03,2425,1294,1301,245773.9,143543.71,102230.19,Asc,NY,Facebook - ASC - C07,145806,1994,1515.43,3886.48,Facebook,256.46054255227887,10.393468032865588,0.7599949849548646,1.3675706075195808
2025-07-03,2425,1294,1301,245773.9,143543.71,102230.19,Asc,CA,Facebook - Prospecting - C08,277634,3813,2349.19,5523.24,Facebook,235.11252814799994,8.461463653587096,0.616100183582481,1.3733908671128174
2025-07-03,2425,1294,1301,245773.9,143543.71,102230.19,Prospecting,CA,Facebook - Prospecting - C09,89798,1113,1167.07,2925.99,Facebook,250.7124679753571,12.996614623933718,1.0485804132973944,1.2394485400565713
2025-07-03,2425,1294,1301,245773.9,143543.71,102230.19,Prospecting,CA,Facebook - ASC - C10,328443,3651,3629.37,7506.41,Facebook,206.824049352918,11.05022789342443,0.994075595727198,1.1116084069381902
2025-07-03,2425,1294,1301,245773.9,143543.71,102230.19,Non-Branded Search,CA,Google - Display - C01,133894,5423,391.09,1258.46,Google,321.78270986218007,2.9208926464217964,0.07211690945970864,4.050218829820604
2025-07-03,2425,1294,1301,245773.9,143543.71,102230.19,Non-Branded Search,NY,Google - Non-Branded Search - C02,136431,5617,1228.94,4044.77,Google,329.1267270981496,9.007776824915158,0.21878938935374756,4.117099486187157
2025-07-03,2425,1294,1301,245773.9,143543.71,102230.19,Non-Branded Search,CA,Google - Non-Branded Search - C03,256343,12192,2006.39,5769.33,Google,287.5477848274762,7.82697401528421,0.1645661089238845,4.75612753225171
2025-07-03,2425,1294,1301,245773.9,143543.71,102230.19,Non-Branded Search,NY,Google - Non-Branded Search - C04,165023,7498,1248.09,4249.24,Google,340.4594219968111,7.563127564036527,0.16645638837023205,4.543609072674718
2025-07-03,2425,1294,1301,245773.9,143543.71,102230.19,Non-Branded Search,CA,Google - Non-Branded Search - C05,264014,12790,1250.16,3480.41,Google,278.39716516285915,4.735203436181415,0.09774511336982018,4.844440067572174
2025-07-03,2425,1294,1301,245773.9,143543.71,102230.19,Display,CA,Google - Non-Branded Search - C06,97014,353,845.87,1399.22,Google,165.41785380732264,8.71905085863896,2.3962322946175636,0.36386500917393366
2025-07-03,2425,1294,1301,245773.9,143543.71,102230.19,Non-Branded Search,CA,Google - Display - C07,217268,10679,1080.68,3965.49,Google,366.94396120960874,4.973949223999853,0.10119674126790898,4.915127860522488
2025-07-03,2425,1294,1301,245773.9,143543.71,102230.19,Non-Branded Search,CA,Google - Display - C08,223449,9579,1937.25,7001.24,Google,361.40095496193055,8.669763570210652,0.20223927341058565,4.28688425546769
2025-07-03,2425,1294,1301,245773.9,143543.71,102230.19,Non-Branded Search,CA,Google - Display - C09,149283,6460,1165.29,3534.74,Google,303.335650353131,7.8059122606056945,0.18038544891640867,4.327351406389207
2025-07-03,2425,1294,1301,245773.9,143543.71,102230.19,Non-Branded Search,NY,Google - Non-Branded Search - C10,229231,11228,1559.27,5143.09,Google,329.83960443027826,6.802177715928474,0.13887335233345208,4.898115874379992
2025-07-03,2425,1294,1301,245773.9,143543.71,102230.19,Retargeting,CA,TikTok - Retargeting - C01,63048,921,619.28,2111.58,TikTok,340.9733884511045,9.822357568836441,0.6723995656894679,1.460791777693186
2025-07-03,2425,1294,1301,245773.9,143543.71,102230.19,Retargeting,CA,TikTok - Retargeting - C02,187343,3181,1623.55,5013.15,TikTok,308.77706260971325,8.66618982294508,0.5103898145237347,1.69795508772679
2025-07-03,2425,1294,1301,245773.9,143543.71,102230.19,Spark Ads,CA,TikTok - Retargeting - C03,144762,1871,1273.69,3337.63,TikTok,262.04413946878753,8.798510658874566,0.680753607696419,1.2924662549564112
2025-07-03,2425,1294,1301,245773.9,143543.71,102230.19,Spark Ads,CA,TikTok - Spark Ads - C04,185419,2576,837.78,2362.62,TikTok,282.00959679152044,4.51830718534778,0.3252251552795031,1.3892858876382679
2025-07-03,2425,1294,1301,245773.9,143543.71,102230.19,Spark Ads,CA,TikTok - Spark Ads - C05,387837,4781,2774.96,7368.78,TikTok,265.54544930377375,7.1549645856377815,0.5804141393014014,1.2327343703669325
2025-07-03,2425,1294,1301,245773.9,143543.71,102230.19,Retargeting,CA,TikTok - Spark Ads - C06,122538,1780,1458.51,5012.7,TikTok,343.6863648518008,11.902511873867699,0.8193876404494382,1.4526106187468377
2025-07-03,2425,1294,1301,245773.9,143543.71,102230.19,Retargeting,CA,TikTok - Retargeting - C07,203670,3498,2224.23,6022.81,TikTok,270.7817986449243,10.920754161143025,0.6358576329331046,1.7174841655619384
2025-07-03,2425,1294,1301,245773.9,143543.71,102230.19,Retargeting,CA,TikTok - Spark Ads - C08,123475,2021,1218.34,3011.31,TikTok,247.16499499318746,9.867098602956062,0.6028401781296387,1.6367685766349462
2025-07-03,2425,1294,1301,245773.9,143543.71,102230.19,Retargeting,CA,TikTok - Spark Ads - C09,157390,2523,663.08,1785.65,TikTok,269.29631417023586,4.212974140669674,0.2628141101862862,1.6030243344558104
2025-07-03,2425,1294,1301,245773.9,143543.71,102230.19,Retargeting,CA,TikTok - Retargeting - C10,156921,2466,1383.24,3688.22,TikTok,266.6363031722622,8.814881373429943,0.5609245742092458,1.5714913873860097
2025-07-04,2863,1528,1508,309074.55,157364.9,151709.65,Asc,NY,Facebook - ASC - C01,197017,2875,2060.84,5333.31,Facebook,258.7930164398983,10.460214093200081,0.7168139130434783,1.45926493652832
2025-07-04,2863,1528,1508,309074.55,157364.9,151709.65,Prospecting,NY,Facebook - Prospecting - C02,127468,1464,1797.59,4467.61,Facebook,248.5333140482535,14.10228449493206,1.2278620218579235,1.1485235510088807
2025-07-04,2863,1528,1508,309074.55,157364.9,151709.65,Prospecting,NY,Facebook - Prospecting - C03,112069,1247,1229.56,2586.63,Facebook,210.37037639480792,10.971455085706127,0.9860144346431435,1.1127073499362001
2025-07-04,2863,1528,1508,309074.55,157364.9,151709.65,Asc,CA,Facebook - Prospecting - C04,304262,4307,3538.53,9575.76,Facebook,270.614068553891,11.62987819708015,0.8215765033666126,1.41555632974213
2025-07-04,2863,1528,1508,309074.55,157364.9,151709.65,Prospecting,NY,Facebook - ASC - C05,186194,2454,1935.17,4002.22,Facebook,206.8149051504519,10.393299461851617,0.7885778321108394,1.3179801712192658
2025-07-04,2863,1528,1508,309074.55,157364.9,151709.65,Asc,NY,Facebook - ASC - C06,141153,2280,1526.58,4668.14,Facebook,305.79072174402916,10.815073005887228,0.6695526315789473,1.615268538394508
2025-07-04,2863,1528,1508,309074.55,157364.9,151709.65,Asc,NY,Facebook - ASC - C07,312010,4612,2505.69,6441.32,Facebook,257.0677138832018,8.030800294862344,0.5432979184735472,1.4781577513541233
2025-07-04,2863,1528,1508,309074.55,157364.9,151709.65,Asc,CA,Facebook - Prospecting - C08,194881,2925,1239.92,3171.43,Facebook,255.77698561197494,6.362446826524906,0.4239042735042735,1.5009159435758233
2025-07-04,2863,1528,1508,309074.55,157364.9,151709.65,Prospecting,CA,Facebook - Prospecting - C09,84156,1100,1087.18,2588.16,Facebook,238.06177449916294,12.918627311183991,0.9883454545454546,1.307096344883312
2025-07-04,2863,1528,1508,309074.55,157364.9,151709.65,Prospecting,CA,Facebook - ASC - C10,245739,2967,2589.83,6398.44,Facebook,247.0602317526633,10.538945792080215,0.8728783282777216,1.207378560179703
2025-07-04,2863,1528,1508,309074.55,157364.9,151709.65,Non-Branded Search,CA,Google - Display - C01,287622,12376,3025.62,8690.49,Google,287.2300553275031,10.519431754177356,0.24447478991596638,4.302869738754337
2025-07-04,2863,1528,1508,309074.55,157364.9,151709.65,Non-Branded Search,NY,Google - Non-Branded Search - C02,119462,5548,477.57,1679.43,Google,351.66153652867644,3.997672900169091,0.08607966834895457,4.644154626575816
2025-07-04,2863,1528,1508,309074.55,157364.9,151709.65,Non-Branded Search,CA,Google - Non-Branded Search - C03,171643,7211,1515.94,4584.72,Google,302.43413327704263,8.831936053319971,0.21022604354458466,4.201161713556626
2025-07-04,2863,1528,1508,309074.55,157364.9,151709.65,Non-Branded Search,NY,Google - Non-Branded Search - C04,120465,5063,1051.9,2883.02,Google,274.07738378172826,8.731996845556802,0.20776219632628878,4.202880504710912
2025-07-04,2863,1528,1508,309074.55,157364.9,151709.65,Non-Branded Search,CA,Google - Non-Branded Search - C05,111770,5290,755.67,2384.2,Google,315.50809215662923,6.760937639796009,0.14284877126654064,4.732933703140377
2025-07-04,2863,1528,1508,309074.55,157364.9,151709.65,Display,CA,Google - Non-Branded Search - C06,275524,1127,1979.04,3816.94,Google,192.8682593580726,7.182822549033841,1.756024844720497,0.4090387770212396
2025-07-04,2863,1528,1508,309074.55,157364.9,151709.65,Non-Branded Search,CA,Google - Display - C07,225858,9644,2262.57,7919.21,Google,350.0095024684319,10.01766596711208,0.23460908336789715,4.269939519521115
2025-07-04,2863,1528,1508,309074.55,157364.9,151709.65,Non-Branded Search,CA,Google - Display - C08,172675,7351,794.15,2580.57,Google,324.9474280677454,4.599102359924714,0.10803292069106243,4.257130447372231
2025-07-04,2863,1528,1508,309074.55,157364.9,151709.65,Non-Branded Search,CA,Google - Display - C09,307951,12530,3250.69,10299.54,Google,316.8416551562899,10.555867654269672,0.2594325618515563,4.068829131907349
2025-07-04,2863,1528,1508,309074.55,157364.9,151709.65,Non-Branded Search,NY,Google - Non-Branded Search - C10,281164,13509,2375.49,8860.67,Google,373.0038855141466,8.44877011281672,0.17584499222740393,4.804669161059026
2025-07-04,2863,1528,1508,309074.55,157364.9,151709.65,Retargeting,CA,TikTok - Retargeting - C01,136891,2231,796.48,2027.29,TikTok,254.53118722378463,5.818351827366299,0.35700582698341554,1.6297638266942311
2025-07-04,2863,1528,1508,309074.55,157364.9,151709.65,Retargeting,CA,TikTok - Retargeting - C02,229293,3479,1106.01,3456.23,TikTok,312.4953662263452,4.8235663539663225,0.31791031905720035,1.5172726598718669
2025-07-04,2863,1528,1508,309074.55,157364.9,151709.65,Spark Ads,CA,TikTok - Retargeting - C03,132004,1868,952.53,2502.4,TikTok,262.7108857463807,7.2159176994636525,0.5099197002141328,1.415108633071725
2025-07-04,2863,1528,1508,309074.55,157364.9,151709.65,Spark Ads,CA,TikTok - Spark Ads - C04,122329,1584,1317.45,3163.8,TikTok,240.1457360810657,10.769727538032683,0.8317234848484849,1.2948687555689984
2025-07-04,2863,1528,1508,309074.55,157364.9,151709.65,Spark Ads,CA,TikTok - Spark Ads - C05,143879,1909,1705.81,3747.37,TikTok,219.68273137102022,11.855864997671654,0.8935620743844944,1.32680933284218
2025-07-04,2863,1528,1508,309074.55,157364.9,151709.65,Retargeting,CA,TikTok - Spark Ads - C06,92873,1427,589.83,1692.02,TikTok,286.86570706813825,6.3509308410409915,0.41333566923615983,1.5365068426776352
2025-07-04,2863,1528,1508,309074.55,157364.9,151709.65,Retargeting,CA,TikTok - Retargeting - C07,121024,1934,714.02,2092.16,TikTok,293.0114002408896,5.899821523003702,0.36919338159255427,1.5980301427815968
2025-07-04,2863,1528,1508,309074.55,157364.9,151709.65,Retargeting,CA,TikTok - Spark Ads - C08,109093,1657,1129.18,2990.38,TikTok,264.82757399174625,10.350618279816304,0.6814604707302354,1.5188875546552025
2025-07-04,2863,1528,1508,309074.55,157364.9,151709.65,Retargeting,CA,TikTok - Spark Ads - C09,88741,1545,644.0,2021.7,TikTok,313.92857142857144,7.257073956795619,0.4168284789644013,1.7410216247281414
2025-07-04,2863,1528,1508,309074.55,157364.9,151709.65,Retargeting,CA,TikTok - Retargeting - C10,188236,2806,935.28,2894.19,TikTok,309.44636900179626,4.968656367538621,0.3333143264433357,1.4906819099428377
2025-07-05,2401,1308,1281,255166.55,156650.22,98516.33,Asc,NY,Facebook - ASC - C01,133370,1968,1394.65,4187.16,Facebook,300.2301652744416,10.456999325185574,0.7086636178861789,1.4755942115918124
2025-07-05,2401,1308,1281,255166.55,156650.22,98516.33,Prospecting,NY,Facebook - Prospecting - C02,151177,1993,1826.33,4040.93,Facebook,221.25957521367988,12.080739795074647,0.9163723030607125,1.3183222315563876
2025-07-05,2401,1308,1281,255166.55,156650.22,98516.33,Prospecting,NY,Facebook - Prospecting - C03,236353,2826,3408.18,9154.4,Facebook,268.60083681026236,14.419871971161779,1.206008492569002,1.1956691897289224
2025-07-05,2401,1308,1281,255166.55,156650.22,98516.33,Asc,CA,Facebook - Prospecting - C04,144890,2306,1055.36,2557.55,Facebook,242.33910703456644,7.283870522465318,0.45765828274067644,1.591552212022914
2025-07-05,2401,1308,1281,255166.55,156650.22,98516.33,Prospecting,NY,Facebook - ASC - C05,208300,2415,2584.22,6376.69,Facebook,246.7549202467282,12.406240998559769,1.070070393374741,1.1593855016802688
2025-07-05,2401,1308,1281,255166.55,156650.22,98516.33,Asc,NY,Facebook - ASC - C06,189042,2969,2346.9,6726.67,Facebook,286.6193702330734,12.414701494905895,0.790468171101381,1.5705504596862072
2025-07-05,2401,1308,1281,255166.55,156650.22,98516.33,Asc,NY,Facebook - ASC - C07,254062,3684,1809.95,5085.52,Facebook,280.9757175612586,7.124048460611976,0.491300217155266,1.4500397540757768
2025-07-05,2401,1308,1281,255166.55,156650.22,98516.33,Asc,CA,Facebook - Prospecting - C08,185454,2583,1802.71,5651.23,Facebook,313.4852527583471,9.720523687814769,0.6979132791327913,1.3927982141123945
2025-07-05,2401,1308,1281,255166.55,156650.22,98516.33,Prospecting,CA,Facebook - Prospecting - C09,259997,3302,2891.37,6961.81,Facebook,240.77893870379788,11.12078216287111,0.8756420351302241,1.2700146540152386
2025-07-05,2401,1308,1281,255166.55,156650.22,98516.33,Prospecting,CA,Facebook - ASC - C10,158547,2022,1308.26,3218.53,Facebook,246.016082430098,8.2515594744776,0.6470128585558853,1.27533160513917
2025-07-05,2401,1308,1281,255166.55,156650.22,98516.33,Non-Branded Search,CA,Google - Display - C01,205820,10054,657.38,2007.26,Google,305.3424199093371,3.1939558837819453,0.06538492142430873,4.8848508405402775
2025-07-05,2401,1308,1281,255166.55,156650.22,98516.33,Non-Branded Search,NY,Google - Non-Branded Search - C02,214518,10254,1882.54,6074.76,Google,322.6895577252011,8.775673836228195,0.18359079383655158,4.780018459989371
2025-07-05,2401,1308,1281,255166.55,156650.22,98516.33,Non-Branded Search,CA,Google - Non-Branded Search - C03,147244,6361,705.69,1941.2,Google,275.0782921679491,4.792657086197061,0.11094010375727088,4.320040205373394
2025-07-05,2401,1308,1281,255166.55,156650.22,98516.33,Non-Branded Search,NY,Google - Non-Branded Search - C04,559502,27201,3205.22,8859.55,Google,276.41004361635083,5.728701595347291,0.11783463843241057,4.861644819857659
2025-07-05,2401,1308,1281,255166.55,156650.22,98516.33,Non-Branded Search,CA,Google - Non-Branded Search - C05,126944,6084,556.16,1890.25,Google,339.8752157652474,4.381144441643559,0.09141354372123603,4.7926644819763045
2025-07-05,2401,1308,1281,255166.55,156650.22,98516.33,Display,CA,Google - Non-Branded Search - C06,287919,1239,1868.92,2517.09,Google,134.68152729918884,6.491131186201676,1.508410008071025,0.43032936346680833
2025-07-05,2401,1308,1281,255166.55,156650.22,98516.33,Non-Branded Search,CA,Google - Display - C07,157988,6909,1343.05,4229.4,Google,314.9100926994527,8.50096209838722,0.19439137357070488,4.373116945590804
2025-07-05,2401,1308,1281,255166.55,156650.22,98516.33,Non-Branded Search,CA,Google - Display - C08,182977,8696,1222.92,4064.56,Google,332.3651588002486,6.683462948895217,0.1406301747930083,4.752509878290715
2025-07-05,2401,1308,1281,255166.55,156650.22,98516.33,Non-Branded Search,CA,Google - Display - C09,186726,8451,678.07,2252.78,Google,332.23413511879306,3.6313636022835603,0.08023547509170513,4.5258828443816075
2025-07-05,2401,1308,1281,255166.55,156650.22,98516.33,Non-Branded Search,NY,Google - Non-Branded Search - C10,289813,12181,2668.64,9046.51,Google,338.9932699802147,9.2081445621832,0.2190821771611526,4.2030550734439105
2025-07-05,2401,1308,1281,255166.55,156650.22,98516.33,Retargeting,CA,TikTok - Retargeting - C01,114724,1776,768.73,2679.41,TikTok,348.55020618422594,6.70069035249817,0.4328434684684685,1.5480631777134688
2025-07-05,2401,1308,1281,255166.55,156650.22,98516.33,Retargeting,CA,TikTok - Retargeting - C02,159044,2769,848.33,2758.25,TikTok,325.1388021171006,5.333932748170318,0.30636691946551103,1.7410276401498959
2025-07-05,2401,1308,1281,255166.55,156650.22,98516.33,Spark Ads,CA,TikTok - Retargeting - C03,113012,1500,790.51,2064.7,TikTok,261.18581675121123,6.994920893356458,0.5270066666666666,1.3272926768838706
2025-07-05,2401,1308,1281,255166.55,156650.22,98516.33,Spark Ads,CA,TikTok - Spark Ads - C04,81297,990,703.21,1617.96,TikTok,230.0820523030105,8.649888679779082,0.7103131313131313,1.217757112808591
2025-07-05,2401,1308,1281,255166.55,156650.22,98516.33,Spark Ads,CA,TikTok - Spark Ads - C05,221175,2879,1377.13,3104.86,TikTok,225.45874390943484,6.226427037413813,0.4783362278568948,1.301684186729965
2025-07-05,2401,1308,1281,255166.55,156650.22,98516.33,Retargeting,CA,TikTok - Spark Ads - C06,158058,2383,771.63,2243.53,TikTok,290.7520443735988,4.881942071897658,0.32380612673101133,1.5076743980057954
2025-07-05,2401,1308,1281,255166.55,156650.22,98516.33,Retargeting,CA,TikTok - Retargeting - C07,177923,2634,1345.05,4582.08,TikTok,340.66242890598863,7.5597308948252895,0.5106492027334851,1.4804156854369586
2025-07-05,2401,1308,1281,255166.55,156650.22,98516.33,Retargeting,CA,TikTok - Spark Ads - C08,160234,2524,1687.15,5323.24,TikTok,315.5166997599502,10.52928841569205,0.6684429477020603,1.5751962754471585
2025-07-05,2401,1308,1281,255166.55,156650.22,98516.33,Retargeting,CA,TikTok - Spark Ads - C09,198777,3138,950.21,3175.06,TikTok,334.14297892044914,4.780281420888734,0.3028075207138305,1.578653465944249
2025-07-05,2401,1308,1281,255166.55,156650.22,98516.33,Retargeting,CA,TikTok - Retargeting - C10,178518,3093,1906.3,5141.91,TikTok,269.73246603367784,10.678474999719917,0.6163271904300032,1.732598393439317
2025-07-06,2325,1037,992,250387.78,131988.5,118399.28,Asc,NY,Facebook - ASC - C01,294259,4463,2651.6,7697.45,Facebook,290.2945391461759,9.011109260889217,0.594129509298678,1.5166910782677845
2025-07-06,2325,1037,992,250387.78,131988.5,118399.28,Prospecting,NY,Facebook - Prospecting - C02,273989,3011,2671.61,6139.26,Facebook,229.79626517343473,9.750792915044034,0.8872832945865161,1.0989492278887107
2025-07-06,2325,1037,992,250387.78,131988.5,118399.28,Prospecting,NY,Facebook - Prospecting - C03,277324,3093,2219.33,5159.61,Facebook,232.48502926558916,8.002661147250148,0.7175331393469123,1.1153019572774083
2025-07-06,2325,1037,992,250387.78,131988.5,118399.28,Asc,CA,Facebook - Prospecting - C04,221799,3435,2662.77,6970.97,Facebook,261.79392136759844,12.005329149364965,0.7751877729257642,1.548699498194311
2025-07-06,2325,1037,992,250387.78,131988.5,118399.28,Prospecting,NY,Facebook - ASC - C05,156040,1722,1461.57,3724.99,Facebook,254.86223718330288,9.366636759805179,0.8487630662020905,1.1035631889259165
2025-07-06,2325,1037,992,250387.78,131988.5,118399.28,Asc,NY,Facebook - ASC - C06,171319,2490,1428.95,3613.14,Facebook,252.85279400958746,8.340872874579002,0.5738755020080322,1.45342898335853
2025-07-06,2325,1037,992,250387.78,131988.5,118399.28,Asc,NY,Facebook - ASC - C07,87923,1336,927.47,2776.55,Facebook,299.36817363364855,10.548661897341994,0.6942140718562875,1.5195113906486357
2025-07-06,2325,1037,992,250387.78,131988.5,118399.28,Asc,CA,Facebook - Prospecting - C08,358818,4893,3640.42,11620.09,Facebook,319.1964114030799,10.145589128750508,0.7440057224606581,1.3636439643496145
2025-07-06,2325,1037,992,250387.78,131988.5,118399.28,Prospecting,CA,Facebook - Prospecting - C09,258974,2983,2153.19,4940.55,Facebook,229.45257966087524,8.314309544587488,0.7218203151190077,1.1518530817765489
2025-07-06,2325,1037,992,250387.78,131988.5,118399.28,Prospecting,CA,Facebook - ASC - C10,268227,3189,3869.54,9192.94,Facebook,237.57190777198326,14.426362744988387,1.2134023204766384,1.1889183415539821
2025-07-06,2325,1037,992,250387.78,131988.5,118399.28,Non-Branded Search,CA,Google - Display - C01,167577,7353,1139.8,3174.01,Google,278.4707843481313,6.801649391026214,0.15501155990752075,4.387833652589556
2025-07-06,2325,1037,992,250387.78,131988.5,118399.28,Non-Branded Search,NY,Google - Non-Branded Search - C02,238102,11266,1936.33,6638.65,Google,342.84703537103695,8.132355041116831,0.17187377951358068,4.731585622968307
2025-07-06,2325,1037,992,250387.78,131988.5,118399.28,Non-Branded Search,CA,Google - Non-Branded Search - C03,195957,9115,1400.26,4509.26,Google,322.03019439247,7.145751363819614,0.15362150301700495,4.651530692958149
2025-07-06,2325,1037,992,250387.78,131988.5,118399.28,Non-Branded Search,NY,Google - Non-Branded Search - C04,130082,5483,936.19,2908.58,Google,310.6826605710379,7.196921941544565,0.1707441181834762,4.2150335941944315
2025-07-06,2325,1037,992,250387.78,131988.5,118399.28,Non-Branded Search,CA,Google - Non-Branded Search - C05,247690,10388,1547.44,4419.9,Google,285.6265832600941,6.247486777827123,0.14896418944936465,4.1939521175663135
2025-07-06,2325,1037,992,250387.78,131988.5,118399.28,Display,CA,Google - Non-Branded Search - C06,175043,745,863.12,1474.91,Google,170.88122161460748,4.930902692481276,1.1585503355704698,0.42560970732905634
2025-07-06,2325,1037,992,250387.78,131988.5,118399.28,Non-Branded Search,CA,Google - Display - C07,135692,6076,457.4,1658.68,Google,362.6322693484915,3.370869321699142,0.07527978933508887,4.477787931491909
2025-07-06,2325,1037,992,250387.78,131988.5,118399.28,Non-Branded Search,CA,Google - Display - C08,132993,5968,928.19,3110.0,Google,335.060709553001,6.97923950884633,0.15552781501340485,4.487454226914198
2025-07-06,2325,1037,992,250387.78,131988.5,118399.28,Non-Branded Search,CA,Google - Display - C09,167898,7659,616.51,1938.25,Google,314.39068303839355,3.671931768097297,0.08049484266875571,4.561698173891291
2025-07-06,2325,1037,992,250387.78,131988.5,118399.28,Non-Branded Search,NY,Google - Non-Branded Search - C10,219559,10028,1931.84,5405.99,Google,279.8363218486003,8.798728360030788,0.19264459513362583,4.5673372533123215
2025-07-06,2325,1037,992,250387.78,131988.5,118399.28,Retargeting,CA,TikTok - Retargeting - C01,191488,2913,1999.8,5083.56,TikTok,254.20342034203424,10.443474264705882,0.686508753861998,1.5212441510695187
2025-07-06,2325,1037,992,250387.78,131988.5,118399.28,Retargeting,CA,TikTok - Retargeting - C02,79300,1284,383.85,1353.49,TikTok,352.6090920932656,4.84047919293821,0.2989485981308411,1.6191677175283734
2025-07-06,2325,1037,992,250387.78,131988.5,118399.28,Spark Ads,CA,TikTok - Retargeting - C03,226132,2752,1922.4,3932.09,TikTok,204.54067831876822,8.501229370456194,0.698546511627907,1.2169883077140784
2025-07-06,2325,1037,992,250387.78,131988.5,118399.28,Spark Ads,CA,TikTok - Spark Ads - C04,110283,1309,1092.6,2820.44,TikTok,258.1402159985356,9.907238649655886,0.8346829640947288,1.1869463108548008
2025-07-06,2325,1037,992,250387.78,131988.5,118399.28,Spark Ads,CA,TikTok - Spark Ads - C05,204759,2765,1057.91,2885.99,TikTok,272.80108893951274,5.16661050307923,0.3826075949367089,1.3503679935924673
2025-07-06,2325,1037,992,250387.78,131988.5,118399.28,Retargeting,CA,TikTok - Spark Ads - C06,95443,1521,850.58,2274.48,TikTok,267.40341884361254,8.91191601269868,0.55922419460881,1.593621323722012
2025-07-06,2325,1037,992,250387.78,131988.5,118399.28,Retargeting,CA,TikTok - Retargeting - C07,239759,3896,2869.48,9361.77,TikTok,326.2531887310593,11.968184718821817,0.7365195071868583,1.6249650690902113
2025-07-06,2325,1037,992,250387.78,131988.5,118399.28,Retargeting,CA,TikTok - Spark Ads - C08,247919,3777,1132.88,3048.62,TikTok,269.1035237624461,4.569556992404778,0.29994175271379403,1.5234814596702955
2025-07-06,2325,1037,992,250387.78,131988.5,118399.28,Retargeting,CA,TikTok - Spark Ads - C09,216430,3206,1269.55,3408.37,TikTok,268.47071797093463,5.865868872152659,0.395991890205864,1.4813103543870998
2025-07-06,2325,1037,992,250387.78,131988.5,118399.28,Retargeting,CA,TikTok - Retargeting - C10,132292,1960,746.47,2002.32,TikTok,268.2385092502043,5.6425936564569295,0.38085204081632656,1.4815710700571463
2025-07-07,3157,1067,1055,281358.54,144783.74,136574.8,Asc,NY,Facebook - ASC - C01,106236,1707,715.49,2197.48,Facebook,307.1293798655467,6.734910952972627,0.41915055653192734,1.6067999548175762
2025-07-07,3157,1067,1055,281358.54,144783.74,136574.8,Prospecting,NY,Facebook - Prospecting - C02,507523,5810,4477.21,10317.19,Facebook,230.43792897809126,8.82168886927292,0.7706041308089501,1.1447757047463858
2025-07-07,3157,1067,1055,281358.54,144783.74,136574.8,Prospecting,NY,Facebook - Prospecting - C03,167076,2153,2086.47,5185.92,Facebook,248.54994320550983,12.488149105796165,0.9690989317231768,1.288635112164524
2025-07-07,3157,1067,1055,281358.54,144783.74,136574.8,Asc,CA,Facebook - Prospecting - C04,112718,1661,1047.04,3120.78,Facebook,298.05738080684597,9.289022161500382,0.6303672486453943,1.4735889565109388
2025-07-07,3157,1067,1055,281358.54,144783.74,136574.8,Prospecting,NY,Facebook - ASC - C05,193244,2247,1372.56,3640.18,Facebook,265.2109925977735,7.102730227070439,0.6108411214953271,1.1627786632443957
2025-07-07,3157,1067,1055,281358.54,144783.74,136574.8,Asc,NY,Facebook - ASC - C06,195188,3023,1758.57,5306.15,Facebook,301.73095185292595,9.009621493124577,0.5817300694674165,1.548763243642027
2025-07-07,3157,1067,1055,281358.54,144783.74,136574.8,Asc,NY,Facebook - ASC - C07,269437,3805,1770.76,4562.13,Facebook,257.63683390182746,6.572074362466922,0.465377135348226,1.4122039660477217
2025-07-07,3157,1067,1055,281358.54,144783.74,136574.8,Asc,CA,Facebook - Prospecting - C08,263855,4045,2749.45,7594.16,Facebook,276.2065140300788,10.420306607795949,0.6797156983930779,1.5330389797426618
2025-07-07,3157,1067,1055,281358.54,144783.74,136574.8,Prospecting,CA,Facebook - Prospecting - C09,257433,3124,2740.06,7289.86,Facebook,266.04745881477044,10.643779158072197,0.8770998719590268,1.213519634234927
2025-07-07,3157,1067,1055,281358.54,144783.74,136574.8,Prospecting,CA,Facebook - ASC - C10,138648,1574,1577.72,3679.12,Facebook,233.1922014045585,11.379320293116383,1.0023634053367216,1.1352489758236686
2025-07-07,3157,1067,1055,281358.54,144783.74,136574.8,Non-Branded Search,CA,Google - Display - C01,306754,15109,2651.04,7966.89,Google,300.5194187941336,8.642234494089726,0.17546098351975645,4.925445144969585
2025-07-07,3157,1067,1055,281358.54,144783.74,136574.8,Non-Branded Search,NY,Google - Non-Branded Search - C02,300216,12698,1030.19,3220.56,Google,312.61806074607597,3.431495989554188,0.08113009922822492,4.229621339302369
2025-07-07,3157,1067,1055,281358.54,144783.74,136574.8,Non-Branded Search,CA,Google - Non-Branded Search - C03,141063,5714,1153.5,3311.46,Google,287.0793237971391,8.177197422428277,0.2018725936296815,4.05067239460383
2025-07-07,3157,1067,1055,281358.54,144783.74,136574.8,Non-Branded Search,NY,Google - Non-Branded Search - C04,430325,18488,3244.22,10418.16,Google,321.12988638255115,7.5389995933306215,0.175477066205106,4.296287689536977
2025-07-07,3157,1067,1055,281358.54,144783.74,136574.8,Non-Branded Search,CA,Google - Non-Branded Search - C05,386071,17288,2890.17,10430.48,Google,360.89503385613995,7.486110067837263,0.1671778111985192,4.477932815466585
2025-07-07,3157,1067,1055,281358.54,144783.74,136574.8,Display,CA,Google - Non-Branded Search - C06,403081,1741,1376.13,2263.73,Google,164.49972022992011,3.4140284458954904,0.7904250430786904,0.43192311222806334
2025-07-07,3157,1067,1055,281358.54,144783.74,136574.8,Non-Branded Search,CA,Google - Display - C07,343876,14958,1748.16,4912.24,Google,280.99487461101955,5.0836929590899045,0.11687123947051746,4.349823773685864
2025-07-07,3157,1067,1055,281358.54,144783.74,136574.8,Non-Branded Search,CA,Google - Display - C08,184864,8941,1444.48,4831.33,Google,334.4684592379264,7.813744157867406,0.16155687283301645,4.836528474987017
2025-07-07,3157,1067,1055,281358.54,144783.74,136574.8,Non-Branded Search,CA,Google - Display - C09,369342,17470,1630.39,5629.39,Google,345.27873698930927,4.414309772514364,0.09332512879221523,4.73003341076834
2025-07-07,3157,1067,1055,281358.54,144783.74,136574.8,Non-Branded Search,NY,Google - Non-Branded Search - C10,362129,17838,2172.65,5729.45,Google,263.70791429820724,5.999657580585924,0.12179896849422582,4.92586895829939
2025-07-07,3157,1067,1055,281358.54,144783.74,136574.8,Retargeting,CA,TikTok - Retargeting - C01,105156,1788,629.25,2132.48,TikTok,338.89233214143826,5.983966678078284,0.35192953020134227,1.700330936893758
2025-07-07,3157,1067,1055,281358.54,144783.74,136574.8,Retargeting,CA,TikTok - Retargeting - C02,131648,1954,693.41,2273.2,TikTok,327.8291342784211,5.267151798736023,0.35486693961105426,1.484261059795819
2025-07-07,3157,1067,1055,281358.54,144783.74,136574.8,Spark Ads,CA,TikTok - Retargeting - C03,191557,2690,1870.69,4503.55,TikTok,240.7427206004202,9.765709423304813,0.6954237918215613,1.4042817542559134
2025-07-07,3157,1067,1055,281358.54,144783.74,136574.8,Spark Ads,CA,TikTok - Spark Ads - C04,192644,2357,1851.45,4323.91,TikTok,233.5418185746307,9.610732750565811,0.7855112431056428,1.2235003426008595
2025-07-07,3157,1067,1055,281358.54,144783.74,136574.8,Spark Ads,CA,TikTok - Spark Ads - C05,155035,1942,991.87,2243.77,TikTok,226.21613719539857,6.397716644628632,0.5107466529351185,1.252620376044119
2025-07-07,3157,1067,1055,281358.54,144783.74,136574.8,Retargeting,CA,TikTok - Spark Ads - C06,123256,1968,1314.32,4137.78,TikTok,314.8228741858908,10.663334847796456,0.6678455284552846,1.5966768352047773
2025-07-07,3157,1067,1055,281358.54,144783.74,136574.8,Retargeting,CA,TikTok - Retargeting - C07,91199,1356,1028.45,3165.87,TikTok,307.8292576206913,11.276987686268491,0.7584439528023599,1.4868584085351813
2025-07-07,3157,1067,1055,281358.54,144783.74,136574.8,Retargeting,CA,TikTok - Spark Ads - C08,166431,2444,2033.4,6473.84,TikTok,318.3751352414675,12.217675793572111,0.8319967266775777,1.4684764256658915
2025-07-07,3157,1067,1055,281358.54,144783.74,136574.8,Retargeting,CA,TikTok - Spark Ads - C09,132900,2097,1480.03,4663.05,TikTok,315.0645595021723,11.136418359668923,0.7057844539818788,1.5778781038374718
2025-07-07,3157,1067,1055,281358.54,144783.74,136574.8,Retargeting,CA,TikTok - Retargeting - C10,116052,1879,1125.71,3155.84,TikTok,280.3421840438479,9.700048254230863,0.5991005854177754,1.619101781959811
2025-07-08,4059,1859,1828,309158.9,162124.63,147034.27,Asc,NY,Facebook - ASC - C01,129236,1980,1561.77,4129.62,Facebook,264.41921665802266,12.084635859977096,0.7887727272727273,1.5320808443467764
2025-07-08,4059,1859,1828,309158.9,162124.63,147034.27,Prospecting,NY,Facebook - Prospecting - C02,195389,2133,2035.81,4802.09,Facebook,235.8810498032724,10.419266181821904,0.9544350679793717,1.0916684153150895
2025-07-08,4059,1859,1828,309158.9,162124.63,147034.27,Prospecting,NY,Facebook - Prospecting - C03,201968,2242,2383.56,6088.11,Facebook,255.42088304888483,11.801671551929017,1.0631400535236395,1.1100768438564526
2025-07-08,4059,1859,1828,309158.9,162124.63,147034.27,Asc,CA,Facebook - Prospecting - C04,205523,2925,2716.44,7504.58,Facebook,276.26525894185033,13.217206833298464,0.9286974358974359,1.423198376824005
2025-07-08,4059,1859,1828,309158.9,162124.63,147034.27,Prospecting,NY,Facebook - ASC - C05,183621,2300,1278.74,3024.89,Facebook,236.55238750645165,6.964018276776621,0.5559739130434783,1.2525800425877214
2025-07-08,4059,1859,1828,309158.9,162124.63,147034.27,Asc,NY,Facebook - ASC - C06,176277,2534,1327.17,4090.25,Facebook,308.1933738707174,7.528889191443014,0.5237450670876086,1.437510282112811
2025-07-08,4059,1859,1828,309158.9,162124.63,147034.27,Asc,NY,Facebook - ASC - C07,62160,876,382.92,1032.18,Facebook,269.5549984330931,6.160231660231661,0.4371232876712329,1.4092664092664093
2025-07-08,4059,1859,1828,309158.9,162124.63,147034.27,Asc,CA,Facebook - Prospecting - C08,252456,3753,2802.29,8165.4,Facebook,291.38311880640475,11.100112494850588,0.7466799893418599,1.4865956840003802
2025-07-08,4059,1859,1828,309158.9,162124.63,147034.27,Prospecting,CA,Facebook - Prospecting - C09,217147,2528,1577.34,3498.24,Facebook,221.7809730305451,7.2639272013889205,0.6239477848101266,1.164188314828204
2025-07-08,4059,1859,1828,309158.9,162124.63,147034.27,Prospecting,CA,Facebook - ASC - C10,199256,2524,1850.41,4850.48,Facebook,262.13001442923456,9.286596137631992,0.7331259904912837,1.2667121692696832
2025-07-08,4059,1859,1828,309158.9,162124.63,147034.27,Non-Branded Search,CA,Google - Display - C01,201389,8448,750.25,2644.7,Google,352.50916361212927,3.725377254964273,0.08880800189393939,4.194866651108055
2025-07-08,4059,1859,1828,309158.9,162124.63,147034.27,Non-Branded Search,NY,Google - Non-Branded Search - C02,134267,6522,508.48,1802.97,Google,354.5803178099434,3.7870809655388147,0.0779638147807421,4.857485458079796
2025-07-08,4059,1859,1828,309158.9,162124.63,147034.27,Non-Branded Search,CA,Google - Non-Branded Search - C03,186560,9039,1125.75,3275.39,Google,290.9518099045081,6.034251715265866,0.12454364420843013,4.8450900514579756
2025-07-08,4059,1859,1828,309158.9,162124.63,147034.27,Non-Branded Search,NY,Google - Non-Branded Search - C04,312733,13376,3117.44,10977.79,Google,352.14117994251694,9.968375579168171,0.2330622009569378,4.277130971147912
2025-07-08,4059,1859,1828,309158.9,162124.63,147034.27,Non-Branded Search,CA,Google - Non-Branded Search - C05,160199,6497,719.79,1998.14,Google,277.60041123105356,4.493099207860223,0.11078805602585809,4.0555808712913315
2025-07-08,4059,1859,1828,309158.9,162124.63,147034.27,Display,CA,Google - Non-Branded Search - C06,286864,1047,1247.04,1708.05,Google,136.96834103156274,4.347147080149478,1.1910601719197706,0.36498131518768473
2025-07-08,4059,1859,1828,309158.9,162124.63,147034.27,Non-Branded Search,CA,Google - Display - C07,179690,8762,618.47,1770.29,Google,286.23700422009153,3.4418721130836443,0.07058548276649167,4.876175635817241
2025-07-08,4059,1859,1828,309158.9,162124.63,147034.27,Non-Branded Search,CA,Google - Display - C08,418129,17024,3815.5,10792.87,Google,282.8690866203643,9.12517428831772,0.224124765037594,4.0714707661989475
2025-07-08,4059,1859,1828,309158.9,162124.63,147034.27,Non-Branded Search,CA,Google - Display - C09,117332,5231,489.9,1432.57,Google,292.42090222494386,4.175331537858384,0.09365322118141846,4.458289298742031
2025-07-08,4059,1859,1828,309158.9,162124.63,147034.27,Non-Branded Search,NY,Google - Non-Branded Search - C10,247674,10975,2225.09,6614.86,Google,297.28505363827975,8.983946639534228,0.20274168564920275,4.4312281466766805
2025-07-08,4059,1859,1828,309158.9,162124.63,147034.27,Retargeting,CA,TikTok - Retargeting - C01,172685,2510,2011.26,6703.73,TikTok,333.30996489762634,11.646987288994412,0.8012988047808765,1.4535136230709096
2025-07-08,4059,1859,1828,309158.9,162124.63,147034.27,Retargeting,CA,TikTok - Retargeting - C02,135479,2184,1457.84,5162.57,TikTok,354.1245952916644,10.760634489478074,0.6675091575091575,1.612057957321799
2025-07-08,4059,1859,1828,309158.9,162124.63,147034.27,Spark Ads,CA,TikTok - Retargeting - C03,90936,1118,783.35,1963.91,TikTok,250.70658071104873,8.614300167150525,0.7006708407871198,1.229436086918272
2025-07-08,4059,1859,1828,309158.9,162124.63,147034.27,Spark Ads,CA,TikTok - Spark Ads - C04,208423,2452,2406.48,5366.03,TikTok,222.98253050098066,11.546134543692395,0.9814355628058727,1.176453654347169
2025-07-08,4059,1859,1828,309158.9,162124.63,147034.27,Spark Ads,CA,TikTok - Spark Ads - C05,143460,1743,1662.99,4109.76,TikTok,247.13077047967818,11.592011710581346,0.9540963855421687,1.2149728147218737
2025-07-08,4059,1859,1828,309158.9,162124.63,147034.27,Retargeting,CA,TikTok - Spark Ads - C06,160088,2699,694.82,2050.88,TikTok,295.1670936357618,4.340237869171956,0.2574360874397925,1.685947728749188
2025-07-08,4059,1859,1828,309158.9,162124.63,147034.27,Retargeting,CA,TikTok - Retargeting - C07,122148,1861,712.13,2038.08,TikTok,286.1949363178071,5.83005861741494,0.3826598602901666,1.5235615810328456
2025-07-08,4059,1859,1828,309158.9,162124.63,147034.27,Retargeting,CA,TikTok - Spark Ads - C08,146343,2529,1390.48,4513.27,TikTok,324.583597031241,9.501513567440876,0.5498141557928035,1.7281318546155264
2025-07-08,4059,1859,1828,309158.9,162124.63,147034.27,Retargeting,CA,TikTok - Spark Ads - C09,292855,4714,2419.0,6527.53,TikTok,269.84415047540307,8.26006043946663,0.5131523122613492,1.6096703146608389
2025-07-08,4059,1859,1828,309158.9,162124.63,147034.27,Retargeting,CA,TikTok - Retargeting - C10,210152,3535,1939.11,6485.75,TikTok,334.4704529397507,9.227178423236515,0.5485459688826025,1.6821158018957707
2025-07-09,3405,1603,1558,309767.38,166259.78,143507.6,Asc,NY,Facebook - ASC - C01,156317,2224,2282.72,6183.83,Facebook,270.8974381439686,14.603146170921908,1.0264028776978416,1.422749924832232
2025-07-09,3405,1603,1558,309767.38,166259.78,143507.6,Prospecting,NY,Facebook - Prospecting - C02,218315,2513,1954.84,4001.98,Facebook,204.72161404513923,8.954217529716235,0.7778909669717469,1.1510890227423676
2025-07-09,3405,1603,1558,309767.38,166259.78,143507.6,Prospecting,NY,Facebook - Prospecting - C03,134418,1752,1023.67,2317.66,Facebook,226.406947551457,7.615572319183442,0.5842865296803653,1.3033968664910949
2025-07-09,3405,1603,1558,309767.38,166259.78,143507.6,Asc,CA,Facebook - Prospecting - C04,162986,2650,1442.42,4051.5,Facebook,280.8821286449162,8.849962573472569,0.5443094339622642,1.6259065195783688
2025-07-09,3405,1603,1558,309767.38,166259.78,143507.6,Prospecting,NY,Facebook - ASC - C05,400601,4654,4758.76,13044.92,Facebook,274.12435172187713,11.879051724783512,1.0225096691018478,1.1617544639179633
2025-07-09,3405,1603,1558,309767.38,166259.78,143507.6,Asc,NY,Facebook - ASC - C06,228774,3101,2866.45,8589.72,Facebook,299.66404437544696,12.529614379256383,0.924363108674621,1.3554862003549355
2025-07-09,3405,1603,1558,309767.38,166259.78,143507.6,Asc,NY,Facebook - ASC - C07,197160,3169,2409.12,6898.84,Facebook,286.36348542206287,12.219111381618989,0.760214578731461,1.6073240008115237
2025-07-09,3405,1603,1558,309767.38,166259.78,143507.6,Asc,CA,Facebook - Prospecting - C08,320730,5084,2937.01,7669.56,Facebook,261.1349637897045,9.157266236398218,0.5776966955153423,1.5851339132603746
2025-07-09,3405,1603,1558,309767.38,166259.78,143507.6,Prospecting,CA,Facebook - Prospecting - C09,145396,1693,1334.36,2988.75,Facebook,223.98378248748466,9.177418911111722,0.7881630242173656,1.1644061734848277
2025-07-09,3405,1603,1558,309767.38,166259.78,143507.6,Prospecting,CA,Facebook - ASC - C10,335694,4298,2486.53,6140.52,Facebook,246.95137400312888,7.4071326863155145,0.5785318752908329,1.2803326839323907
2025-07-09,3405,1603,1558,309767.38,166259.78,143507.6,Non-Branded Search,CA,Google - Display - C01,352432,16973,2138.69,5827.91,Google,272.49905315870933,6.068376310891179,0.12600542037353443,4.815964498115949
2025-07-09,3405,1603,1558,309767.38,166259.78,143507.6,Non-Branded Search,NY,Google - Non-Branded Search - C02,287053,12497,2592.19,9226.36,Google,355.9291564275767,9.030353279707928,0.20742498199567896,4.353551434752467
2025-07-09,3405,1603,1558,309767.38,166259.78,143507.6,Non-Branded Search,CA,Google - Non-Branded Search - C03,272692,12558,934.48,2675.53,Google,286.3121736152727,3.4268698751705218,0.07441312310877528,4.605195605298285
2025-07-09,3405,1603,1558,309767.38,166259.78,143507.6,Non-Branded Search,NY,Google - Non-Branded Search - C04,434650,17741,4553.22,13709.86,Google,301.10251646087823,10.47560105832279,0.2566495687954456,4.081674910847808
2025-07-09,3405,1603,1558,309767.38,166259.78,143507.6,Non-Branded Search,CA,Google - Non-Branded Search - C05,296158,13830,2026.37,7300.46,Google,360.272803091242,6.842192343276224,0.14651988430947216,4.669804631311665
2025-07-09,3405,1603,1558,309767.38,166259.78,143507.6,Display,CA,Google - Non-Branded Search - C06,219544,866,995.77,1625.1,Google,163.20033742731755,4.535628393397223,1.1498498845265588,0.3944539591152571
2025-07-09,3405,1603,1558,309767.38,166259.78,143507.6,Non-Branded Search,CA,Google - Display - C07,208013,9607,927.01,3452.6,Google,372.44474169642183,4.456500314884166,0.09649318205475174,4.618461346165865
2025-07-09,3405,1603,1558,309767.38,166259.78,143507.6,Non-Branded Search,CA,Google - Display - C08,115512,4942,1211.97,3340.51,Google,275.62645940081023,10.49215665904841,0.24523876972885472,4.278343375580026
2025-07-09,3405,1603,1558,309767.38,166259.78,143507.6,Non-Branded Search,CA,Google - Display - C09,218082,10435,2156.13,6031.21,Google,279.72385709581516,9.886785704459792,0.20662482031624343,4.78489742390477
2025-07-09,3405,1603,1558,309767.38,166259.78,143507.6,Non-Branded Search,NY,Google - Non-Branded Search - C10,311262,15242,1492.7,4662.85,Google,312.3769009178,4.795638401089757,0.09793334208109172,4.896839318644743
2025-07-09,3405,1603,1558,309767.38,166259.78,143507.6,Retargeting,CA,TikTok - Retargeting - C01,174818,2927,1842.54,5443.78,TikTok,295.44975957102696,10.539761351805877,0.6294977792962078,1.674312713793774
2025-07-09,3405,1603,1558,309767.38,166259.78,143507.6,Retargeting,CA,TikTok - Retargeting - C02,134872,2172,973.25,3196.43,TikTok,328.4284613408682,7.216101192241532,0.4480893186003683,1.610415801648971
2025-07-09,3405,1603,1558,309767.38,166259.78,143507.6,Spark Ads,CA,TikTok - Retargeting - C03,232832,2757,1112.51,3103.8,TikTok,278.99075064493803,4.778166231445849,0.4035219441421835,1.184115585486531
2025-07-09,3405,1603,1558,309767.38,166259.78,143507.6,Spark Ads,CA,TikTok - Spark Ads - C04,167727,2388,1348.67,3273.3,TikTok,242.7057768023312,8.040864023085133,0.5647696817420436,1.4237421524262641
2025-07-09,3405,1603,1558,309767.38,166259.78,143507.6,Spark Ads,CA,TikTok - Spark Ads - C05,180786,2407,1710.71,3955.94,TikTok,231.24550625179018,9.462624318254733,0.7107228915662651,1.3314084055181263
2025-07-09,3405,1603,1558,309767.38,166259.78,143507.6,Retargeting,CA,TikTok - Spark Ads - C06,161560,2496,1000.89,3524.27,TikTok,352.11361887919753,6.1951596929933155,0.40099759615384617,1.5449368655607822
2025-07-09,3405,1603,1558,309767.38,166259.78,143507.6,Retargeting,CA,TikTok - Retargeting - C07,102394,1681,1132.11,3420.93,TikTok,302.1729337255214,11.056409555247377,0.6734741225461035,1.6416977557278747
2025-07-09,3405,1603,1558,309767.38,166259.78,143507.6,Retargeting,CA,TikTok - Spark Ads - C08,144743,2205,1289.76,3974.04,TikTok,308.1224413844436,8.910689981553512,0.5849251700680272,1.5233897321459415
2025-07-09,3405,1603,1558,309767.38,166259.78,143507.6,Retargeting,CA,TikTok - Spark Ads - C09,172221,2932,1968.87,5522.75,TikTok,280.503537562155,11.4322295190482,0.6715109140518417,1.7024636949036411
2025-07-09,3405,1603,1558,309767.38,166259.78,143507.6,Retargeting,CA,TikTok - Retargeting - C10,91211,1492,617.26,1937.3,TikTok,313.85477756536955,6.767385512712282,0.4137131367292225,1.6357676157481005
2025-07-10,3201,1142,1059,308905.09,154759.0,154146.09,Asc,NY,Facebook - ASC - C01,303377,4345,2244.56,6186.55,Facebook,275.6241757850091,7.398583280868358,0.516584579976985,1.4322114069293321
2025-07-10,3201,1142,1059,308905.09,154759.0,154146.09,Prospecting,NY,Facebook - Prospecting - C02,119697,1313,1312.33,3582.69,Facebook,273.00221743006716,10.963766844615987,0.9994897182025895,1.096936431155334
2025-07-10,3201,1142,1059,308905.09,154759.0,154146.09,Prospecting,NY,Facebook - Prospecting - C03,290856,3274,1962.05,4983.27,Facebook,253.98282408705182,6.745777979481256,0.5992822235797189,1.1256429298346948
2025-07-10,3201,1142,1059,308905.09,154759.0,154146.09,Asc,CA,Facebook - Prospecting - C04,294576,4161,3293.13,9212.2,Facebook,279.7399434580475,11.179220303079681,0.7914275414563807,1.4125386996904026
2025-07-10,3201,1142,1059,308905.09,154759.0,154146.09,Prospecting,NY,Facebook - ASC - C05,154878,1696,1807.31,4020.99,Facebook,222.4847978487365,11.669249344645463,1.0656308962264152,1.0950554630095948
2025-07-10,3201,1142,1059,308905.09,154759.0,154146.09,Asc,NY,Facebook - ASC - C06,258440,3891,1970.34,6218.84,Facebook,315.62268440979733,7.6239746169323634,0.5063839629915189,1.5055718928958366
2025-07-10,3201,1142,1059,308905.09,154759.0,154146.09,Asc,NY,Facebook - ASC - C07,283343,4647,2649.65,7851.16,Facebook,296.30932387296434,9.351386835037394,0.5701850656337423,1.6400616920128608
2025-07-10,3201,1142,1059,308905.09,154759.0,154146.09,Asc,CA,Facebook - Prospecting - C08,213072,2901,2558.95,7641.82,Facebook,298.6310791535591,12.009790117894418,0.8820923819372629,1.3615116017120974
2025-07-10,3201,1142,1059,308905.09,154759.0,154146.09,Prospecting,CA,Facebook - Prospecting - C09,236606,2773,3046.9,7802.97,Facebook,256.09537562768713,12.877526351825397,1.0987738910926794,1.1719905665959442
2025-07-10,3201,1142,1059,308905.09,154759.0,154146.09,Prospecting,CA,Facebook - ASC - C10,178404,2122,1314.04,2752.74,Facebook,209.48677361419743,7.365529920853793,0.6192459943449575,1.189435214457075
2025-07-10,3201,1142,1059,308905.09,154759.0,154146.09,Non-Branded Search,CA,Google - Display - C01,121159,5349,879.57,3125.87,Google,355.38615459826957,7.2596340346156705,0.16443634324172743,4.414859812312747
2025-07-10,3201,1142,1059,308905.09,154759.0,154146.09,Non-Branded Search,NY,Google - Non-Branded Search - C02,276611,11276,2121.68,7055.38,Google,332.5374231740885,7.6702661860880434,0.18815892160340544,4.0764828585992605
2025-07-10,3201,1142,1059,308905.09,154759.0,154146.09,Non-Branded Search,CA,Google - Non-Branded Search - C03,197318,8626,1452.76,5209.67,Google,358.605000137669,7.3625315480594775,0.16841641548805936,4.371623470742659
2025-07-10,3201,1142,1059,308905.09,154759.0,154146.09,Non-Branded Search,NY,Google - Non-Branded Search - C04,131311,6203,739.79,2474.93,Google,334.5449384284729,5.633876826770034,0.11926325971304207,4.72389974944978
2025-07-10,3201,1142,1059,308905.09,154759.0,154146.09,Non-Branded Search,CA,Google - Non-Branded Search - C05,322356,14624,1587.98,5356.32,Google,337.30399627199336,4.9261685838017595,0.10858725382932166,4.536599287743985
2025-07-10,3201,1142,1059,308905.09,154759.0,154146.09,Display,CA,Google - Non-Branded Search - C06,167784,662,1259.9,1852.12,Google,147.0053178823716,7.509059266676203,1.9031722054380666,0.39455490392409287
2025-07-10,3201,1142,1059,308905.09,154759.0,154146.09,Non-Branded Search,CA,Google - Display - C07,105298,4370,1015.16,3708.65,Google,365.3266480160763,9.640828885638852,0.2323020594965675,4.150126308191989
2025-07-10,3201,1142,1059,308905.09,154759.0,154146.09,Non-Branded Search,CA,Google - Display - C08,225765,10861,1156.97,3758.83,Google,324.88569280102337,5.1246650277943875,0.10652518184329252,4.810754545655882
2025-07-10,3201,1142,1059,308905.09,154759.0,154146.09,Non-Branded Search,CA,Google - Display - C09,236752,11434,1485.79,5073.49,Google,341.46750213691035,6.27572311955126,0.12994490117194332,4.829526255322024
2025-07-10,3201,1142,1059,308905.09,154759.0,154146.09,Non-Branded Search,NY,Google - Non-Branded Search - C10,171730,7781,875.51,2429.07,Google,277.4462884490183,5.098177371455191,0.11251895643233517,4.530949746695394
2025-07-10,3201,1142,1059,308905.09,154759.0,154146.09,Retargeting,CA,TikTok - Retargeting - C01,162960,2359,1450.18,4606.61,TikTok,317.6578079962487,8.898993618065784,0.6147435353963544,1.447594501718213
2025-07-10,3201,1142,1059,308905.09,154759.0,154146.09,Retargeting,CA,TikTok - Retargeting - C02,291074,4433,2448.17,8085.51,TikTok,330.267505933003,8.410816493400304,0.5522603203248365,1.5229804104798093
2025-07-10,3201,1142,1059,308905.09,154759.0,154146.09,Spark Ads,CA,TikTok - Retargeting - C03,155113,1999,1384.2,2893.98,TikTok,209.07238838318162,8.923816830310805,0.6924462231115558,1.288737887862397
2025-07-10,3201,1142,1059,308905.09,154759.0,154146.09,Spark Ads,CA,TikTok - Spark Ads - C04,111774,1546,579.09,1587.74,TikTok,274.1784523994543,5.180900746148478,0.3745730918499353,1.3831481382074544
2025-07-10,3201,1142,1059,308905.09,154759.0,154146.09,Spark Ads,CA,TikTok - Spark Ads - C05,172623,2133,1347.98,3289.06,TikTok,243.99916912713837,7.8088087914125,0.6319643694327238,1.2356406736066456
2025-07-10,3201,1142,1059,308905.09,154759.0,154146.09,Retargeting,CA,TikTok - Spark Ads - C06,136483,2151,981.84,3150.3,TikTok,320.8567587386947,7.193862971945224,0.4564574616457462,1.5760204567601828
2025-07-10,3201,1142,1059,308905.09,154759.0,154146.09,Retargeting,CA,TikTok - Retargeting - C07,75278,1111,568.5,1582.89,TikTok,278.4327176781003,7.552007226546933,0.5117011701170117,1.4758628018810278
2025-07-10,3201,1142,1059,308905.09,154759.0,154146.09,Retargeting,CA,TikTok - Spark Ads - C08,157524,2662,1302.01,3641.66,TikTok,279.69524043594134,8.265470658439348,0.4891096919609316,1.6899012214011835
2025-07-10,3201,1142,1059,308905.09,154759.0,154146.09,Retargeting,CA,TikTok - Spark Ads - C09,115540,1664,838.15,2549.79,TikTok,304.21642904014794,7.2541976804569845,0.5036959134615384,1.440193872252034
2025-07-10,3201,1142,1059,308905.09,154759.0,154146.09,Retargeting,CA,TikTok - Retargeting - C10,53570,772,548.86,1589.3,TikTok,289.5638231971723,10.245659884263581,0.710958549222798,1.4411050961358969
2025-07-11,2721,1117,1096,287198.02,172144.23,115053.79,Asc,NY,Facebook - ASC - C01,229461,3758,2042.67,4962.26,Facebook,242.9300866023391,8.902035640043406,0.5435524215007983,1.637751077525157
2025-07-11,2721,1117,1096,287198.02,172144.23,115053.79,Prospecting,NY,Facebook - Prospecting - C02,175248,2090,2379.24,5610.44,Facebook,235.80807316622113,13.576417419884962,1.1383923444976076,1.1925956358988405
2025-07-11,2721,1117,1096,287198.02,172144.23,115053.79,Prospecting,NY,Facebook - Prospecting - C03,125925,1533,1474.55,3746.81,Facebook,254.09853853718084,11.709747865793132,0.9618721461187214,1.2173913043478262
2025-07-11,2721,1117,1096,287198.02,172144.23,115053.79,Asc,CA,Facebook - Prospecting - C04,234653,3740,2610.13,7661.08,Facebook,293.5133499097746,11.123360877551109,0.6978957219251337,1.5938428232326032
2025-07-11,2721,1117,1096,287198.02,172144.23,115053.79,Prospecting,NY,Facebook - ASC - C05,173795,2205,2007.42,4243.06,Facebook,211.36882167159837,11.550504905204408,0.9103945578231293,1.268736154664979
2025-07-11,2721,1117,1096,287198.02,172144.23,115053.79,Asc,NY,Facebook - ASC - C06,221704,3495,2681.62,6977.2,Facebook,260.18600696593853,12.095496698300435,0.7672732474964234,1.5764262259589361
2025-07-11,2721,1117,1096,287198.02,172144.23,115053.79,Asc,NY,Facebook - ASC - C07,301256,4110,4247.42,12258.64,Facebook,288.6137937854038,14.099038691345568,1.0334355231143553,1.3642881801524285
2025-07-11,2721,1117,1096,287198.02,172144.23,115053.79,Asc,CA,Facebook - Prospecting - C08,152568,2294,2090.45,5796.91,Facebook,277.30440814178763,13.701759215562895,0.9112685265911071,1.5035918410151539
2025-07-11,2721,1117,1096,287198.02,172144.23,115053.79,Prospecting,CA,Facebook - Prospecting - C09,145357,1706,1172.24,2890.58,Facebook,246.58602333993036,8.064558294406186,0.6871277842907386,1.1736620871371863
2025-07-11,2721,1117,1096,287198.02,172144.23,115053.79,Prospecting,CA,Facebook - ASC - C10,190577,2427,1176.75,2597.94,Facebook,220.77246653919693,6.174669556137415,0.48485784919653896,1.2735009995959639
2025-07-11,2721,1117,1096,287198.02,172144.23,115053.79,Non-Branded Search,CA,Google - Display - C01,171629,7279,1027.78,3554.49,Google,345.84152250481617,5.9883819168089305,0.14119796675367496,4.241124751644536
2025-07-11,2721,1117,1096,287198.02,172144.23,115053.79,Non-Branded Search,NY,Google - Non-Branded Search - C02,139653,6736,582.66,1797.33,Google,308.4697765420657,4.172198234194754,0.08649940617577197,4.82338367238799
2025-07-11,2721,1117,1096,287198.02,172144.23,115053.79,Non-Branded Search,CA,Google - Non-Branded Search - C03,152750,7065,1103.65,3712.89,Google,336.4191546232954,7.225204582651392,0.1562137296532201,4.625204582651391
2025-07-11,2721,1117,1096,287198.02,172144.23,115053.79,Non-Branded Search,NY,Google - Non-Branded Search - C04,224163,10002,2201.38,8160.74,Google,370.710190880266,9.820443159665066,0.22009398120375925,4.461931719329238
2025-07-11,2721,1117,1096,287198.02,172144.23,115053.79,Non-Branded Search,CA,Google - Non-Branded Search - C05,165121,7170,966.25,3139.06,Google,324.87037516170767,5.851769308567657,0.1347629009762901,4.342270213964305
2025-07-11,2721,1117,1096,287198.02,172144.23,115053.79,Display,CA,Google - Non-Branded Search - C06,169280,672,955.75,1526.25,Google,159.69134187810621,5.6459711720226835,1.4222470238095237,0.39697542533081287
2025-07-11,2721,1117,1096,287198.02,172144.23,115053.79,Non-Branded Search,CA,Google - Display - C07,200055,8903,696.7,2500.51,Google,358.9077077651787,3.482542300867262,0.07825452094799507,4.450276174052135
2025-07-11,2721,1117,1096,287198.02,172144.23,115053.79,Non-Branded Search,CA,Google - Display - C08,376176,15471,2734.41,7833.04,Google,286.4617961461522,7.2689645272425665,0.1767442311421369,4.112702564756923
2025-07-11,2721,1117,1096,287198.02,172144.23,115053.79,Non-Branded Search,CA,Google - Display - C09,324246,13472,1141.09,3693.34,Google,323.6677212139271,3.5192107227228706,0.08470086104513064,4.154870067788038
2025-07-11,2721,1117,1096,287198.02,172144.23,115053.79,Non-Branded Search,NY,Google - Non-Branded Search - C10,206362,10194,1410.48,4574.8,Google,324.34348590550735,6.834979308205968,0.13836374337845792,4.939862959265756
2025-07-11,2721,1117,1096,287198.02,172144.23,115053.79,Retargeting,CA,TikTok - Retargeting - C01,91659,1472,829.32,2289.43,TikTok,276.06111030723963,9.047884004844043,0.5633967391304349,1.6059524978452744
2025-07-11,2721,1117,1096,287198.02,172144.23,115053.79,Retargeting,CA,TikTok - Retargeting - C02,120737,2048,872.99,2767.66,TikTok,317.03226841086376,7.230509288784714,0.4262646484375,1.6962488715141173
2025-07-11,2721,1117,1096,287198.02,172144.23,115053.79,Spark Ads,CA,TikTok - Retargeting - C03,159716,2265,1202.73,2984.12,TikTok,248.11221138576403,7.5304290114954044,0.5310066225165563,1.4181422024092765
2025-07-11,2721,1117,1096,287198.02,172144.23,115053.79,Spark Ads,CA,TikTok - Spark Ads - C04,203706,2832,1822.22,4235.58,TikTok,232.44064931786502,8.945342797953915,0.6434392655367231,1.3902388736708786
2025-07-11,2721,1117,1096,287198.02,172144.23,115053.79,Spark Ads,CA,TikTok - Spark Ads - C05,154704,1963,1540.05,3630.73,TikTok,235.7540339599364,9.954816940738443,0.784538970962812,1.2688747543696348
2025-07-11,2721,1117,1096,287198.02,172144.23,115053.79,Retargeting,CA,TikTok - Spark Ads - C06,111397,1776,778.33,2341.85,TikTok,300.8813742243007,6.986992468378862,0.4382488738738739,1.5942978715764338
2025-07-11,2721,1117,1096,287198.02,172144.23,115053.79,Retargeting,CA,TikTok - Retargeting - C07,103498,1791,960.05,2706.43,TikTok,281.90510910890055,9.276024657481303,0.5360413176996092,1.730468221608147
2025-07-11,2721,1117,1096,287198.02,172144.23,115053.79,Retargeting,CA,TikTok - Spark Ads - C08,193552,2846,1308.1,4159.63,TikTok,317.99021481538114,6.758390510043812,0.45962754743499645,1.4704058857567992
2025-07-11,2721,1117,1096,287198.02,172144.23,115053.79,Retargeting,CA,TikTok - Spark Ads - C09,162829,2359,1756.97,5154.76,TikTok,293.3891870663699,10.790276916274127,0.7447944044086477,1.4487591276738174
2025-07-11,2721,1117,1096,287198.02,172144.23,115053.79,Retargeting,CA,TikTok - Retargeting - C10,86545,1299,389.76,985.97,TikTok,252.9684934318555,4.503553064879542,0.3000461893764434,1.5009532613091454
2025-07-12,2422,807,796,244765.7,125622.42,119143.28,Asc,NY,Facebook - ASC - C01,266579,3715,1833.05,4955.2,Facebook,270.32541392760703,6.8761980501089734,0.4934185733512786,1.3935831404574253
2025-07-12,2422,807,796,244765.7,125622.42,119143.28,Prospecting,NY,Facebook - Prospecting - C02,184313,2164,2111.7,4403.98,Facebook,208.55140408201925,11.457140841937356,0.9758317929759703,1.1740897277999924
2025-07-12,2422,807,796,244765.7,125622.42,119143.28,Prospecting,NY,Facebook - Prospecting - C03,231596,2736,2439.33,6493.48,Facebook,266.19932522454934,10.53269486519629,0.8915679824561403,1.1813675538437622
2025-07-12,2422,807,796,244765.7,125622.42,119143.28,Asc,CA,Facebook - Prospecting - C04,266004,3670,3583.81,9184.18,Facebook,256.2686079898209,13.472767326807116,0.9765149863760217,1.3796785010751718
2025-07-12,2422,807,796,244765.7,125622.42,119143.28,Prospecting,NY,Facebook - ASC - C05,217468,2525,1627.81,4358.85,Facebook,267.7738802440088,7.485285191384479,0.6446772277227723,1.16109036731841
2025-07-12,2422,807,796,244765.7,125622.42,119143.28,Asc,NY,Facebook - ASC - C06,207145,2886,2432.21,7708.82,Facebook,316.947138610564,11.741581983634653,0.8427616077616078,1.3932269666175867
2025-07-12,2422,807,796,244765.7,125622.42,119143.28,Asc,NY,Facebook - ASC - C07,124397,1849,1366.37,3529.47,Facebook,258.3099746042434,10.98394655819674,0.7389778258518117,1.4863702500864169
2025-07-12,2422,807,796,244765.7,125622.42,119143.28,Asc,CA,Facebook - Prospecting - C08,156801,2180,1109.35,2959.88,Facebook,266.81209717402083,7.074891104010815,0.5088761467889907,1.3902972557572975
2025-07-12,2422,807,796,244765.7,125622.42,119143.28,Prospecting,CA,Facebook - Prospecting - C09,156567,1774,1262.21,3130.64,Facebook,248.0284580220407,8.061788244010552,0.7115050732807215,1.1330612453454432
2025-07-12,2422,807,796,244765.7,125622.42,119143.28,Prospecting,CA,Facebook - ASC - C10,198648,2584,1574.15,3472.59,Facebook,220.60095924784804,7.924318392332166,0.6091911764705883,1.3007933631347912
2025-07-12,2422,807,796,244765.7,125622.42,119143.28,Non-Branded Search,CA,Google - Display - C01,198101,8279,1302.08,4148.12,Google,318.5764315556648,6.5728088197434635,0.15727503321657205,4.179181326696988
2025-07-12,2422,807,796,244765.7,125622.42,119143.28,Non-Branded Search,NY,Google - Non-Branded Search - C02,378504,16976,1278.5,3582.09,Google,280.1791161517403,3.3777714370257645,0.075312205466541,4.485025257328853
2025-07-12,2422,807,796,244765.7,125622.42,119143.28,Non-Branded Search,CA,Google - Non-Branded Search - C03,166526,7499,671.45,1949.02,Google,290.2703105220046,4.03210309501219,0.08953860514735298,4.503200701391974
2025-07-12,2422,807,796,244765.7,125622.42,119143.28,Non-Branded Search,NY,Google - Non-Branded Search - C04,118639,5792,970.52,2760.67,Google,284.45266455096237,8.180446564788982,0.1675621546961326,4.882037104156306
2025-07-12,2422,807,796,244765.7,125622.42,119143.28,Non-Branded Search,CA,Google - Non-Branded Search - C05,80682,3943,507.82,1362.07,Google,268.21905399551025,6.294092858382291,0.1287902612224195,4.88708757839419
2025-07-12,2422,807,796,244765.7,125622.42,119143.28,Display,CA,Google - Non-Branded Search - C06,162408,707,1420.71,2143.92,Google,150.90482927550312,8.747783360425593,2.0094908062234795,0.43532338308457713
2025-07-12,2422,807,796,244765.7,125622.42,119143.28,Non-Branded Search,CA,Google - Display - C07,150443,7148,790.83,2208.85,Google,279.30781583905514,5.256675285656362,0.11063654168998321,4.751301157248925
2025-07-12,2422,807,796,244765.7,125622.42,119143.28,Non-Branded Search,CA,Google - Display - C08,202708,9642,1411.97,5253.14,Google,372.0433153678903,6.965536633975966,0.14643953536610663,4.75659569429919
2025-07-12,2422,807,796,244765.7,125622.42,119143.28,Non-Branded Search,CA,Google - Display - C09,233257,11473,2409.52,7457.47,Google,309.50023241143464,10.329893636632555,0.21001656062058746,4.918609087830161
2025-07-12,2422,807,796,244765.7,125622.42,119143.28,Non-Branded Search,NY,Google - Non-Branded Search - C10,182681,8302,880.4,2650.68,Google,301.0767832803271,4.819329870101433,0.106046735726331,4.5445339143096435
2025-07-12,2422,807,796,244765.7,125622.42,119143.28,Retargeting,CA,TikTok - Retargeting - C01,129951,2035,1141.13,3097.88,TikTok,271.4747662404809,8.781232926256822,0.5607518427518428,1.5659748674500387
2025-07-12,2422,807,796,244765.7,125622.42,119143.28,Retargeting,CA,TikTok - Retargeting - C02,247999,4003,2369.01,6111.63,TikTok,257.98244836450664,9.552498195557241,0.5918086435173621,1.6141194117718218
2025-07-12,2422,807,796,244765.7,125622.42,119143.28,Spark Ads,CA,TikTok - Retargeting - C03,150728,1985,1805.25,3710.94,TikTok,205.56377233070214,11.976872246696034,0.9094458438287154,1.3169417759142297
2025-07-12,2422,807,796,244765.7,125622.42,119143.28,Spark Ads,CA,TikTok - Spark Ads - C04,105335,1237,551.69,1413.23,TikTok,256.1637876343599,5.237480419613614,0.4459902991107519,1.1743485071438744
2025-07-12,2422,807,796,244765.7,125622.42,119143.28,Spark Ads,CA,TikTok - Spark Ads - C05,331138,4252,2981.71,6451.38,TikTok,216.36510592914803,9.004433197035677,0.7012488240827845,1.284056798072103
2025-07-12,2422,807,796,244765.7,125622.42,119143.28,Retargeting,CA,TikTok - Spark Ads - C06,93265,1504,1129.84,2822.16,TikTok,249.784040218084,12.114297968155256,0.7512234042553191,1.6126092317589664
2025-07-12,2422,807,796,244765.7,125622.42,119143.28,Retargeting,CA,TikTok - Retargeting - C07,235531,4027,1301.87,3350.34,TikTok,257.3482759415303,5.527382807358691,0.3232853240625776,1.7097537054570313
2025-07-12,2422,807,796,244765.7,125622.42,119143.28,Retargeting,CA,TikTok - Spark Ads - C08,83599,1411,948.27,2948.91,TikTok,310.97788604511373,11.343078266486442,0.6720552799433026,1.6878192322874674
2025-07-12,2422,807,796,244765.7,125622.42,119143.28,Retargeting,CA,TikTok - Spark Ads - C09,103813,1799,1054.57,3256.56,TikTok,308.8045364461344,10.158361669540422,0.5861978877153974,1.732923622282373
2025-07-12,2422,807,796,244765.7,125622.42,119143.28,Retargeting,CA,TikTok - Retargeting - C10,158912,2672,1101.09,2980.31,TikTok,270.6690642908391,6.928929218687071,0.41208458083832333,1.6814337494965768
2025-07-13,2375,963,934,253761.23,131128.09,122633.14,Asc,NY,Facebook - ASC - C01,234512,3318,2021.92,5667.66,Facebook,280.31079370103663,8.621818926110391,0.6093791440626883,1.4148529712765232
2025-07-13,2375,963,934,253761.23,131128.09,122633.14,Prospecting,NY,Facebook - Prospecting - C02,266177,2980,2270.52,5114.02,Facebook,225.2356288427321,8.530113420768888,0.7619194630872483,1.1195557843089372
2025-07-13,2375,963,934,253761.23,131128.09,122633.14,Prospecting,NY,Facebook - Prospecting - C03,303266,3671,2006.05,5216.77,Facebook,260.0518431743975,6.614819993009437,0.5464587305911196,1.2104884820586548
2025-07-13,2375,963,934,253761.23,131128.09,122633.14,Asc,CA,Facebook - Prospecting - C04,143061,2274,1075.28,3325.51,Facebook,309.2692136001786,7.5162343336059445,0.472858399296394,1.589531738209575
2025-07-13,2375,963,934,253761.23,131128.09,122633.14,Prospecting,NY,Facebook - ASC - C05,169505,1850,1398.1,3170.19,Facebook,226.7498748301266,8.24813427332527,0.7557297297297296,1.0914132326480044
2025-07-13,2375,963,934,253761.23,131128.09,122633.14,Asc,NY,Facebook - ASC - C06,193049,2905,2560.06,7804.05,Facebook,304.8385584712858,13.261192754171221,0.8812598967297762,1.504799299659672
2025-07-13,2375,963,934,253761.23,131128.09,122633.14,Asc,NY,Facebook - ASC - C07,189487,2770,2395.26,6226.35,Facebook,259.944640665314,12.64076163536285,0.8647148014440434,1.4618417094576408
2025-07-13,2375,963,934,253761.23,131128.09,122633.14,Asc,CA,Facebook - Prospecting - C08,255514,4208,2200.19,5644.18,Facebook,256.53148137206335,8.610839327786346,0.5228588403041825,1.646876492090453
2025-07-13,2375,963,934,253761.23,131128.09,122633.14,Prospecting,CA,Facebook - Prospecting - C09,169201,1976,2130.98,4656.54,Facebook,218.5163633633352,12.594370009633513,1.0784311740890689,1.1678417976253095
2025-07-13,2375,963,934,253761.23,131128.09,122633.14,Prospecting,CA,Facebook - ASC - C10,110523,1248,1474.16,3665.81,Facebook,248.67110761382753,13.338038236385188,1.1812179487179488,1.1291767324448305
2025-07-13,2375,963,934,253761.23,131128.09,122633.14,Non-Branded Search,CA,Google - Display - C01,274874,11195,1988.28,6558.23,Google,329.84438811435007,7.2334233139547575,0.17760428762840555,4.072775162438062
2025-07-13,2375,963,934,253761.23,131128.09,122633.14,Non-Branded Search,NY,Google - Non-Branded Search - C02,122306,4998,905.21,2990.74,Google,330.39184277681414,7.401190456723301,0.18111444577831134,4.086471636714471
2025-07-13,2375,963,934,253761.23,131128.09,122633.14,Non-Branded Search,CA,Google - Non-Branded Search - C03,230320,9862,1584.48,5233.13,Google,330.2742855700293,6.879472038902398,0.16066517947677955,4.281868704411254
2025-07-13,2375,963,934,253761.23,131128.09,122633.14,Non-Branded Search,NY,Google - Non-Branded Search - C04,129244,5548,1117.53,3145.68,Google,281.4850608037368,8.646668317291326,0.2014293439077145,4.292655751911114
2025-07-13,2375,963,934,253761.23,131128.09,122633.14,Non-Branded Search,CA,Google - Non-Branded Search - C05,288551,14241,2187.39,7305.3,Google,333.97336551780893,7.580601002942287,0.15359806193385295,4.9353493836444855
2025-07-13,2375,963,934,253761.23,131128.09,122633.14,Display,CA,Google - Non-Branded Search - C06,114925,455,837.63,1202.37,Google,143.54428566312095,7.288492495105503,1.840945054945055,0.3959103763323907
2025-07-13,2375,963,934,253761.23,131128.09,122633.14,Non-Branded Search,CA,Google - Display - C07,138738,6610,927.9,2531.4,Google,272.80956999676687,6.688146001816373,0.14037821482602117,4.76437601810607
2025-07-13,2375,963,934,253761.23,131128.09,122633.14,Non-Branded Search,CA,Google - Display - C08,187101,8957,663.99,2134.85,Google,321.51839636139096,3.5488319143136597,0.07413084738193591,4.787253943057493
2025-07-13,2375,963,934,253761.23,131128.09,122633.14,Non-Branded Search,CA,Google - Display - C09,185124,8984,1405.92,4797.48,Google,341.2342096278593,7.594477215271926,0.15649154051647374,4.852963419113675
2025-07-13,2375,963,934,253761.23,131128.09,122633.14,Non-Branded Search,NY,Google - Non-Branded Search - C10,203686,9372,794.17,2600.66,Google,327.46892982610774,3.8989915850868493,0.0847385830132309,4.6011998860991925
2025-07-13,2375,963,934,253761.23,131128.09,122633.14,Retargeting,CA,TikTok - Retargeting - C01,164177,2482,825.08,2666.41,TikTok,323.16987443641824,5.025551691162587,0.33242546333601936,1.511783014673188
2025-07-13,2375,963,934,253761.23,131128.09,122633.14,Retargeting,CA,TikTok - Retargeting - C02,173658,2652,1017.35,2811.29,TikTok,276.3345947805573,5.858353775812229,0.3836161387631976,1.5271395501502953
2025-07-13,2375,963,934,253761.23,131128.09,122633.14,Spark Ads,CA,TikTok - Retargeting - C03,126687,1634,1370.57,3616.89,TikTok,263.89677287551893,10.818552811259245,0.8387821297429621,1.2897929542889168
2025-07-13,2375,963,934,253761.23,131128.09,122633.14,Spark Ads,CA,TikTok - Spark Ads - C04,204919,2523,1724.48,3904.61,TikTok,226.4224577843756,8.415422679204955,0.6835037653586999,1.2312181886501496
2025-07-13,2375,963,934,253761.23,131128.09,122633.14,Spark Ads,CA,TikTok - Spark Ads - C05,78455,992,463.19,961.78,TikTok,207.6426520434379,5.9038939519469755,0.46692540322580645,1.2644190937480084
2025-07-13,2375,963,934,253761.23,131128.09,122633.14,Retargeting,CA,TikTok - Spark Ads - C06,76071,1281,528.04,1597.89,TikTok,302.607756988107,6.941409998553982,0.41220921155347384,1.6839531490318256
2025-07-13,2375,963,934,253761.23,131128.09,122633.14,Retargeting,CA,TikTok - Retargeting - C07,218222,3173,2386.12,7032.74,TikTok,294.73538631753644,10.934369586934405,0.7520075638197289,1.4540238839347086
2025-07-13,2375,963,934,253761.23,131128.09,122633.14,Retargeting,CA,TikTok - Spark Ads - C08,133201,1926,662.66,2024.26,TikTok,305.4749041740863,4.9748875759191,0.3440602284527518,1.4459350905773982
2025-07-13,2375,963,934,253761.23,131128.09,122633.14,Retargeting,CA,TikTok - Spark Ads - C09,152344,2376,1513.55,4591.89,TikTok,303.3854183872353,9.935081132174552,0.6370159932659932,1.5596282098408865
2025-07-13,2375,963,934,253761.23,131128.09,122633.14,Retargeting,CA,TikTok - Retargeting - C10,202971,3556,2236.23,6541.23,TikTok,292.51150373619885,11.017485256514476,0.6288610798650168,1.7519744199910332
2025-07-14,2387,852,868,258456.91,137153.92,121302.99,Asc,NY,Facebook - ASC - C01,124700,1887,1559.25,4352.1,Facebook,279.11495911495916,12.50400962309543,0.8263116057233705,1.5132317562149158
2025-07-14,2387,852,868,258456.91,137153.92,121302.99,Prospecting,NY,Facebook - Prospecting - C02,249246,2922,2611.21,6336.65,Facebook,242.67102224639152,10.476436933792318,0.8936379192334017,1.1723357646662333
2025-07-14,2387,852,868,258456.91,137153.92,121302.99,Prospecting,NY,Facebook - Prospecting - C03,104704,1154,927.46,2123.41,Facebook,228.94895736743362,8.857923288508557,0.8036915077989601,1.1021546454767726
2025-07-14,2387,852,868,258456.91,137153.92,121302.99,Asc,CA,Facebook - Prospecting - C04,156487,2225,1709.39,4771.59,Facebook,279.13992710850073,10.923527193952214,0.7682651685393259,1.4218433480097388
2025-07-14,2387,852,868,258456.91,137153.92,121302.99,Prospecting,NY,Facebook - ASC - C05,224322,2595,2172.11,5833.25,Facebook,268.5522372255549,9.683000329882935,0.8370366088631985,1.1568192152352421
2025-07-14,2387,852,868,258456.91,137153.92,121302.99,Asc,NY,Facebook - ASC - C06,191957,2929,2664.09,8299.26,Facebook,311.5232593493463,13.878576972967904,0.909556162512803,1.5258625629698317
2025-07-14,2387,852,868,258456.91,137153.92,121302.99,Asc,NY,Facebook - ASC - C07,120207,1918,898.4,2224.55,Facebook,247.6124220837044,7.473774405816632,0.4684045881126173,1.595580956183916
2025-07-14,2387,852,868,258456.91,137153.92,121302.99,Asc,CA,Facebook - Prospecting - C08,142924,2044,1734.26,4990.42,Facebook,287.7550078996229,12.134141221908147,0.8484637964774951,1.430130698832946
2025-07-14,2387,852,868,258456.91,137153.92,121302.99,Prospecting,CA,Facebook - Prospecting - C09,104430,1265,1309.34,2925.99,Facebook,223.4706035101654,12.537968016853394,1.0350513833992094,1.2113377381978359
2025-07-14,2387,852,868,258456.91,137153.92,121302.99,Prospecting,CA,Facebook - ASC - C10,126658,1388,1430.15,3713.53,Facebook,259.6601755060658,11.291430466295063,1.0303674351585015,1.0958644538836868
2025-07-14,2387,852,868,258456.91,137153.92,121302.99,Non-Branded Search,CA,Google - Display - C01,142387,6925,777.67,2352.47,Google,302.50234675376447,5.461664337334167,0.11229891696750902,4.863505797579835
2025-07-14,2387,852,868,258456.91,137153.92,121302.99,Non-Branded Search,NY,Google - Non-Branded Search - C02,215981,10555,2166.97,6721.88,Google,310.19718777832645,10.03315106421398,0.20530270014211272,4.887003949421477
2025-07-14,2387,852,868,258456.91,137153.92,121302.99,Non-Branded Search,CA,Google - Non-Branded Search - C03,214988,9460,1091.91,3595.37,Google,329.2734749200941,5.078934638212366,0.11542389006342496,4.400245595102983
2025-07-14,2387,852,868,258456.91,137153.92,121302.99,Non-Branded Search,NY,Google - Non-Branded Search - C04,218374,10792,1539.23,5742.63,Google,373.08459424517457,7.04859552877174,0.14262694588584138,4.941980272376748
2025-07-14,2387,852,868,258456.91,137153.92,121302.99,Non-Branded Search,CA,Google - Non-Branded Search - C05,272865,12869,2000.88,5917.47,Google,295.743372915917,7.332856907261833,0.15548061232418992,4.716251626262071
2025-07-14,2387,852,868,258456.91,137153.92,121302.99,Display,CA,Google - Non-Branded Search - C06,78015,332,544.33,976.97,Google,179.4811970679551,6.97724796513491,1.6395481927710844,0.4255591873357688
2025-07-14,2387,852,868,258456.91,137153.92,121302.99,Non-Branded Search,CA,Google - Display - C07,249573,10214,1785.58,5079.72,Google,284.4857133256421,7.154539954241845,0.174816917955747,4.092590143965894
2025-07-14,2387,852,868,258456.91,137153.92,121302.99,Non-Branded Search,CA,Google - Display - C08,215007,9696,1934.43,5620.34,Google,290.5424336884767,8.997055909807587,0.19950804455445545,4.509620617003168
2025-07-14,2387,852,868,258456.91,137153.92,121302.99,Non-Branded Search,CA,Google - Display - C09,252246,12113,2419.29,7499.56,Google,309.990121068578,9.590994505363811,0.19972673986625938,4.802058308159495
2025-07-14,2387,852,868,258456.91,137153.92,121302.99,Non-Branded Search,NY,Google - Non-Branded Search - C10,191426,9441,1743.85,5117.97,Google,293.48682512830806,9.109786549371558,0.18471030611164072,4.931931921473573
2025-07-14,2387,852,868,258456.91,137153.92,121302.99,Retargeting,CA,TikTok - Retargeting - C01,126259,2124,1024.17,3472.4,TikTok,339.04527568665355,8.111659366857017,0.4821892655367232,1.6822563144013498
2025-07-14,2387,852,868,258456.91,137153.92,121302.99,Retargeting,CA,TikTok - Retargeting - C02,146176,2497,1222.28,4092.21,TikTok,334.8013548450437,8.361700963222416,0.48949939927913494,1.708214754816112
2025-07-14,2387,852,868,258456.91,137153.92,121302.99,Spark Ads,CA,TikTok - Retargeting - C03,86688,1098,447.78,1062.29,TikTok,237.23480280494886,5.165420819490587,0.4078142076502732,1.2666112956810631
2025-07-14,2387,852,868,258456.91,137153.92,121302.99,Spark Ads,CA,TikTok - Spark Ads - C04,173629,2445,988.38,2219.5,TikTok,224.55937999554828,5.692482246629308,0.40424539877300614,1.408174901658133
2025-07-14,2387,852,868,258456.91,137153.92,121302.99,Spark Ads,CA,TikTok - Spark Ads - C05,128330,1553,890.01,2006.01,TikTok,225.39184952978056,6.935322995402478,0.573090792015454,1.2101613028909841
2025-07-14,2387,852,868,258456.91,137153.92,121302.99,Retargeting,CA,TikTok - Spark Ads - C06,231263,3781,2485.05,8761.74,TikTok,352.5780165389026,10.74555808754535,0.6572467601163714,1.6349351171609812
2025-07-14,2387,852,868,258456.91,137153.92,121302.99,Retargeting,CA,TikTok - Retargeting - C07,172928,2780,1818.1,5720.07,TikTok,314.61800781035146,10.513624167283494,0.6539928057553956,1.6076054774241302
2025-07-14,2387,852,868,258456.91,137153.92,121302.99,Retargeting,CA,TikTok - Spark Ads - C08,177749,2582,1053.11,2640.23,TikTok,250.7079032579693,5.924702811267574,0.40786599535243995,1.4526101412666175
2025-07-14,2387,852,868,258456.91,137153.92,121302.99,Retargeting,CA,TikTok - Spark Ads - C09,315563,5498,3195.57,8698.81,TikTok,272.2146596694799,10.126567436613293,0.5812240814841761,1.7422828405104527
2025-07-14,2387,852,868,258456.91,137153.92,121302.99,Retargeting,CA,TikTok - Retargeting - C10,113110,1687,662.31,1717.99,TikTok,259.39363742054326,5.85545044646804,0.3925963248369887,1.491468482008664
2025-07-15,2597,1428,1354,222248.63,110293.62,111955.01,Asc,NY,Facebook - ASC - C01,240654,3394,3002.52,8873.42,Facebook,295.5324194343418,12.476501533321699,0.8846552740129641,1.4103235350336998
2025-07-15,2597,1428,1354,222248.63,110293.62,111955.01,Prospecting,NY,Facebook - Prospecting - C02,189360,2488,2535.21,7148.1,Facebook,281.9529743098205,13.388307984790874,1.0189750803858522,1.31389945078158
2025-07-15,2597,1428,1354,222248.63,110293.62,111955.01,Prospecting,NY,Facebook - Prospecting - C03,106188,1191,1265.79,3149.07,Facebook,248.78297347901315,11.920273477229065,1.0627959697732998,1.121595660526613
2025-07-15,2597,1428,1354,222248.63,110293.62,111955.01,Asc,CA,Facebook - Prospecting - C04,219508,3285,1963.29,5164.5,Facebook,263.05334413153435,8.944047597354084,0.5976529680365297,1.4965286003243616
2025-07-15,2597,1428,1354,222248.63,110293.62,111955.01,Prospecting,NY,Facebook - ASC - C05,151274,1751,1274.99,3274.33,Facebook,256.8122102918454,8.428348559567407,0.7281496287835523,1.1575022806298505
2025-07-15,2597,1428,1354,222248.63,110293.62,111955.01,Asc,NY,Facebook - ASC - C06,195163,3188,1497.95,3592.5,Facebook,239.82776461163587,7.675379042134011,0.46987139272271017,1.633506351101387
2025-07-15,2597,1428,1354,222248.63,110293.62,111955.01,Asc,NY,Facebook - ASC - C07,139503,1924,1845.71,4862.06,Facebook,263.4249150733322,13.230611528067497,0.9593087318087318,1.3791818097101856
2025-07-15,2597,1428,1354,222248.63,110293.62,111955.01,Asc,CA,Facebook - Prospecting - C08,217906,3529,2505.29,6246.67,Facebook,249.33919825648928,11.497113434233109,0.7099149900821763,1.6195056584031646
2025-07-15,2597,1428,1354,222248.63,110293.62,111955.01,Prospecting,CA,Facebook - Prospecting - C09,142164,1861,1627.65,3387.26,Facebook,208.10739409578227,11.44910103823753,0.8746104245029555,1.3090515179651672
2025-07-15,2597,1428,1354,222248.63,110293.62,111955.01,Prospecting,CA,Facebook - ASC - C10,123004,1495,887.54,2194.01,Facebook,247.2012529012777,7.215537706090859,0.5936722408026756,1.2154076290201943
2025-07-15,2597,1428,1354,222248.63,110293.62,111955.01,Non-Branded Search,CA,Google - Display - C01,176465,8477,579.67,1745.29,Google,301.0833750237204,3.2849006885218026,0.0683815028901734,4.803785453206018
2025-07-15,2597,1428,1354,222248.63,110293.62,111955.01,Non-Branded Search,NY,Google - Non-Branded Search - C02,140932,6807,961.75,2936.39,Google,305.3173901741617,6.824213095677348,0.1412883796092258,4.82998893083189
2025-07-15,2597,1428,1354,222248.63,110293.62,111955.01,Non-Branded Search,CA,Google - Non-Branded Search - C03,169483,6983,1481.13,4359.98,Google,294.3684889239972,8.739106577060825,0.21210511241586713,4.1201772449154195
2025-07-15,2597,1428,1354,222248.63,110293.62,111955.01,Non-Branded Search,NY,Google - Non-Branded Search - C04,148771,7281,1043.98,3201.55,Google,306.66775225579033,7.017362254740507,0.1433841505287735,4.894098984345067
2025-07-15,2597,1428,1354,222248.63,110293.62,111955.01,Non-Branded Search,CA,Google - Non-Branded Search - C05,232347,11455,1723.9,4836.91,Google,280.579499970996,7.419506169651426,0.1504932343954605,4.930126061451191
2025-07-15,2597,1428,1354,222248.63,110293.62,111955.01,Display,CA,Google - Non-Branded Search - C06,124389,462,968.77,1571.05,Google,162.16955520918276,7.788228862680784,2.096904761904762,0.371415478860671
2025-07-15,2597,1428,1354,222248.63,110293.62,111955.01,Non-Branded Search,CA,Google - Display - C07,245786,11428,2057.18,6152.72,Google,299.08515540691633,8.36980137192517,0.18001225061253062,4.649573205959657
2025-07-15,2597,1428,1354,222248.63,110293.62,111955.01,Non-Branded Search,CA,Google - Display - C08,230546,9791,2252.13,6517.75,Google,289.40380883874377,9.768679569370104,0.2300204269226841,4.246874810233099
2025-07-15,2597,1428,1354,222248.63,110293.62,111955.01,Non-Branded Search,CA,Google - Display - C09,201923,9039,1251.22,3813.86,Google,304.8113041671329,6.196520455817317,0.1384246044916473,4.476458848174799
2025-07-15,2597,1428,1354,222248.63,110293.62,111955.01,Non-Branded Search,NY,Google - Non-Branded Search - C10,227645,10627,967.4,2898.26,Google,299.5927227620426,4.249599156581519,0.0910322762774066,4.668233433635704
2025-07-15,2597,1428,1354,222248.63,110293.62,111955.01,Retargeting,CA,TikTok - Retargeting - C01,81429,1179,885.42,2900.99,TikTok,327.6399900612139,10.873521718306744,0.7509923664122137,1.447887116383598
2025-07-15,2597,1428,1354,222248.63,110293.62,111955.01,Retargeting,CA,TikTok - Retargeting - C02,147695,2149,1384.49,4080.01,TikTok,294.69407507457623,9.373980161819969,0.6442484876686831,1.4550255594299062
2025-07-15,2597,1428,1354,222248.63,110293.62,111955.01,Spark Ads,CA,TikTok - Retargeting - C03,162701,2260,675.68,1488.85,TikTok,220.3483897703055,4.152893958857044,0.2989734513274336,1.389051081431583
2025-07-15,2597,1428,1354,222248.63,110293.62,111955.01,Spark Ads,CA,TikTok - Spark Ads - C04,120160,1532,1210.06,2866.43,TikTok,236.883295043221,10.070406125166445,0.7898563968668407,1.2749667110519307
2025-07-15,2597,1428,1354,222248.63,110293.62,111955.01,Spark Ads,CA,TikTok - Spark Ads - C05,181192,2515,1897.64,4596.09,TikTok,242.2003119664425,10.473089319616761,0.7545288270377734,1.3880303766170692
2025-07-15,2597,1428,1354,222248.63,110293.62,111955.01,Retargeting,CA,TikTok - Spark Ads - C06,82469,1450,630.74,1908.69,TikTok,302.6112185686654,7.648207205131625,0.43499310344827585,1.7582364282336393
2025-07-15,2597,1428,1354,222248.63,110293.62,111955.01,Retargeting,CA,TikTok - Retargeting - C07,73923,1131,352.67,1070.63,TikTok,303.5784160830238,4.770774995603534,0.3118213969938108,1.5299703745789537
2025-07-15,2597,1428,1354,222248.63,110293.62,111955.01,Retargeting,CA,TikTok - Spark Ads - C08,114613,1680,1220.77,3489.92,TikTok,285.8785848276088,10.651235025695165,0.7266488095238095,1.465802308638636
2025-07-15,2597,1428,1354,222248.63,110293.62,111955.01,Retargeting,CA,TikTok - Spark Ads - C09,133512,2249,1418.65,3999.79,TikTok,281.9433968914108,10.625636646893163,0.6307914628723877,1.6844927796752351
2025-07-15,2597,1428,1354,222248.63,110293.62,111955.01,Retargeting,CA,TikTok - Retargeting - C10,66795,1072,657.44,1715.2,TikTok,260.89072767096616,9.84265289318063,0.6132835820895522,1.6049105471966463
2025-07-16,3996,1865,1772,318631.49,168834.07,149797.42,Asc,NY,Facebook - ASC - C01,226529,3284,3184.95,9829.64,Facebook,308.6277649570637,14.059789254355954,0.9698386114494518,1.4497040114069282
2025-07-16,3996,1865,1772,318631.49,168834.07,149797.42,Prospecting,NY,Facebook - Prospecting - C02,222564,2522,2780.72,5878.44,Facebook,211.399925199229,12.494024190794557,1.1025852498017445,1.1331572042199098
2025-07-16,3996,1865,1772,318631.49,168834.07,149797.42,Prospecting,NY,Facebook - Prospecting - C03,114233,1343,1452.85,4090.57,Facebook,281.55487490105656,12.718303817635885,1.0817944899478777,1.1756672765313
2025-07-16,3996,1865,1772,318631.49,168834.07,149797.42,Asc,CA,Facebook - Prospecting - C04,223846,3066,3016.9,7349.56,Facebook,243.61298021147536,13.477569400391342,0.9839856490541422,1.3696916630183251
2025-07-16,3996,1865,1772,318631.49,168834.07,149797.42,Prospecting,NY,Facebook - ASC - C05,232574,2787,2140.06,6110.97,Facebook,285.55133968206496,9.20163044880339,0.7678722640832436,1.1983282740117123
2025-07-16,3996,1865,1772,318631.49,168834.07,149797.42,Asc,NY,Facebook - ASC - C06,168907,2486,1161.75,3567.66,Facebook,307.09360877985796,6.878045314877418,0.46731697506033787,1.4718158513264696
2025-07-16,3996,1865,1772,318631.49,168834.07,149797.42,Asc,NY,Facebook - ASC - C07,127224,1966,1125.68,3243.63,Facebook,288.14849690853526,8.84801609759165,0.5725737538148525,1.5453059171225554
2025-07-16,3996,1865,1772,318631.49,168834.07,149797.42,Asc,CA,Facebook - Prospecting - C08,141271,2204,2084.11,5338.57,Facebook,256.1558650934931,14.752567759837477,0.9456034482758622,1.5601220349540952
2025-07-16,3996,1865,1772,318631.49,168834.07,149797.42,Prospecting,CA,Facebook - Prospecting - C09,184039,2097,1916.97,5020.5,Facebook,261.89768227984786,10.416107455484978,0.9141487839771102,1.1394324029145995
2025-07-16,3996,1865,1772,318631.49,168834.07,149797.42,Prospecting,CA,Facebook - ASC - C10,104590,1326,1251.22,2681.21,Facebook,214.2876552484775,11.96309398604073,0.9436048265460031,1.2678076297925231
2025-07-16,3996,1865,1772,318631.49,168834.07,149797.42,Non-Branded Search,CA,Google - Display - C01,75736,3620,367.86,1300.06,Google,353.41162398738646,4.857135312136896,0.10161878453038674,4.779761276011408
2025-07-16,3996,1865,1772,318631.49,168834.07,149797.42,Non-Branded Search,NY,Google - Non-Branded Search - C02,227184,10212,1528.43,4868.1,Google,318.50330077268836,6.727718501302909,0.14966999608303957,4.495034861609973
2025-07-16,3996,1865,1772,318631.49,168834.07,149797.42,Non-Branded Search,CA,Google - Non-Branded Search - C03,177251,7316,1573.36,4253.83,Google,270.36596837341745,8.876452036941963,0.21505740841990156,4.127480239885812
2025-07-16,3996,1865,1772,318631.49,168834.07,149797.42,Non-Branded Search,NY,Google - Non-Branded Search - C04,261102,12278,2152.28,7827.17,Google,363.668760570186,8.243062098337049,0.17529565075745238,4.702376848894302
2025-07-16,3996,1865,1772,318631.49,168834.07,149797.42,Non-Branded Search,CA,Google - Non-Branded Search - C05,264651,12354,1858.07,5898.45,Google,317.45036516385284,7.020831207892659,0.1504022988505747,4.668034505820874
2025-07-16,3996,1865,1772,318631.49,168834.07,149797.42,Display,CA,Google - Non-Branded Search - C06,127836,467,789.54,1312.89,Google,166.28543202371003,6.1761944992021025,1.6906638115631691,0.3653118057511186
2025-07-16,3996,1865,1772,318631.49,168834.07,149797.42,Non-Branded Search,CA,Google - Display - C07,174107,7736,1238.67,4271.96,Google,344.8828178610929,7.114418145163607,0.16011763185108585,4.443244671380244
2025-07-16,3996,1865,1772,318631.49,168834.07,149797.42,Non-Branded Search,CA,Google - Display - C08,165529,8065,895.43,2394.08,Google,267.36651664563396,5.409505283062183,0.11102665840049597,4.872258033335548
2025-07-16,3996,1865,1772,318631.49,168834.07,149797.42,Non-Branded Search,CA,Google - Display - C09,238158,10322,1900.68,6883.72,Google,362.1714333817371,7.980752273700653,0.18413873280372023,4.334097531890594
2025-07-16,3996,1865,1772,318631.49,168834.07,149797.42,Non-Branded Search,NY,Google - Non-Branded Search - C10,220100,10803,1111.5,3831.91,Google,344.7512370670265,5.049977283053158,0.10288808664259928,4.908223534756929
2025-07-16,3996,1865,1772,318631.49,168834.07,149797.42,Retargeting,CA,TikTok - Retargeting - C01,161920,2791,1942.57,5742.28,TikTok,295.60221768070136,11.99709733201581,0.6960121820136151,1.7236907114624507
2025-07-16,3996,1865,1772,318631.49,168834.07,149797.42,Retargeting,CA,TikTok - Retargeting - C02,130535,1926,953.26,3025.2,TikTok,317.35308310429474,7.3027157467345925,0.4949428868120457,1.4754663500210672
2025-07-16,3996,1865,1772,318631.49,168834.07,149797.42,Spark Ads,CA,TikTok - Retargeting - C03,127998,1543,714.41,1720.1,TikTok,240.77210565361628,5.5814153346146025,0.46300064808813995,1.2054875857435272
2025-07-16,3996,1865,1772,318631.49,168834.07,149797.42,Spark Ads,CA,TikTok - Spark Ads - C04,191396,2449,2141.79,5383.78,TikTok,251.36824805419766,11.190359255156848,0.8745569620253164,1.279546072018224
2025-07-16,3996,1865,1772,318631.49,168834.07,149797.42,Spark Ads,CA,TikTok - Spark Ads - C05,111157,1406,654.63,1693.28,TikTok,258.66214502848936,5.889237744811393,0.465597439544808,1.2648776055489082
2025-07-16,3996,1865,1772,318631.49,168834.07,149797.42,Retargeting,CA,TikTok - Spark Ads - C06,111431,1741,625.28,1738.6,TikTok,278.0514329580348,5.611364880509014,0.3591499138426192,1.5624018450879917
2025-07-16,3996,1865,1772,318631.49,168834.07,149797.42,Retargeting,CA,TikTok - Retargeting - C07,112880,1792,1155.21,3727.19,TikTok,322.64177076029466,10.233965272856132,0.6446484375,1.5875265768958184
2025-07-16,3996,1865,1772,318631.49,168834.07,149797.42,Retargeting,CA,TikTok - Spark Ads - C08,128012,1894,724.12,2436.6,TikTok,336.4911893056399,5.656657188388588,0.3823231256599789,1.4795487923007218
2025-07-16,3996,1865,1772,318631.49,168834.07,149797.42,Retargeting,CA,TikTok - Spark Ads - C09,208367,3552,2018.06,6080.04,TikTok,301.28142869884937,9.685122884141922,0.5681475225225225,1.7046845229810863
2025-07-16,3996,1865,1772,318631.49,168834.07,149797.42,Retargeting,CA,TikTok - Retargeting - C10,202230,3397,1353.99,4300.21,TikTok,317.5954032156811,6.695297433615191,0.3985840447453636,1.6797705582752311
2025-07-17,2645,892,871,210274.48,122505.97,87768.51,Asc,NY,Facebook - ASC - C01,158611,2526,1629.57,3936.77,Facebook,241.58336248212723,10.274003694573516,0.6451187648456057,1.5925755464627294
2025-07-17,2645,892,871,210274.48,122505.97,87768.51,Prospecting,NY,Facebook - Prospecting - C02,111941,1220,1311.11,3415.87,Facebook,260.5326784175241,11.71250926827525,1.0746803278688524,1.0898598368783556
2025-07-17,2645,892,871,210274.48,122505.97,87768.51,Prospecting,NY,Facebook - Prospecting - C03,136020,1672,804.86,1677.48,Facebook,208.4188554531223,5.917218056168211,0.4813755980861244,1.2292309954418468
2025-07-17,2645,892,871,210274.48,122505.97,87768.51,Asc,CA,Facebook - Prospecting - C04,265424,3703,2515.45,6843.37,Facebook,272.0535093124491,9.477100789679907,0.6793005671077504,1.3951262885044307
2025-07-17,2645,892,871,210274.48,122505.97,87768.51,Prospecting,NY,Facebook - ASC - C05,114464,1348,1243.84,3204.45,Facebook,257.62557885258553,10.866648029074643,0.9227299703264095,1.177662845960302
2025-07-17,2645,892,871,210274.48,122505.97,87768.51,Asc,NY,Facebook - ASC - C06,242619,3652,1725.24,5747.7,Facebook,333.1536481880782,7.110902278881704,0.47240963855421686,1.5052407272307609
2025-07-17,2645,892,871,210274.48,122505.97,87768.51,Asc,NY,Facebook - ASC - C07,177393,2850,1218.09,3469.1,Facebook,284.7983318145622,6.866618186737921,0.42739999999999995,1.606602289831053
2025-07-17,2645,892,871,210274.48,122505.97,87768.51,Asc,CA,Facebook - Prospecting - C08,129461,2004,765.4,2364.24,Facebook,308.8894695584008,5.912205220104896,0.38193612774451097,1.5479565274484206
2025-07-17,2645,892,871,210274.48,122505.97,87768.51,Prospecting,CA,Facebook - Prospecting - C09,192455,2299,1954.02,4363.54,Facebook,223.31091800493343,10.153126704944013,0.849943453675511,1.1945649632381596
2025-07-17,2645,892,871,210274.48,122505.97,87768.51,Prospecting,CA,Facebook - ASC - C10,150415,1917,963.51,2613.69,Facebook,271.2675530093097,6.405677625236844,0.5026134585289515,1.2744739553900875
2025-07-17,2645,892,871,210274.48,122505.97,87768.51,Non-Branded Search,CA,Google - Display - C01,189802,7997,1270.23,3850.21,Google,303.1112475693378,6.692395232926946,0.15883831436788795,4.213338110241199
2025-07-17,2645,892,871,210274.48,122505.97,87768.51,Non-Branded Search,NY,Google - Non-Branded Search - C02,236027,9787,1088.8,3662.41,Google,336.3712343864805,4.61303155994865,0.11124961683866352,4.146559503785584
2025-07-17,2645,892,871,210274.48,122505.97,87768.51,Non-Branded Search,CA,Google - Non-Branded Search - C03,137858,6036,507.63,1560.12,Google,307.33408191005253,3.6822672605144424,0.08410039761431412,4.378418372528254
2025-07-17,2645,892,871,210274.48,122505.97,87768.51,Non-Branded Search,NY,Google - Non-Branded Search - C04,306583,13240,1474.76,4730.0,Google,320.7301527028127,4.81031237870332,0.11138670694864049,4.318569522771973
2025-07-17,2645,892,871,210274.48,122505.97,87768.51,Non-Branded Search,CA,Google - Non-Branded Search - C05,274855,12972,974.97,3313.19,Google,339.8248151225166,3.547215804697022,0.0751595744680851,4.7195794146004255
2025-07-17,2645,892,871,210274.48,122505.97,87768.51,Display,CA,Google - Non-Branded Search - C06,130921,507,534.8,768.19,Google,143.6406133133882,4.084906164786397,1.0548323471400394,0.38725643708801494
2025-07-17,2645,892,871,210274.48,122505.97,87768.51,Non-Branded Search,CA,Google - Display - C07,282357,11749,2565.43,8238.22,Google,321.1243339323232,9.085767308761604,0.21835305132351687,4.161044351654112
2025-07-17,2645,892,871,210274.48,122505.97,87768.51,Non-Branded Search,CA,Google - Display - C08,222679,9038,891.28,3059.08,Google,343.22322951261106,4.002532793842257,0.09861473777384376,4.058757224524989
2025-07-17,2645,892,871,210274.48,122505.97,87768.51,Non-Branded Search,CA,Google - Display - C09,285560,13814,1717.81,5583.86,Google,325.05690384850476,6.015583415044124,0.12435283046185029,4.837512256618575
2025-07-17,2645,892,871,210274.48,122505.97,87768.51,Non-Branded Search,NY,Google - Non-Branded Search - C10,120944,5950,561.14,1806.85,Google,321.99629326014895,4.639667945495436,0.09430924369747899,4.919632226484985
2025-07-17,2645,892,871,210274.48,122505.97,87768.51,Retargeting,CA,TikTok - Retargeting - C01,131231,1905,1436.23,4738.26,TikTok,329.9095548763081,10.944289078037965,0.7539265091863517,1.4516387134137514
2025-07-17,2645,892,871,210274.48,122505.97,87768.51,Retargeting,CA,TikTok - Retargeting - C02,158831,2403,804.94,2695.77,TikTok,334.90322260044223,5.067902361629657,0.33497295047856845,1.512928836310292
2025-07-17,2645,892,871,210274.48,122505.97,87768.51,Spark Ads,CA,TikTok - Retargeting - C03,108987,1443,520.15,1335.83,TikTok,256.8163029895222,4.772587556314056,0.36046431046431043,1.3240111205923641
2025-07-17,2645,892,871,210274.48,122505.97,87768.51,Spark Ads,CA,TikTok - Spark Ads - C04,206303,2508,1843.11,3923.16,TikTok,212.85544541562902,8.933995143066266,0.7348923444976077,1.2156876051245014
2025-07-17,2645,892,871,210274.48,122505.97,87768.51,Spark Ads,CA,TikTok - Spark Ads - C05,150575,2086,1071.82,2670.01,TikTok,249.1099251740031,7.118180308816204,0.5138159156279961,1.3853561348165366
2025-07-17,2645,892,871,210274.48,122505.97,87768.51,Retargeting,CA,TikTok - Spark Ads - C06,118296,1816,1518.12,4811.2,TikTok,316.9182936790241,12.83323189287888,0.8359691629955947,1.5351322107256375
2025-07-17,2645,892,871,210274.48,122505.97,87768.51,Retargeting,CA,TikTok - Retargeting - C07,103576,1632,776.08,2241.25,TikTok,288.7911040098959,7.492855487757781,0.47553921568627455,1.5756545917973275
2025-07-17,2645,892,871,210274.48,122505.97,87768.51,Retargeting,CA,TikTok - Spark Ads - C08,351034,5085,1466.1,4595.04,TikTok,313.4192756292204,4.1765185138761485,0.28831858407079647,1.4485776306568594
2025-07-17,2645,892,871,210274.48,122505.97,87768.51,Retargeting,CA,TikTok - Spark Ads - C09,109756,1724,1136.04,3967.69,TikTok,349.25618816238864,10.350595867196326,0.6589559164733179,1.570756951783957
2025-07-17,2645,892,871,210274.48,122505.97,87768.51,Retargeting,CA,TikTok - Retargeting - C10,116349,1792,1443.93,4617.95,TikTok,319.81813522816196,12.41033442487688,0.8057645089285714,1.5401937274922861
2025-07-18,2451,1336,1345,234358.56,122684.32,111674.24,Asc,NY,Facebook - ASC - C01,99173,1620,939.47,2447.45,Facebook,260.51390677722543,9.473042057818155,0.5799197530864197,1.6335091204259224
2025-07-18,2451,1336,1345,234358.56,122684.32,111674.24,Prospecting,NY,Facebook - Prospecting - C02,184319,2361,1859.43,4992.36,Facebook,268.48873041738597,10.088108116906016,0.7875603557814486,1.280931428664435
2025-07-18,2451,1336,1345,234358.56,122684.32,111674.24,Prospecting,NY,Facebook - Prospecting - C03,116510,1388,996.53,2381.87,Facebook,239.0163868624126,8.55317140159643,0.7179610951008646,1.191314050296112
2025-07-18,2451,1336,1345,234358.56,122684.32,111674.24,Asc,CA,Facebook - Prospecting - C04,186563,3005,2637.18,8793.08,Facebook,333.427373178926,14.135600306598842,0.8775973377703826,1.6107159511800302
2025-07-18,2451,1336,1345,234358.56,122684.32,111674.24,Prospecting,NY,Facebook - ASC - C05,130297,1522,1697.64,4024.98,Facebook,237.09266982399095,13.029002970137457,1.1154007884362682,1.1681005702356924
2025-07-18,2451,1336,1345,234358.56,122684.32,111674.24,Asc,NY,Facebook - ASC - C06,257686,4068,3185.16,8135.07,Facebook,255.40537994951586,12.360624946640483,0.7829793510324483,1.5786655076333211
2025-07-18,2451,1336,1345,234358.56,122684.32,111674.24,Asc,NY,Facebook - ASC - C07,182715,2800,1747.31,5242.23,Facebook,300.01716924873085,9.563035328243439,0.6240392857142857,1.532441233615193
2025-07-18,2451,1336,1345,234358.56,122684.32,111674.24,Asc,CA,Facebook - Prospecting - C08,181883,2651,1252.01,3598.02,Facebook,287.3794937740114,6.883600996244838,0.47227838551490003,1.4575303904158168
2025-07-18,2451,1336,1345,234358.56,122684.32,111674.24,Prospecting,CA,Facebook - Prospecting - C09,97283,1196,875.71,2293.46,Facebook,261.89720341208846,9.00167552398672,0.7321989966555185,1.2294028761448557
2025-07-18,2451,1336,1345,234358.56,122684.32,111674.24,Prospecting,CA,Facebook - ASC - C10,98141,1101,799.11,1908.15,Facebook,238.78439764237714,8.142468489214497,0.7258038147138964,1.12185528983809
2025-07-18,2451,1336,1345,234358.56,122684.32,111674.24,Non-Branded Search,CA,Google - Display - C01,199909,9323,1566.27,5216.33,Google,333.04155733047304,7.834914886273254,0.1680006435696664,4.663621947986334
2025-07-18,2451,1336,1345,234358.56,122684.32,111674.24,Non-Branded Search,NY,Google - Non-Branded Search - C02,162468,7525,849.67,2415.53,Google,284.2903715560159,5.229768323608341,0.11291295681063122,4.631681315705246
2025-07-18,2451,1336,1345,234358.56,122684.32,111674.24,Non-Branded Search,CA,Google - Non-Branded Search - C03,75646,3503,620.48,1895.38,Google,305.4699587416194,8.202416519049256,0.17712817584927207,4.630780213097851
2025-07-18,2451,1336,1345,234358.56,122684.32,111674.24,Non-Branded Search,NY,Google - Non-Branded Search - C04,145211,6616,540.61,1625.82,Google,300.73805515991194,3.722927326442212,0.08171251511487304,4.5561286679383795
2025-07-18,2451,1336,1345,234358.56,122684.32,111674.24,Non-Branded Search,CA,Google - Non-Branded Search - C05,271671,11239,1598.65,4910.6,Google,307.17167610171083,5.884507363686224,0.14224130260699352,4.136989225938727
2025-07-18,2451,1336,1345,234358.56,122684.32,111674.24,Display,CA,Google - Non-Branded Search - C06,191174,780,894.11,1284.25,Google,143.6344521367617,4.676943517423918,1.1462948717948718,0.40800527268352393
2025-07-18,2451,1336,1345,234358.56,122684.32,111674.24,Non-Branded Search,CA,Google - Display - C07,169099,7927,1535.17,4306.77,Google,280.5402658988907,9.078527962909302,0.19366342878768766,4.687786444627112
2025-07-18,2451,1336,1345,234358.56,122684.32,111674.24,Non-Branded Search,CA,Google - Display - C08,161653,6957,1020.74,3133.99,Google,307.03117346239003,6.314389463851583,0.14672128791145608,4.303662783864203
2025-07-18,2451,1336,1345,234358.56,122684.32,111674.24,Non-Branded Search,CA,Google - Display - C09,112516,5538,817.66,2767.08,Google,338.4144999143898,7.267055352127698,0.1476453593355002,4.9219666536314834
2025-07-18,2451,1336,1345,234358.56,122684.32,111674.24,Non-Branded Search,NY,Google - Non-Branded Search - C10,193117,8076,1862.91,5289.0,Google,283.91065590930316,9.646535519917977,0.23067236255572066,4.181920804486399
2025-07-18,2451,1336,1345,234358.56,122684.32,111674.24,Retargeting,CA,TikTok - Retargeting - C01,127568,1843,1480.25,4636.67,TikTok,313.23560209424085,11.603615326727708,0.803174172544764,1.4447196789163426
2025-07-18,2451,1336,1345,234358.56,122684.32,111674.24,Retargeting,CA,TikTok - Retargeting - C02,85559,1340,424.77,1384.72,TikTok,325.9928902700285,4.964644280554938,0.3169925373134328,1.5661707126076743
2025-07-18,2451,1336,1345,234358.56,122684.32,111674.24,Spark Ads,CA,TikTok - Retargeting - C03,153415,1975,1930.28,4853.99,TikTok,251.46559048428205,12.582081282795032,0.9773569620253164,1.2873578202913665
2025-07-18,2451,1336,1345,234358.56,122684.32,111674.24,Spark Ads,CA,TikTok - Spark Ads - C04,197925,2531,1717.11,3773.73,TikTok,219.77217534112552,8.675558923834785,0.678431450019755,1.2787672098016927
2025-07-18,2451,1336,1345,234358.56,122684.32,111674.24,Spark Ads,CA,TikTok - Spark Ads - C05,92362,1285,828.15,2015.96,TikTok,243.42933043530763,8.966349797535782,0.6444747081712062,1.391264805872545
2025-07-18,2451,1336,1345,234358.56,122684.32,111674.24,Retargeting,CA,TikTok - Spark Ads - C06,108980,1656,705.39,2356.63,TikTok,334.0889437049009,6.472655533125344,0.4259601449275362,1.5195448706184622
2025-07-18,2451,1336,1345,234358.56,122684.32,111674.24,Retargeting,CA,TikTok - Retargeting - C07,111228,1695,658.83,1757.08,TikTok,266.6970235113762,5.923238752832021,0.3886902654867257,1.5238968605027512
2025-07-18,2451,1336,1345,234358.56,122684.32,111674.24,Retargeting,CA,TikTok - Spark Ads - C08,235249,3808,955.59,2631.24,TikTok,275.3524000879038,4.062036395478834,0.2509427521008403,1.6187103877168447
2025-07-18,2451,1336,1345,234358.56,122684.32,111674.24,Retargeting,CA,TikTok - Spark Ads - C09,85345,1415,920.96,3074.56,TikTok,333.8429464906185,10.791024664596637,0.6508551236749117,1.657976448532427
2025-07-18,2451,1336,1345,234358.56,122684.32,111674.24,Retargeting,CA,TikTok - Retargeting - C10,238376,4075,2360.44,7276.02,TikTok,308.2484621511244,9.902171359532838,0.5792490797546013,1.7094841762593551
2025-07-19,2282,772,786,208348.08,116790.05,91558.03,Asc,NY,Facebook - ASC - C01,105099,1685,969.55,3010.36,Facebook,310.4904337063586,9.225111561480128,0.57540059347181,1.6032502687941848
2025-07-19,2282,772,786,208348.08,116790.05,91558.03,Prospecting,NY,Facebook - Prospecting - C02,321352,3716,1939.7,3904.67,Facebook,201.30277878022375,6.036060145883642,0.5219860064585576,1.156364360576564
2025-07-19,2282,772,786,208348.08,116790.05,91558.03,Prospecting,NY,Facebook - Prospecting - C03,199150,2290,1145.43,2558.7,Facebook,223.38335821481886,5.7515942756716045,0.5001877729257642,1.1498870198342959
2025-07-19,2282,772,786,208348.08,116790.05,91558.03,Asc,CA,Facebook - Prospecting - C04,161176,2464,1924.8,5414.9,Facebook,281.32273482959266,11.942224648831091,0.7811688311688312,1.528763587630913
2025-07-19,2282,772,786,208348.08,116790.05,91558.03,Prospecting,NY,Facebook - ASC - C05,111914,1323,1050.3,2765.48,Facebook,263.3038179567743,9.384884822274246,0.7938775510204081,1.1821577282556248
2025-07-19,2282,772,786,208348.08,116790.05,91558.03,Asc,NY,Facebook - ASC - C06,144401,2212,1095.0,2874.88,Facebook,262.5461187214612,7.583049978878263,0.4950271247739602,1.5318453473313896
2025-07-19,2282,772,786,208348.08,116790.05,91558.03,Asc,NY,Facebook - ASC - C07,127896,2026,1564.95,4531.95,Facebook,289.5907217482987,12.236113717395384,0.7724333662388944,1.5840995809094889
2025-07-19,2282,772,786,208348.08,116790.05,91558.03,Asc,CA,Facebook - Prospecting - C08,232283,3815,2182.4,5607.3,Facebook,256.9327346041056,9.395435740024023,0.5720576671035387,1.642393115294705
2025-07-19,2282,772,786,208348.08,116790.05,91558.03,Prospecting,CA,Facebook - Prospecting - C09,294134,3394,2449.55,6244.72,Facebook,254.9333551060399,8.328006962812868,0.7217295226870949,1.1538958433911073
2025-07-19,2282,772,786,208348.08,116790.05,91558.03,Prospecting,CA,Facebook - ASC - C10,110659,1415,650.95,1680.9,Facebook,258.22259774176206,5.882485834862054,0.460035335689046,1.2787030426806676
2025-07-19,2282,772,786,208348.08,116790.05,91558.03,Non-Branded Search,CA,Google - Display - C01,120071,5886,893.99,2666.57,Google,298.27738565308334,7.445511405751597,0.15188413183826027,4.90209959107528
2025-07-19,2282,772,786,208348.08,116790.05,91558.03,Non-Branded Search,NY,Google - Non-Branded Search - C02,150615,6510,1412.55,3908.79,Google,276.71870022300095,9.378547953391097,0.2169815668202765,4.322278657504232
2025-07-19,2282,772,786,208348.08,116790.05,91558.03,Non-Branded Search,CA,Google - Non-Branded Search - C03,92374,3878,339.52,1201.04,Google,353.746465598492,3.675493104120207,0.08755028365136668,4.198150994868686
2025-07-19,2282,772,786,208348.08,116790.05,91558.03,Non-Branded Search,NY,Google - Non-Branded Search - C04,155794,7140,1299.08,4680.89,Google,360.3234596791576,8.338446923501547,0.1819439775910364,4.582974954106063
2025-07-19,2282,772,786,208348.08,116790.05,91558.03,Non-Branded Search,CA,Google - Non-Branded Search - C05,185235,9117,556.51,1662.11,Google,298.6666906255054,3.0043458309714683,0.06104091258089284,4.921856020730424
2025-07-19,2282,772,786,208348.08,116790.05,91558.03,Display,CA,Google - Non-Branded Search - C06,81943,318,749.29,1142.06,Google,152.41895661225962,9.144039149164662,2.35625786163522,0.388074637247843
2025-07-19,2282,772,786,208348.08,116790.05,91558.03,Non-Branded Search,CA,Google - Display - C07,154119,6314,1441.13,4008.62,Google,278.15811203708193,9.350761424613449,0.22824358568261008,4.0968342644320295
2025-07-19,2282,772,786,208348.08,116790.05,91558.03,Non-Branded Search,CA,Google - Display - C08,135396,6416,878.29,3146.13,Google,358.2108415215931,6.486823835268398,0.13689058603491272,4.738692428136725
2025-07-19,2282,772,786,208348.08,116790.05,91558.03,Non-Branded Search,CA,Google - Display - C09,217912,9540,935.95,3349.6,Google,357.88236551097816,4.295082418590991,0.09810796645702306,4.377914020338485
2025-07-19,2282,772,786,208348.08,116790.05,91558.03,Non-Branded Search,NY,Google - Non-Branded Search - C10,169070,8018,1637.42,6073.8,Google,370.9372060925114,9.684864257408174,0.204218009478673,4.742414384574436
2025-07-19,2282,772,786,208348.08,116790.05,91558.03,Retargeting,CA,TikTok - Retargeting - C01,197149,2900,890.03,2575.3,TikTok,289.3497971978473,4.51450425820065,0.30690689655172415,1.4709686582229684
2025-07-19,2282,772,786,208348.08,116790.05,91558.03,Retargeting,CA,TikTok - Retargeting - C02,93858,1449,894.83,2858.17,TikTok,319.40927326978306,9.533870314730764,0.6175500345065563,1.5438215176117114
2025-07-19,2282,772,786,208348.08,116790.05,91558.03,Spark Ads,CA,TikTok - Retargeting - C03,121749,1684,1133.43,2526.17,TikTok,222.8783427295907,9.30956311756154,0.6730581947743468,1.383173578427749
2025-07-19,2282,772,786,208348.08,116790.05,91558.03,Spark Ads,CA,TikTok - Spark Ads - C04,259367,3105,1432.34,3535.09,TikTok,246.8052278090398,5.522445029629829,0.46130112721417066,1.197145357736335
2025-07-19,2282,772,786,208348.08,116790.05,91558.03,Spark Ads,CA,TikTok - Spark Ads - C05,139983,1728,719.62,1963.53,TikTok,272.85650760123394,5.140767093147025,0.4164467592592593,1.234435610038362
2025-07-19,2282,772,786,208348.08,116790.05,91558.03,Retargeting,CA,TikTok - Spark Ads - C06,95103,1402,404.3,1286.05,TikTok,318.0930002473411,4.251180299254493,0.28837375178316693,1.4741911401322776
2025-07-19,2282,772,786,208348.08,116790.05,91558.03,Retargeting,CA,TikTok - Retargeting - C07,131337,2122,1218.04,3602.94,TikTok,295.7981675478638,9.274157320480901,0.5740056550424129,1.6156909324866564
2025-07-19,2282,772,786,208348.08,116790.05,91558.03,Retargeting,CA,TikTok - Spark Ads - C08,135727,1984,590.71,1889.14,TikTok,319.8083662033824,4.352192268303285,0.2977368951612903,1.461757793217267
2025-07-19,2282,772,786,208348.08,116790.05,91558.03,Retargeting,CA,TikTok - Spark Ads - C09,129707,2022,1223.95,3398.36,TikTok,277.6551329711181,9.436267896104297,0.6053165182987141,1.5588981319435342
2025-07-19,2282,772,786,208348.08,116790.05,91558.03,Retargeting,CA,TikTok - Retargeting - C10,138363,2126,789.16,2283.58,TikTok,289.36844239444474,5.703547913820891,0.3711947318908749,1.5365379472835945
2025-07-20,3558,1611,1643,269928.31,160649.81,109278.5,Asc,NY,Facebook - ASC - C01,147625,2396,975.84,2703.99,Facebook,277.093580914904,6.610262489415749,0.4072787979966611,1.6230313293818799
2025-07-20,3558,1611,1643,269928.31,160649.81,109278.5,Prospecting,NY,Facebook - Prospecting - C02,153392,1838,851.21,2070.99,Facebook,243.2995383042962,5.5492463752998855,0.4631175190424375,1.1982371962031917
2025-07-20,3558,1611,1643,269928.31,160649.81,109278.5,Prospecting,NY,Facebook - Prospecting - C03,150187,1783,1855.44,4807.97,Facebook,259.12829301944555,12.354198432620667,1.040628154795289,1.1871866406546505
2025-07-20,3558,1611,1643,269928.31,160649.81,109278.5,Asc,CA,Facebook - Prospecting - C04,122488,1803,764.17,1905.82,Facebook,249.39738539853698,6.238733590229247,0.4238325013865779,1.4719809287440402
2025-07-20,3558,1611,1643,269928.31,160649.81,109278.5,Prospecting,NY,Facebook - ASC - C05,129216,1470,892.73,2174.59,Facebook,243.58876704042655,6.908819341258049,0.6072993197278912,1.137630014858841
2025-07-20,3558,1611,1643,269928.31,160649.81,109278.5,Asc,NY,Facebook - ASC - C06,186773,2956,1092.91,3581.69,Facebook,327.7204893358099,5.851541711061021,0.3697259810554804,1.5826698719836378
2025-07-20,3558,1611,1643,269928.31,160649.81,109278.5,Asc,NY,Facebook - ASC - C07,162182,2545,1051.15,3117.64,Facebook,296.5932550064215,6.481298787781629,0.4130255402750492,1.5692246981785896
2025-07-20,3558,1611,1643,269928.31,160649.81,109278.5,Asc,CA,Facebook - Prospecting - C08,205319,3168,1997.84,5174.11,Facebook,258.985204020342,9.730419493568544,0.6306313131313132,1.542964849819062
2025-07-20,3558,1611,1643,269928.31,160649.81,109278.5,Prospecting,CA,Facebook - Prospecting - C09,152325,1668,1287.97,3103.25,Facebook,240.94117099000752,8.45540784506811,0.7721642685851319,1.0950270802560316
2025-07-20,3558,1611,1643,269928.31,160649.81,109278.5,Prospecting,CA,Facebook - ASC - C10,181401,2188,1471.49,4083.28,Facebook,277.4928813651469,8.111807542406051,0.6725274223034735,1.2061675514467947
2025-07-20,3558,1611,1643,269928.31,160649.81,109278.5,Non-Branded Search,CA,Google - Display - C01,168046,7578,621.01,1759.77,Google,283.37224843400264,3.6954762386489413,0.0819490630773291,4.509479547266819
2025-07-20,3558,1611,1643,269928.31,160649.81,109278.5,Non-Branded Search,NY,Google - Non-Branded Search - C02,247571,11114,1725.74,4903.4,Google,284.133183445942,6.970687196804149,0.15527622818067302,4.4892172346518775
2025-07-20,3558,1611,1643,269928.31,160649.81,109278.5,Non-Branded Search,CA,Google - Non-Branded Search - C03,123225,5727,436.36,1544.48,Google,353.9462828856907,3.5411645364171234,0.0761934695302951,4.647595861229458
2025-07-20,3558,1611,1643,269928.31,160649.81,109278.5,Non-Branded Search,NY,Google - Non-Branded Search - C04,174460,8433,1184.23,3932.93,Google,332.10862754701367,6.787974320761206,0.1404280801612712,4.833772784592457
2025-07-20,3558,1611,1643,269928.31,160649.81,109278.5,Non-Branded Search,CA,Google - Non-Branded Search - C05,173101,8466,1200.78,3683.54,Google,306.76227119039294,6.936875003610608,0.1418355776045358,4.890786303949717
2025-07-20,3558,1611,1643,269928.31,160649.81,109278.5,Display,CA,Google - Non-Branded Search - C06,111007,409,1141.53,2003.65,Google,175.52320131752998,10.28340555100129,2.7910268948655257,0.3684452331834929
2025-07-20,3558,1611,1643,269928.31,160649.81,109278.5,Non-Branded Search,CA,Google - Display - C07,195104,9338,599.59,2102.12,Google,350.59290515185376,3.0731814826964086,0.06420968087384879,4.786165327210103
2025-07-20,3558,1611,1643,269928.31,160649.81,109278.5,Non-Branded Search,CA,Google - Display - C08,170786,7916,1223.08,4391.49,Google,359.05173823462076,7.161476936048622,0.15450732693279434,4.635040342885248
2025-07-20,3558,1611,1643,269928.31,160649.81,109278.5,Non-Branded Search,CA,Google - Display - C09,215171,8925,1831.64,5757.89,Google,314.3570789019676,8.512485418574064,0.20522577030812325,4.147863792053761
2025-07-20,3558,1611,1643,269928.31,160649.81,109278.5,Non-Branded Search,NY,Google - Non-Branded Search - C10,376336,15754,3710.43,13988.45,Google,377.0034739908852,9.859354406700394,0.23552304176717023,4.186152799625866
2025-07-20,3558,1611,1643,269928.31,160649.81,109278.5,Retargeting,CA,TikTok - Retargeting - C01,63995,1029,464.87,1451.03,TikTok,312.136726396627,7.26416126259864,0.4517687074829932,1.607938120165638
2025-07-20,3558,1611,1643,269928.31,160649.81,109278.5,Retargeting,CA,TikTok - Retargeting - C02,106270,1645,861.02,2539.5,TikTok,294.94088406773363,8.10219252846523,0.5234164133738601,1.5479439164392585
2025-07-20,3558,1611,1643,269928.31,160649.81,109278.5,Spark Ads,CA,TikTok - Retargeting - C03,92812,1107,918.99,2464.09,TikTok,268.13022992633216,9.901629099685385,0.8301626016260163,1.1927336982286774
2025-07-20,3558,1611,1643,269928.31,160649.81,109278.5,Spark Ads,CA,TikTok - Spark Ads - C04,199697,2648,2038.39,5561.59,TikTok,272.842292201198,10.207414232562332,0.769784743202417,1.3260089034887856
2025-07-20,3558,1611,1643,269928.31,160649.81,109278.5,Spark Ads,CA,TikTok - Spark Ads - C05,107864,1318,1110.39,2695.87,TikTok,242.7858680283504,10.294352147148262,0.8424810318664644,1.2219090706815992
2025-07-20,3558,1611,1643,269928.31,160649.81,109278.5,Retargeting,CA,TikTok - Spark Ads - C06,85235,1371,780.04,2119.09,TikTok,271.6642736269935,9.151639584677655,0.5689569657184537,1.6084941631958702
2025-07-20,3558,1611,1643,269928.31,160649.81,109278.5,Retargeting,CA,TikTok - Retargeting - C07,213324,3141,1479.6,4943.86,TikTok,334.13490132468235,6.93592844686955,0.47106017191977073,1.4724081678573437
2025-07-20,3558,1611,1643,269928.31,160649.81,109278.5,Retargeting,CA,TikTok - Spark Ads - C08,114862,1745,1262.03,3763.81,TikTok,298.23459030292463,10.987358743535722,0.7232263610315186,1.5192143615817242
2025-07-20,3558,1611,1643,269928.31,160649.81,109278.5,Retargeting,CA,TikTok - Spark Ads - C09,85699,1294,638.12,2050.73,TikTok,321.37058860402436,7.446061214249874,0.4931375579598145,1.5099359385757127
2025-07-20,3558,1611,1643,269928.31,160649.81,109278.5,Retargeting,CA,TikTok - Retargeting - C10,110234,1622,1135.96,3889.29,TikTok,342.37913306806576,10.30498757189252,0.7003452527743527,1.4714153527949634
2025-07-21,2838,1160,1106,267155.65,148102.94,119052.71,Asc,NY,Facebook - ASC - C01,184911,2839,1692.21,4175.76,Facebook,246.76369954083714,9.151483686746598,0.5960584712927087,1.5353332143571772
2025-07-21,2838,1160,1106,267155.65,148102.94,119052.71,Prospecting,NY,Facebook - Prospecting - C02,158356,1983,2098.52,4266.18,Facebook,203.29470293349598,13.251913410290738,1.0582551689359556,1.252241784334032
2025-07-21,2838,1160,1106,267155.65,148102.94,119052.71,Prospecting,NY,Facebook - Prospecting - C03,187256,2467,2162.42,6088.96,Facebook,281.58082148703767,11.547934378604692,0.8765383056343737,1.317447772034007
2025-07-21,2838,1160,1106,267155.65,148102.94,119052.71,Asc,CA,Facebook - Prospecting - C04,340030,5369,4039.49,11815.35,Facebook,292.4960824262469,11.879804723112667,0.7523728813559322,1.5789783254418728
2025-07-21,2838,1160,1106,267155.65,148102.94,119052.71,Prospecting,NY,Facebook - ASC - C05,111923,1315,903.77,1911.81,Facebook,211.53722739192494,8.074926511976985,0.6872775665399239,1.1749148968487264
2025-07-21,2838,1160,1106,267155.65,148102.94,119052.71,Asc,NY,Facebook - ASC - C06,112513,1660,1584.27,5118.64,Facebook,323.0913922500584,14.080772888466221,0.9543795180722892,1.4753850666145245
2025-07-21,2838,1160,1106,267155.65,148102.94,119052.71,Asc,NY,Facebook - ASC - C07,189367,2692,1800.81,4737.5,Facebook,263.07606021734665,9.509629449692923,0.6689487369985141,1.4215782052839196
2025-07-21,2838,1160,1106,267155.65,148102.94,119052.71,Asc,CA,Facebook - Prospecting - C08,164363,2289,1407.34,3945.12,Facebook,280.3245839669163,8.562389345533969,0.6148274355613805,1.3926491972037502
2025-07-21,2838,1160,1106,267155.65,148102.94,119052.71,Prospecting,CA,Facebook - Prospecting - C09,117980,1556,1311.17,2850.7,Facebook,217.4165058688042,11.113493812510596,0.8426542416452443,1.318867604678759
2025-07-21,2838,1160,1106,267155.65,148102.94,119052.71,Prospecting,CA,Facebook - ASC - C10,182482,2393,1395.13,3665.79,Facebook,262.75615892425793,7.645302002389277,0.5830045967404931,1.3113622165473855
2025-07-21,2838,1160,1106,267155.65,148102.94,119052.71,Non-Branded Search,CA,Google - Display - C01,280168,13710,855.83,2979.34,Google,348.12287487000924,3.0547028925501842,0.06242377826404085,4.893492475943006
2025-07-21,2838,1160,1106,267155.65,148102.94,119052.71,Non-Branded Search,NY,Google - Non-Branded Search - C02,346482,16425,3599.13,9464.01,Google,262.95271357244667,10.387639184719553,0.21912511415525115,4.740506000311704
2025-07-21,2838,1160,1106,267155.65,148102.94,119052.71,Non-Branded Search,CA,Google - Non-Branded Search - C03,159990,7144,1032.57,3440.05,Google,333.15416872463857,6.4539658728670535,0.14453667413213886,4.465279079942496
2025-07-21,2838,1160,1106,267155.65,148102.94,119052.71,Non-Branded Search,NY,Google - Non-Branded Search - C04,190774,8016,1400.75,4433.01,Google,316.4740317686954,7.342457567593068,0.17474426147704591,4.201830438110015
2025-07-21,2838,1160,1106,267155.65,148102.94,119052.71,Non-Branded Search,CA,Google - Non-Branded Search - C05,183103,8765,1079.17,3073.83,Google,284.83278816127205,5.8937865572928905,0.12312264689104394,4.786923207156628
2025-07-21,2838,1160,1106,267155.65,148102.94,119052.71,Display,CA,Google - Non-Branded Search - C06,121481,466,765.37,1296.44,Google,169.3873551354247,6.300326800075732,1.6424248927038627,0.3835990813378224
2025-07-21,2838,1160,1106,267155.65,148102.94,119052.71,Non-Branded Search,CA,Google - Display - C07,95849,4161,399.92,1176.91,Google,294.2863572714543,4.172396164800885,0.09611151165585197,4.341203351104341
2025-07-21,2838,1160,1106,267155.65,148102.94,119052.71,Non-Branded Search,CA,Google - Display - C08,176589,7669,679.56,2351.44,Google,346.02389781623407,3.8482578190034484,0.0886112922154127,4.342852612563637
2025-07-21,2838,1160,1106,267155.65,148102.94,119052.71,Non-Branded Search,CA,Google - Display - C09,254382,11692,1049.83,3680.65,Google,350.59485821513965,4.126982255033768,0.089790455011974,4.5962371551446255
2025-07-21,2838,1160,1106,267155.65,148102.94,119052.71,Non-Branded Search,NY,Google - Non-Branded Search - C10,146601,6385,864.9,2738.02,Google,316.57070181523875,5.899686905273497,0.13545810493343774,4.3553591039624555
2025-07-21,2838,1160,1106,267155.65,148102.94,119052.71,Retargeting,CA,TikTok - Retargeting - C01,164318,2857,1590.0,4720.76,TikTok,296.90314465408807,9.676359254616049,0.5565278263913196,1.7387017855621418
2025-07-21,2838,1160,1106,267155.65,148102.94,119052.71,Retargeting,CA,TikTok - Retargeting - C02,217954,3420,2404.61,7242.09,TikTok,301.1752425549257,11.032649091092617,0.7031023391812866,1.5691384420565808
2025-07-21,2838,1160,1106,267155.65,148102.94,119052.71,Spark Ads,CA,TikTok - Retargeting - C03,113642,1563,586.03,1469.46,TikTok,250.74825520877772,5.156808222312173,0.37493921944977604,1.3753717815596347
2025-07-21,2838,1160,1106,267155.65,148102.94,119052.71,Spark Ads,CA,TikTok - Spark Ads - C04,173135,2131,1953.72,4817.18,TikTok,246.564502589931,11.28437346579259,0.9168090098545284,1.2308314321194442
2025-07-21,2838,1160,1106,267155.65,148102.94,119052.71,Spark Ads,CA,TikTok - Spark Ads - C05,245454,3025,2431.44,5659.56,TikTok,232.7657684335209,9.905888679752621,0.8037818181818182,1.232410146096621
2025-07-21,2838,1160,1106,267155.65,148102.94,119052.71,Retargeting,CA,TikTok - Spark Ads - C06,75449,1132,774.8,2200.05,TikTok,283.9506969540527,10.269188458428872,0.6844522968197879,1.5003512306326128
2025-07-21,2838,1160,1106,267155.65,148102.94,119052.71,Retargeting,CA,TikTok - Retargeting - C07,93573,1618,1036.16,3564.12,TikTok,343.9739036442248,11.07327968537933,0.6403955500618047,1.7291312664978145
2025-07-21,2838,1160,1106,267155.65,148102.94,119052.71,Retargeting,CA,TikTok - Spark Ads - C08,174998,2804,731.58,2149.67,TikTok,293.83936138221384,4.180504920056229,0.2609058487874465,1.6023040263317294
2025-07-21,2838,1160,1106,267155.65,148102.94,119052.71,Retargeting,CA,TikTok - Spark Ads - C09,92148,1452,888.49,2445.74,TikTok,275.26927708809325,9.641988974258801,0.6119077134986226,1.5757260059903633
2025-07-21,2838,1160,1106,267155.65,148102.94,119052.71,Retargeting,CA,TikTok - Retargeting - C10,162492,2706,703.37,1915.28,TikTok,272.3004961826635,4.328643871698299,0.259929785661493,1.6653127538586516
2025-07-22,3003,1322,1276,214550.99,116024.2,98526.79,Asc,NY,Facebook - ASC - C01,158511,2312,2049.73,5632.21,Facebook,274.778141511321,12.931153043006478,0.8865614186851211,1.4585738529187249
2025-07-22,3003,1322,1276,214550.99,116024.2,98526.79,Prospecting,NY,Facebook - Prospecting - C02,124933,1411,765.21,1660.4,Facebook,216.98618679839524,6.124962980157364,0.5423175053153791,1.1294053612736425
2025-07-22,3003,1322,1276,214550.99,116024.2,98526.79,Prospecting,NY,Facebook - Prospecting - C03,235866,3020,2270.14,6032.57,Facebook,265.735593399526,9.624702161396725,0.7517019867549668,1.280388016924864
2025-07-22,3003,1322,1276,214550.99,116024.2,98526.79,Asc,CA,Facebook - Prospecting - C04,168786,2718,1045.88,3329.46,Facebook,318.34053619918154,6.196485490502767,0.3847976453274467,1.6103231310653727
2025-07-22,3003,1322,1276,214550.99,116024.2,98526.79,Prospecting,NY,Facebook - ASC - C05,243636,2975,1988.07,4806.86,Facebook,241.78524901034672,8.160000985076097,0.6682588235294118,1.2210839120655403
2025-07-22,3003,1322,1276,214550.99,116024.2,98526.79,Asc,NY,Facebook - ASC - C06,129542,1913,997.35,2917.61,Facebook,292.5362209856119,7.699047413194177,0.5213538944066911,1.4767411341495422
2025-07-22,3003,1322,1276,214550.99,116024.2,98526.79,Asc,NY,Facebook - ASC - C07,148689,2079,1174.18,3501.65,Facebook,298.2208860651689,7.896885445459987,0.5647811447811448,1.3982204467041948
2025-07-22,3003,1322,1276,214550.99,116024.2,98526.79,Asc,CA,Facebook - Prospecting - C08,199272,3104,2062.24,6154.27,Facebook,298.42646830630775,10.348869886386446,0.664381443298969,1.5576699185033522
2025-07-22,3003,1322,1276,214550.99,116024.2,98526.79,Prospecting,CA,Facebook - Prospecting - C09,237149,2748,1586.34,3269.59,Facebook,206.1090308508895,6.6892122673930725,0.5772707423580786,1.1587651645168227
2025-07-22,3003,1322,1276,214550.99,116024.2,98526.79,Prospecting,CA,Facebook - ASC - C10,223838,2575,2858.95,6860.02,Facebook,239.94893230032005,12.77240682993951,1.110271844660194,1.1503855466900168
2025-07-22,3003,1322,1276,214550.99,116024.2,98526.79,Non-Branded Search,CA,Google - Display - C01,166375,7800,888.19,2565.51,Google,288.8469809387631,5.33848234410218,0.11387051282051283,4.688204357625845
2025-07-22,3003,1322,1276,214550.99,116024.2,98526.79,Non-Branded Search,NY,Google - Non-Branded Search - C02,124117,5672,671.6,2184.14,Google,325.2144133412745,5.4110234697906,0.1184062059238364,4.569881643932741
2025-07-22,3003,1322,1276,214550.99,116024.2,98526.79,Non-Branded Search,CA,Google - Non-Branded Search - C03,126012,5281,1245.1,3449.53,Google,277.0484298449924,9.880805002698155,0.2357697405794357,4.190870710725963
2025-07-22,3003,1322,1276,214550.99,116024.2,98526.79,Non-Branded Search,NY,Google - Non-Branded Search - C04,145064,7074,1416.81,4144.78,Google,292.54310740325093,9.766792588099046,0.20028413910093298,4.876468317432306
2025-07-22,3003,1322,1276,214550.99,116024.2,98526.79,Non-Branded Search,CA,Google - Non-Branded Search - C05,142085,6690,766.95,2860.79,Google,373.0086707086511,5.397825245451667,0.11464125560538117,4.708449167751698
2025-07-22,3003,1322,1276,214550.99,116024.2,98526.79,Display,CA,Google - Non-Branded Search - C06,156275,665,1151.62,2038.24,Google,176.98893732307533,7.369188929771236,1.7317593984962405,0.425531914893617
2025-07-22,3003,1322,1276,214550.99,116024.2,98526.79,Non-Branded Search,CA,Google - Display - C07,254061,12008,1922.54,5603.66,Google,291.4716988983324,7.567237789349802,0.16010493004663556,4.726423969046803
2025-07-22,3003,1322,1276,214550.99,116024.2,98526.79,Non-Branded Search,CA,Google - Display - C08,242163,10687,1812.31,5625.87,Google,310.42536872830806,7.483843526880654,0.16958079910171237,4.4131432134554
2025-07-22,3003,1322,1276,214550.99,116024.2,98526.79,Non-Branded Search,CA,Google - Display - C09,50882,2156,369.39,1210.43,Google,327.6834781667073,7.259738217837349,0.17133116883116883,4.237254824888959
2025-07-22,3003,1322,1276,214550.99,116024.2,98526.79,Non-Branded Search,NY,Google - Non-Branded Search - C10,221913,9375,1998.94,6187.06,Google,309.5170440333377,9.007764304029056,0.21322026666666669,4.224628570656068
2025-07-22,3003,1322,1276,214550.99,116024.2,98526.79,Retargeting,CA,TikTok - Retargeting - C01,66194,978,697.79,2285.33,TikTok,327.50970922483845,10.541589872193853,0.7134867075664622,1.4774752998761216
2025-07-22,3003,1322,1276,214550.99,116024.2,98526.79,Retargeting,CA,TikTok - Retargeting - C02,107852,1640,759.52,2427.48,TikTok,319.60712028649675,7.042243073841931,0.46312195121951216,1.520602306864963
2025-07-22,3003,1322,1276,214550.99,116024.2,98526.79,Spark Ads,CA,TikTok - Retargeting - C03,65193,875,524.74,1443.18,TikTok,275.02763273240083,8.049023668185235,0.5997028571428572,1.3421686377371804
2025-07-22,3003,1322,1276,214550.99,116024.2,98526.79,Spark Ads,CA,TikTok - Spark Ads - C04,68300,873,415.45,1052.58,TikTok,253.3590083042484,6.082723279648609,0.4758877434135166,1.2781844802342606
2025-07-22,3003,1322,1276,214550.99,116024.2,98526.79,Spark Ads,CA,TikTok - Spark Ads - C05,216345,2749,2155.92,4978.68,TikTok,230.93064677724593,9.965194481037233,0.7842560931247726,1.2706556657191062
2025-07-22,3003,1322,1276,214550.99,116024.2,98526.79,Retargeting,CA,TikTok - Spark Ads - C06,93229,1628,1069.01,3621.94,TikTok,338.81254618759414,11.466496476418282,0.6566400491400491,1.746237758637334
2025-07-22,3003,1322,1276,214550.99,116024.2,98526.79,Retargeting,CA,TikTok - Retargeting - C07,143698,2217,583.13,1925.67,TikTok,330.2299658738189,4.058024467981461,0.26302661253946774,1.5428189675569597
2025-07-22,3003,1322,1276,214550.99,116024.2,98526.79,Retargeting,CA,TikTok - Spark Ads - C08,123346,1802,1136.42,3695.46,TikTok,325.1843508561975,9.213269988487669,0.6306437291897892,1.4609310395148607
2025-07-22,3003,1322,1276,214550.99,116024.2,98526.79,Retargeting,CA,TikTok - Spark Ads - C09,123336,2102,565.35,1651.56,TikTok,292.1305386044043,4.583819809301421,0.2689581351094196,1.7042874748654082
2025-07-22,3003,1322,1276,214550.99,116024.2,98526.79,Retargeting,CA,TikTok - Retargeting - C10,93123,1398,869.92,2677.37,TikTok,307.7719790325547,9.34162344426189,0.6222603719599428,1.501240295093586
2025-07-23,3858,1748,1741,284255.03,150056.99,134198.04,Asc,NY,Facebook - ASC - C01,136826,2246,1866.98,5420.45,Facebook,290.3325156134506,13.644921286889918,0.831246660730187,1.6415008843348486
2025-07-23,3858,1748,1741,284255.03,150056.99,134198.04,Prospecting,NY,Facebook - Prospecting - C02,136069,1701,1456.94,3837.36,Facebook,263.38490260408804,10.707361706193183,0.8565196942974721,1.2501010516723132
2025-07-23,3858,1748,1741,284255.03,150056.99,134198.04,Prospecting,NY,Facebook - Prospecting - C03,239904,2935,2804.69,5968.52,Facebook,212.8049802295441,11.690884687208216,0.9556013628620103,1.223406029078298
2025-07-23,3858,1748,1741,284255.03,150056.99,134198.04,Asc,CA,Facebook - Prospecting - C04,179758,2546,1322.44,3818.82,Facebook,288.7707570853876,7.356779670445822,0.5194186959937157,1.4163486465136461
2025-07-23,3858,1748,1741,284255.03,150056.99,134198.04,Prospecting,NY,Facebook - ASC - C05,170690,2059,1864.83,4123.45,Facebook,221.11667015223907,10.925244595465465,0.9056969402622632,1.2062803913527447
2025-07-23,3858,1748,1741,284255.03,150056.99,134198.04,Asc,NY,Facebook - ASC - C06,160504,2546,1140.0,2984.43,Facebook,261.79210526315785,7.102626725813687,0.44776119402985076,1.58625330209839
2025-07-23,3858,1748,1741,284255.03,150056.99,134198.04,Asc,NY,Facebook - ASC - C07,118046,1668,1164.36,3364.97,Facebook,288.99738912363875,9.863612490046252,0.6980575539568344,1.413008488216458
2025-07-23,3858,1748,1741,284255.03,150056.99,134198.04,Asc,CA,Facebook - Prospecting - C08,227463,3580,3163.76,7893.26,Facebook,249.48984752320024,13.908899469364249,0.883731843575419,1.5738823457001796
2025-07-23,3858,1748,1741,284255.03,150056.99,134198.04,Prospecting,CA,Facebook - Prospecting - C09,242472,2863,1913.07,4215.84,Facebook,220.37039941037185,7.8898594476888055,0.6682046804051693,1.1807548912864165
2025-07-23,3858,1748,1741,284255.03,150056.99,134198.04,Prospecting,CA,Facebook - ASC - C10,296857,3779,3934.75,9502.77,Facebook,241.50886333312152,13.25469839013397,1.0412146070388992,1.2730035000016844
2025-07-23,3858,1748,1741,284255.03,150056.99,134198.04,Non-Branded Search,CA,Google - Display - C01,184217,7844,1941.47,6502.92,Google,334.94826085388905,10.539038199514701,0.24751019887812342,4.258021789519968
2025-07-23,3858,1748,1741,284255.03,150056.99,134198.04,Non-Branded Search,NY,Google - Non-Branded Search - C02,264523,11407,1010.39,3452.15,Google,341.6650996150002,3.8196678549691327,0.08857631279039187,4.312290424651165
2025-07-23,3858,1748,1741,284255.03,150056.99,134198.04,Non-Branded Search,CA,Google - Non-Branded Search - C03,146820,6233,1153.05,3555.53,Google,308.3587008369108,7.853494074376787,0.1849911759987165,4.245334423103119
2025-07-23,3858,1748,1741,284255.03,150056.99,134198.04,Non-Branded Search,NY,Google - Non-Branded Search - C04,144615,5912,1037.25,2936.25,Google,283.0802603036876,7.172492480033192,0.1754482408660352,4.088095978978668
2025-07-23,3858,1748,1741,284255.03,150056.99,134198.04,Non-Branded Search,CA,Google - Non-Branded Search - C05,171465,7554,1725.01,5381.46,Google,311.9668871484803,10.060420493978363,0.2283571617685994,4.405563817688741
2025-07-23,3858,1748,1741,284255.03,150056.99,134198.04,Display,CA,Google - Non-Branded Search - C06,141371,561,832.22,1460.51,Google,175.49566220470547,5.8867801741517,1.483458110516934,0.3968282038041749
2025-07-23,3858,1748,1741,284255.03,150056.99,134198.04,Non-Branded Search,CA,Google - Display - C07,271337,13258,1950.86,6618.23,Google,339.24679372174324,7.189804560380634,0.1471458741891688,4.8861747568521805
2025-07-23,3858,1748,1741,284255.03,150056.99,134198.04,Non-Branded Search,CA,Google - Display - C08,271875,11794,2419.82,8412.77,Google,347.6609830483259,8.90048735632184,0.20517381719518402,4.338022988505747
2025-07-23,3858,1748,1741,284255.03,150056.99,134198.04,Non-Branded Search,CA,Google - Display - C09,141500,5828,1087.44,3857.99,Google,354.7772750680497,7.685088339222615,0.1865888812628689,4.118727915194347
2025-07-23,3858,1748,1741,284255.03,150056.99,134198.04,Non-Branded Search,NY,Google - Non-Branded Search - C10,126359,5795,973.1,3420.12,Google,351.46644743602917,7.7010739242950645,0.16792062122519413,4.586139491448967
2025-07-23,3858,1748,1741,284255.03,150056.99,134198.04,Retargeting,CA,TikTok - Retargeting - C01,220154,3867,1865.2,6223.6,TikTok,333.669311601973,8.4722512423122,0.48233772950607706,1.7564977243202484
2025-07-23,3858,1748,1741,284255.03,150056.99,134198.04,Retargeting,CA,TikTok - Retargeting - C02,117530,1913,1348.71,3435.91,TikTok,254.7552846794344,11.475453075810432,0.7050235232618923,1.6276695311835276
2025-07-23,3858,1748,1741,284255.03,150056.99,134198.04,Spark Ads,CA,TikTok - Retargeting - C03,124178,1703,637.56,1535.54,TikTok,240.84635171591694,5.134242780524731,0.37437463300058715,1.3714184477121552
2025-07-23,3858,1748,1741,284255.03,150056.99,134198.04,Spark Ads,CA,TikTok - Spark Ads - C04,236138,2961,1717.57,3694.29,TikTok,215.08817690108702,7.273585784583591,0.580064167510976,1.2539277879883797
2025-07-23,3858,1748,1741,284255.03,150056.99,134198.04,Spark Ads,CA,TikTok - Spark Ads - C05,248888,3131,2164.99,4903.14,TikTok,226.4740252841815,8.69865160232715,0.691469179175982,1.2579955642698724
2025-07-23,3858,1748,1741,284255.03,150056.99,134198.04,Retargeting,CA,TikTok - Spark Ads - C06,79621,1209,482.08,1343.6,TikTok,278.70892797875865,6.054684065761545,0.3987427626137303,1.5184436266814032
2025-07-23,3858,1748,1741,284255.03,150056.99,134198.04,Retargeting,CA,TikTok - Retargeting - C07,111544,1961,478.46,1580.56,TikTok,330.3431843832295,4.289428387004231,0.2439877613462519,1.758050634727103
2025-07-23,3858,1748,1741,284255.03,150056.99,134198.04,Retargeting,CA,TikTok - Spark Ads - C08,198488,3253,1424.73,4230.96,TikTok,296.9657408772188,7.1779150376848975,0.4379741776821396,1.6388900084639877
2025-07-23,3858,1748,1741,284255.03,150056.99,134198.04,Retargeting,CA,TikTok - Spark Ads - C09,161221,2579,1659.31,5452.52,TikTok,328.60164767282794,10.292145564163476,0.6433927879022877,1.599667537107449
2025-07-23,3858,1748,1741,284255.03,150056.99,134198.04,Retargeting,CA,TikTok - Retargeting - C10,203255,3453,2419.24,6937.71,TikTok,286.77229212479955,11.902487023689453,0.7006197509412104,1.6988511967725273
2025-07-24,2103,696,709,214993.51,113319.63,101673.88,Asc,NY,Facebook - ASC - C01,228762,3265,1451.79,3747.95,Facebook,258.16061551601814,6.346290030686915,0.44465237366003063,1.4272475323698866
2025-07-24,2103,696,709,214993.51,113319.63,101673.88,Prospecting,NY,Facebook - Prospecting - C02,218813,2740,2122.7,5671.52,Facebook,267.1842464785415,9.700977547037882,0.7747080291970803,1.2522107918633718
2025-07-24,2103,696,709,214993.51,113319.63,101673.88,Prospecting,NY,Facebook - Prospecting - C03,128709,1595,1418.25,2985.25,Facebook,210.48827780715672,11.019042957368947,0.8891849529780564,1.2392295799050572
2025-07-24,2103,696,709,214993.51,113319.63,101673.88,Asc,CA,Facebook - Prospecting - C04,149574,2146,1778.56,5684.36,Facebook,319.6046239654552,11.890836642732026,0.8287791239515377,1.4347413320496878
2025-07-24,2103,696,709,214993.51,113319.63,101673.88,Prospecting,NY,Facebook - ASC - C05,138930,1506,1092.98,2210.28,Facebook,202.22510933411408,7.867127330310229,0.7257503320053121,1.0839991362556682
2025-07-24,2103,696,709,214993.51,113319.63,101673.88,Asc,NY,Facebook - ASC - C06,155392,2388,1789.55,5045.36,Facebook,281.93456455533516,11.516358628500823,0.749392797319933,1.5367586490939045
2025-07-24,2103,696,709,214993.51,113319.63,101673.88,Asc,NY,Facebook - ASC - C07,159981,2589,1743.89,4809.47,Facebook,275.7897573814862,10.900606947074966,0.6735766705291619,1.6183171751645509
2025-07-24,2103,696,709,214993.51,113319.63,101673.88,Asc,CA,Facebook - Prospecting - C08,74978,1115,586.12,1906.05,Facebook,325.1979116904388,7.817226386406679,0.5256681614349776,1.487102883512497
2025-07-24,2103,696,709,214993.51,113319.63,101673.88,Prospecting,CA,Facebook - Prospecting - C09,130464,1524,981.15,2210.14,Facebook,225.2601539010345,7.520465415746872,0.6437992125984252,1.1681383370125091
2025-07-24,2103,696,709,214993.51,113319.63,101673.88,Prospecting,CA,Facebook - ASC - C10,122749,1542,1085.73,2155.85,Facebook,198.56225765153397,8.845122974525252,0.7041050583657588,1.256222046615451
2025-07-24,2103,696,709,214993.51,113319.63,101673.88,Non-Branded Search,CA,Google - Display - C01,181029,8515,621.15,1936.09,Google,311.69443773645656,3.4312182026084215,0.07294773928361714,4.703666263416359
2025-07-24,2103,696,709,214993.51,113319.63,101673.88,Non-Branded Search,NY,Google - Non-Branded Search - C02,155106,6784,714.63,2337.33,Google,327.0685529574745,4.607365285675603,0.1053405070754717,4.373783090273748
2025-07-24,2103,696,709,214993.51,113319.63,101673.88,Non-Branded Search,CA,Google - Non-Branded Search - C03,283731,13483,2558.07,7889.99,Google,308.43526564949354,9.015828372648741,0.18972558036045392,4.752036259696685
2025-07-24,2103,696,709,214993.51,113319.63,101673.88,Non-Branded Search,NY,Google - Non-Branded Search - C04,127870,5410,906.58,2626.97,Google,289.76703655496476,7.089856885899742,0.16757486136783734,4.230859466645812
2025-07-24,2103,696,709,214993.51,113319.63,101673.88,Non-Branded Search,CA,Google - Non-Branded Search - C05,133529,6175,720.3,2113.22,Google,293.38053588782446,5.394333815126302,0.11664777327935222,4.624463599667488
2025-07-24,2103,696,709,214993.51,113319.63,101673.88,Display,CA,Google - Non-Branded Search - C06,108995,403,782.11,1342.43,Google,171.64209638030457,7.1756502591862015,1.9407196029776674,0.3697417312720767
2025-07-24,2103,696,709,214993.51,113319.63,101673.88,Non-Branded Search,CA,Google - Display - C07,188869,9040,1535.9,5134.03,Google,334.26850706426194,8.132091555522612,0.1699004424778761,4.7863863312666455
2025-07-24,2103,696,709,214993.51,113319.63,101673.88,Non-Branded Search,CA,Google - Display - C08,171107,7873,673.79,2429.66,Google,360.5960314044435,3.9378283763960558,0.08558237012574621,4.6012144447626335
2025-07-24,2103,696,709,214993.51,113319.63,101673.88,Non-Branded Search,CA,Google - Display - C09,120534,5360,946.54,3023.27,Google,319.4022439622203,7.852887981814259,0.17659328358208953,4.44687805930277
2025-07-24,2103,696,709,214993.51,113319.63,101673.88,Non-Branded Search,NY,Google - Non-Branded Search - C10,274172,12608,886.96,2796.61,Google,315.30283214575627,3.235049530951374,0.07034898477157361,4.5985731584552765
2025-07-24,2103,696,709,214993.51,113319.63,101673.88,Retargeting,CA,TikTok - Retargeting - C01,104054,1734,992.87,2706.71,TikTok,272.61474311843443,9.54187248928441,0.5725893886966551,1.6664424241259346
2025-07-24,2103,696,709,214993.51,113319.63,101673.88,Retargeting,CA,TikTok - Retargeting - C02,85787,1486,1023.42,2906.53,TikTok,284.0016806394247,11.929779570331169,0.688707940780619,1.732197186053831
2025-07-24,2103,696,709,214993.51,113319.63,101673.88,Spark Ads,CA,TikTok - Retargeting - C03,133238,1825,640.93,1708.82,TikTok,266.6156990623001,4.8104144463291245,0.3511945205479452,1.3697293564898902
2025-07-24,2103,696,709,214993.51,113319.63,101673.88,Spark Ads,CA,TikTok - Spark Ads - C04,186670,2563,1739.66,4388.78,TikTok,252.27803133945713,9.31944072427278,0.6787592664845884,1.3730111962286387
2025-07-24,2103,696,709,214993.51,113319.63,101673.88,Spark Ads,CA,TikTok - Spark Ads - C05,112825,1364,795.23,1759.85,TikTok,221.3007557561963,7.048349213383559,0.5830131964809384,1.208951916685132
2025-07-24,2103,696,709,214993.51,113319.63,101673.88,Retargeting,CA,TikTok - Spark Ads - C06,140637,2368,1022.1,2864.03,TikTok,280.210351237648,7.267646494165832,0.43163006756756755,1.6837674296237832
2025-07-24,2103,696,709,214993.51,113319.63,101673.88,Retargeting,CA,TikTok - Retargeting - C07,139182,2306,740.08,2139.91,TikTok,289.1457680250783,5.317354255579026,0.3209366869037294,1.6568234398126194
2025-07-24,2103,696,709,214993.51,113319.63,101673.88,Retargeting,CA,TikTok - Spark Ads - C08,130532,1926,980.52,2939.04,TikTok,299.74299351364584,7.511721263751418,0.5090965732087227,1.4755002604725278
2025-07-24,2103,696,709,214993.51,113319.63,101673.88,Retargeting,CA,TikTok - Spark Ads - C09,70128,1115,584.06,1853.46,TikTok,317.34068417628333,8.328485055897787,0.5238206278026906,1.5899498060689026
2025-07-24,2103,696,709,214993.51,113319.63,101673.88,Retargeting,CA,TikTok - Retargeting - C10,123635,2054,953.66,2657.6,TikTok,278.67374116561456,7.713511546083228,0.4642940603700097,1.6613418530351438
2025-07-25,2797,1123,1076,291251.97,174849.58,116402.39,Asc,NY,Facebook - ASC - C01,179362,2659,1640.77,4989.77,Facebook,304.11148424215463,9.14781280315786,0.6170628055660022,1.482476778804875
2025-07-25,2797,1123,1076,291251.97,174849.58,116402.39,Prospecting,NY,Facebook - Prospecting - C02,163429,2144,1875.31,4225.98,Facebook,225.34834240738863,11.47476885987187,0.8746781716417911,1.311884671631106
2025-07-25,2797,1123,1076,291251.97,174849.58,116402.39,Prospecting,NY,Facebook - Prospecting - C03,168163,2042,1851.93,4011.84,Facebook,216.63021820479176,11.0127079083984,0.9069196865817826,1.214298032266313
2025-07-25,2797,1123,1076,291251.97,174849.58,116402.39,Asc,CA,Facebook - Prospecting - C04,93585,1484,1315.28,3912.66,Facebook,297.4773432272976,14.054389058075547,0.8863072776280323,1.5857242079393066
2025-07-25,2797,1123,1076,291251.97,174849.58,116402.39,Prospecting,NY,Facebook - ASC - C05,138531,1667,1867.26,4937.45,Facebook,264.42220151451863,13.47900469930918,1.1201319736052788,1.2033407684922508
2025-07-25,2797,1123,1076,291251.97,174849.58,116402.39,Asc,NY,Facebook - ASC - C06,126319,1901,933.97,2631.25,Facebook,281.7274644795871,7.393741242410089,0.4913045765386639,1.5049200832812166
2025-07-25,2797,1123,1076,291251.97,174849.58,116402.39,Asc,NY,Facebook - ASC - C07,205555,3201,2498.97,7768.26,Facebook,310.8584736911608,12.157184208605969,0.780684161199625,1.5572474520201405
2025-07-25,2797,1123,1076,291251.97,174849.58,116402.39,Asc,CA,Facebook - Prospecting - C08,229389,3169,3093.11,7879.32,Facebook,254.7377881808277,13.484125219605126,0.9760523824550331,1.381496061275824
2025-07-25,2797,1123,1076,291251.97,174849.58,116402.39,Prospecting,CA,Facebook - Prospecting - C09,230977,3002,1644.9,4628.29,Facebook,281.3721198857073,7.12148828671253,0.5479347101932046,1.299696506578577
2025-07-25,2797,1123,1076,291251.97,174849.58,116402.39,Prospecting,CA,Facebook - ASC - C10,126126,1535,965.69,2400.26,Facebook,248.5538837515145,7.6565497994069425,0.629114006514658,1.2170369313226455
2025-07-25,2797,1123,1076,291251.97,174849.58,116402.39,Non-Branded Search,CA,Google - Display - C01,103693,4986,341.18,1241.21,Google,363.799167594818,3.290289604891362,0.06842759727236261,4.8084248695668945
2025-07-25,2797,1123,1076,291251.97,174849.58,116402.39,Non-Branded Search,NY,Google - Non-Branded Search - C02,115240,5204,383.5,1063.53,Google,277.32203389830505,3.327837556404026,0.07369331283627978,4.515793127386324
2025-07-25,2797,1123,1076,291251.97,174849.58,116402.39,Non-Branded Search,CA,Google - Non-Branded Search - C03,189424,8858,1172.9,4332.0,Google,369.34094978259014,6.191929216994679,0.1324113795439151,4.67628178055579
2025-07-25,2797,1123,1076,291251.97,174849.58,116402.39,Non-Branded Search,NY,Google - Non-Branded Search - C04,122007,5921,1308.64,3872.08,Google,295.8858051106492,10.725941954150173,0.22101672014862356,4.853000237691281
2025-07-25,2797,1123,1076,291251.97,174849.58,116402.39,Non-Branded Search,CA,Google - Non-Branded Search - C05,218226,9188,903.15,2676.8,Google,296.3848751591652,4.138599433614693,0.0982966913365259,4.210314078065858
2025-07-25,2797,1123,1076,291251.97,174849.58,116402.39,Display,CA,Google - Non-Branded Search - C06,160726,615,1466.89,2280.78,Google,155.4840512921896,9.126650324154152,2.3851869918699187,0.38263877655139805
2025-07-25,2797,1123,1076,291251.97,174849.58,116402.39,Non-Branded Search,CA,Google - Display - C07,222364,9101,1337.1,3941.56,Google,294.78423453743176,6.013113633501825,0.1469179211075706,4.092838768865463
2025-07-25,2797,1123,1076,291251.97,174849.58,116402.39,Non-Branded Search,CA,Google - Display - C08,162268,6725,852.19,2790.61,Google,327.46335911005764,5.251744028397466,0.1267197026022305,4.144378435674317
2025-07-25,2797,1123,1076,291251.97,174849.58,116402.39,Non-Branded Search,CA,Google - Display - C09,107417,4608,518.31,1784.66,Google,344.3228955644306,4.825213886070175,0.11248046874999999,4.289823770911495
2025-07-25,2797,1123,1076,291251.97,174849.58,116402.39,Non-Branded Search,NY,Google - Non-Branded Search - C10,83375,3910,760.07,2516.82,Google,331.1300274974673,9.116281859070467,0.1943913043478261,4.689655172413794
2025-07-25,2797,1123,1076,291251.97,174849.58,116402.39,Retargeting,CA,TikTok - Retargeting - C01,181881,3007,1744.61,5255.08,TikTok,301.2180372690745,9.592040949851825,0.58018290655138,1.6532787921773027
2025-07-25,2797,1123,1076,291251.97,174849.58,116402.39,Retargeting,CA,TikTok - Retargeting - C02,302796,4469,2920.08,9809.82,TikTok,335.9435357935399,9.643720524709705,0.6534079212351757,1.475911174520139
2025-07-25,2797,1123,1076,291251.97,174849.58,116402.39,Spark Ads,CA,TikTok - Retargeting - C03,116815,1631,1210.34,2966.93,TikTok,245.13194639522777,10.361169370371956,0.7420846106683016,1.3962247998972734
2025-07-25,2797,1123,1076,291251.97,174849.58,116402.39,Spark Ads,CA,TikTok - Spark Ads - C04,170464,2424,876.07,2287.76,TikTok,261.13895008389744,5.1393256054064205,0.3614150165016502,1.4220011263375258
2025-07-25,2797,1123,1076,291251.97,174849.58,116402.39,Spark Ads,CA,TikTok - Spark Ads - C05,87229,1131,371.66,880.43,TikTok,236.8912446860033,4.260738974423644,0.3286118479221928,1.2965871441837002
2025-07-25,2797,1123,1076,291251.97,174849.58,116402.39,Retargeting,CA,TikTok - Spark Ads - C06,79282,1174,839.6,2458.33,TikTok,292.79776083849447,10.590045659796674,0.7151618398637138,1.4807900910673293
2025-07-25,2797,1123,1076,291251.97,174849.58,116402.39,Retargeting,CA,TikTok - Retargeting - C07,130011,2202,1346.86,3890.5,TikTok,288.8570452756783,10.359584958195844,0.611653042688465,1.6937028405288785
2025-07-25,2797,1123,1076,291251.97,174849.58,116402.39,Retargeting,CA,TikTok - Spark Ads - C08,164854,2732,1642.97,5551.2,TikTok,337.87591982811614,9.96621252744853,0.6013799414348463,1.6572239678746041
2025-07-25,2797,1123,1076,291251.97,174849.58,116402.39,Retargeting,CA,TikTok - Spark Ads - C09,271383,4672,3095.21,8834.36,TikTok,285.4203753541763,11.40532015638415,0.6625021404109589,1.7215521974478873
2025-07-25,2797,1123,1076,291251.97,174849.58,116402.39,Retargeting,CA,TikTok - Retargeting - C10,92566,1522,594.38,1810.09,TikTok,304.53413641105016,6.421148153749757,0.3905256241787122,1.6442322234945879
2025-07-26,2812,946,945,280697.62,148965.29,131732.33,Asc,NY,Facebook - ASC - C01,133497,1810,1911.35,5005.31,Facebook,261.87302168624274,14.317550207120759,1.0559944751381214,1.3558357116639326
2025-07-26,2812,946,945,280697.62,148965.29,131732.33,Prospecting,NY,Facebook - Prospecting - C02,280613,3225,3924.26,8392.48,Facebook,213.8614668752835,13.984598005081732,1.2168248062015505,1.1492696346926194
2025-07-26,2812,946,945,280697.62,148965.29,131732.33,Prospecting,NY,Facebook - Prospecting - C03,105297,1242,894.9,1914.95,Facebook,213.98480277125938,8.498817630131912,0.7205314009661835,1.179520784067922
2025-07-26,2812,946,945,280697.62,148965.29,131732.33,Asc,CA,Facebook - Prospecting - C04,141780,2094,1046.92,3076.22,Facebook,293.8352500668627,7.384116236422627,0.4999617956064948,1.4769360981802793
2025-07-26,2812,946,945,280697.62,148965.29,131732.33,Prospecting,NY,Facebook - ASC - C05,137608,1782,1252.45,2938.29,Facebook,234.6033773803345,9.101578396604848,0.7028338945005612,1.294982849834312
2025-07-26,2812,946,945,280697.62,148965.29,131732.33,Asc,NY,Facebook - ASC - C06,183038,2856,1478.43,3556.93,Facebook,240.58832680613892,8.07717523137272,0.5176575630252102,1.560331734393951
2025-07-26,2812,946,945,280697.62,148965.29,131732.33,Asc,NY,Facebook - ASC - C07,136115,2141,1419.2,3939.47,Facebook,277.5838500563697,10.426477610843772,0.6628678187762728,1.5729346508467104
2025-07-26,2812,946,945,280697.62,148965.29,131732.33,Asc,CA,Facebook - Prospecting - C08,235447,3401,3167.44,9778.73,Facebook,308.7266057131311,13.45287899187503,0.9313260805645398,1.444486444932405
2025-07-26,2812,946,945,280697.62,148965.29,131732.33,Prospecting,CA,Facebook - Prospecting - C09,109417,1294,1103.5,2936.89,Facebook,266.1431807884005,10.085270113419304,0.8527820710973725,1.1826315837575514
2025-07-26,2812,946,945,280697.62,148965.29,131732.33,Prospecting,CA,Facebook - ASC - C10,79240,959,651.04,1657.14,Facebook,254.53735561563042,8.21605249873801,0.6788738269030239,1.2102473498233215
2025-07-26,2812,946,945,280697.62,148965.29,131732.33,Non-Branded Search,CA,Google - Display - C01,91560,4026,621.76,1726.39,Google,277.66179876479674,6.790738313674094,0.15443616492796822,4.3971166448230665
2025-07-26,2812,946,945,280697.62,148965.29,131732.33,Non-Branded Search,NY,Google - Non-Branded Search - C02,255763,12283,2561.33,8957.27,Google,349.7116732322661,10.01446651783096,0.20852641862737115,4.802492932910546
2025-07-26,2812,946,945,280697.62,148965.29,131732.33,Non-Branded Search,CA,Google - Non-Branded Search - C03,113826,5204,718.54,2727.6,Google,379.60308403150833,6.312617503909475,0.13807455803228286,4.571890429251665
2025-07-26,2812,946,945,280697.62,148965.29,131732.33,Non-Branded Search,NY,Google - Non-Branded Search - C04,380931,15863,1139.89,3883.91,Google,340.726736790392,2.992379197282448,0.07185841265838745,4.164271219722207
2025-07-26,2812,946,945,280697.62,148965.29,131732.33,Non-Branded Search,CA,Google - Non-Branded Search - C05,180311,8041,637.03,1819.74,Google,285.66001601180477,3.5329514006355685,0.07922273349085934,4.4595171675604925
2025-07-26,2812,946,945,280697.62,148965.29,131732.33,Display,CA,Google - Non-Branded Search - C06,144991,565,745.99,1283.96,Google,172.11490770653762,5.14507797035678,1.3203362831858407,0.389679359408515
2025-07-26,2812,946,945,280697.62,148965.29,131732.33,Non-Branded Search,CA,Google - Display - C07,215761,8764,1493.0,4457.63,Google,298.5686537173476,6.919693549807426,0.1703560018256504,4.06190182655809
2025-07-26,2812,946,945,280697.62,148965.29,131732.33,Non-Branded Search,CA,Google - Display - C08,185492,7714,1622.14,5602.63,Google,345.3851085602969,8.745067172708257,0.21028519574799068,4.158669915683695
2025-07-26,2812,946,945,280697.62,148965.29,131732.33,Non-Branded Search,CA,Google - Display - C09,200250,9596,698.01,2162.86,Google,309.86089024512546,3.485692883895131,0.0727396832013339,4.7920099875156055
2025-07-26,2812,946,945,280697.62,148965.29,131732.33,Non-Branded Search,NY,Google - Non-Branded Search - C10,394076,16647,3580.42,10991.05,Google,306.97655582305987,9.085607852292451,0.21507899321199014,4.224312061632782
2025-07-26,2812,946,945,280697.62,148965.29,131732.33,Retargeting,CA,TikTok - Retargeting - C01,165841,2603,1492.86,4433.86,TikTok,297.00440764706667,9.001754692747872,0.5735151747983096,1.569575677908358
2025-07-26,2812,946,945,280697.62,148965.29,131732.33,Retargeting,CA,TikTok - Retargeting - C02,114134,1920,986.88,3405.08,TikTok,345.0348573281452,8.646678465663168,0.514,1.682233164525908
2025-07-26,2812,946,945,280697.62,148965.29,131732.33,Spark Ads,CA,TikTok - Retargeting - C03,189742,2260,1325.53,3006.7,TikTok,226.83002270789797,6.985959882366582,0.5865176991150443,1.191091060492669
2025-07-26,2812,946,945,280697.62,148965.29,131732.33,Spark Ads,CA,TikTok - Spark Ads - C04,102376,1357,875.44,1857.23,TikTok,212.1481769167504,8.551222942877237,0.6451289609432572,1.3255059779635852
2025-07-26,2812,946,945,280697.62,148965.29,131732.33,Spark Ads,CA,TikTok - Spark Ads - C05,173555,2206,837.52,1911.96,TikTok,228.28827968287325,4.825674858114143,0.3796554850407978,1.2710668087926018
2025-07-26,2812,946,945,280697.62,148965.29,131732.33,Retargeting,CA,TikTok - Spark Ads - C06,101008,1480,854.39,2423.19,TikTok,283.6163812778708,8.458636939648343,0.5772905405405405,1.4652304767939173
2025-07-26,2812,946,945,280697.62,148965.29,131732.33,Retargeting,CA,TikTok - Retargeting - C07,198867,3330,1416.72,5025.24,TikTok,354.7094697611384,7.123957217637919,0.42544144144144147,1.6744859629802833
2025-07-26,2812,946,945,280697.62,148965.29,131732.33,Retargeting,CA,TikTok - Spark Ads - C08,190208,3186,764.71,2123.15,TikTok,277.6411973166298,4.020388206594886,0.24002197112366605,1.6750084118438762
2025-07-26,2812,946,945,280697.62,148965.29,131732.33,Retargeting,CA,TikTok - Spark Ads - C09,201858,3048,2427.46,6841.77,TikTok,281.8489285096356,12.025582340060835,0.7964107611548557,1.509972356805279
2025-07-26,2812,946,945,280697.62,148965.29,131732.33,Retargeting,CA,TikTok - Retargeting - C10,118059,1797,819.27,2884.18,TikTok,352.0426721349494,6.939496353518156,0.45590984974958265,1.5221202957843112
2025-07-27,2377,815,799,224499.08,117565.4,106933.68,Asc,NY,Facebook - ASC - C01,161395,2499,2074.76,4724.8,Facebook,227.7275443906765,12.855168995322037,0.8302360944377752,1.5483751045571423
2025-07-27,2377,815,799,224499.08,117565.4,106933.68,Prospecting,NY,Facebook - Prospecting - C02,166662,2170,1930.07,4210.88,Facebook,218.17239789230442,11.580744260839303,0.8894331797235022,1.3020364570207965
2025-07-27,2377,815,799,224499.08,117565.4,106933.68,Prospecting,NY,Facebook - Prospecting - C03,104793,1233,1412.47,2940.88,Facebook,208.20831592883388,13.478667468246925,1.1455555555555557,1.176605307606424
2025-07-27,2377,815,799,224499.08,117565.4,106933.68,Asc,CA,Facebook - Prospecting - C04,148656,2398,1201.65,3491.72,Facebook,290.57712312237334,8.083427510494028,0.5011050875729776,1.6131202238725648
2025-07-27,2377,815,799,224499.08,117565.4,106933.68,Prospecting,NY,Facebook - ASC - C05,114492,1500,719.82,1894.4,Facebook,263.1769053374455,6.2870768263284775,0.47988000000000003,1.3101352059532545
2025-07-27,2377,815,799,224499.08,117565.4,106933.68,Asc,NY,Facebook - ASC - C06,176924,2609,2029.87,6283.68,Facebook,309.56071078443455,11.473118401121384,0.7780260636259103,1.4746444801157559
2025-07-27,2377,815,799,224499.08,117565.4,106933.68,Asc,NY,Facebook - ASC - C07,183160,2499,1201.11,3435.1,Facebook,285.9937890784358,6.557709106791876,0.4806362545018007,1.3643808691854116
2025-07-27,2377,815,799,224499.08,117565.4,106933.68,Asc,CA,Facebook - Prospecting - C08,205376,3343,1559.47,4657.2,Facebook,298.63992253778525,7.593243611717046,0.46648818426562966,1.6277461826114055
2025-07-27,2377,815,799,224499.08,117565.4,106933.68,Prospecting,CA,Facebook - Prospecting - C09,196311,2309,1875.66,4734.71,Facebook,252.42901165456425,9.55453336797225,0.8123256821134691,1.176194915211068
2025-07-27,2377,815,799,224499.08,117565.4,106933.68,Prospecting,CA,Facebook - ASC - C10,108324,1269,1114.93,2410.27,Facebook,216.18128492371716,10.292548281082679,0.8785894405043342,1.1714855433698903
2025-07-27,2377,815,799,224499.08,117565.4,106933.68,Non-Branded Search,CA,Google - Display - C01,122843,5641,491.6,1469.35,Google,298.8913751017087,4.001856027612481,0.08714766885304025,4.592040246493491
2025-07-27,2377,815,799,224499.08,117565.4,106933.68,Non-Branded Search,NY,Google - Non-Branded Search - C02,364303,17967,3017.18,9147.59,Google,303.18343618875906,8.282061910003486,0.16792898090944508,4.9318836243456685
2025-07-27,2377,815,799,224499.08,117565.4,106933.68,Non-Branded Search,CA,Google - Non-Branded Search - C03,164432,7975,755.93,2530.45,Google,334.7466035214901,4.597219519314975,0.09478746081504702,4.850029191398268
2025-07-27,2377,815,799,224499.08,117565.4,106933.68,Non-Branded Search,NY,Google - Non-Branded Search - C04,402821,18850,2301.66,7339.27,Google,318.86855573803257,5.713853051355317,0.12210397877984085,4.679497841473012
2025-07-27,2377,815,799,224499.08,117565.4,106933.68,Non-Branded Search,CA,Google - Non-Branded Search - C05,128344,5606,1216.62,4273.71,Google,351.27730926665686,9.479367948638036,0.21702104887620405,4.36794863803528
2025-07-27,2377,815,799,224499.08,117565.4,106933.68,Display,CA,Google - Non-Branded Search - C06,246528,1025,1256.68,2027.33,Google,161.32428303147975,5.097514278296988,1.226029268292683,0.4157742731048806
2025-07-27,2377,815,799,224499.08,117565.4,106933.68,Non-Branded Search,CA,Google - Display - C07,174873,8120,1250.74,3984.26,Google,318.5522170874842,7.15227622331635,0.1540320197044335,4.643369759768517
2025-07-27,2377,815,799,224499.08,117565.4,106933.68,Non-Branded Search,CA,Google - Display - C08,141645,6922,717.78,2405.28,Google,335.0998913316058,5.067457375833951,0.10369546373880381,4.886865049948816
2025-07-27,2377,815,799,224499.08,117565.4,106933.68,Non-Branded Search,CA,Google - Display - C09,322218,14566,3303.79,9821.42,Google,297.27736932432146,10.253275732578565,0.2268151860497048,4.5205419933088775
2025-07-27,2377,815,799,224499.08,117565.4,106933.68,Non-Branded Search,NY,Google - Non-Branded Search - C10,136159,5934,491.56,1592.72,Google,324.013345268126,3.6101910266673523,0.08283788338388945,4.358140115600144
2025-07-27,2377,815,799,224499.08,117565.4,106933.68,Retargeting,CA,TikTok - Retargeting - C01,190371,3002,1450.52,4510.25,TikTok,310.94021454374985,7.619437834544127,0.48318454363757496,1.5769208545419207
2025-07-27,2377,815,799,224499.08,117565.4,106933.68,Retargeting,CA,TikTok - Retargeting - C02,94983,1582,1092.36,3316.79,TikTok,303.635248452891,11.500584315087963,0.6904930467762326,1.665561205689439
2025-07-27,2377,815,799,224499.08,117565.4,106933.68,Spark Ads,CA,TikTok - Retargeting - C03,205333,2514,2280.87,5608.51,TikTok,245.89345293681797,11.108151149596022,0.9072673031026253,1.2243526369360989
2025-07-27,2377,815,799,224499.08,117565.4,106933.68,Spark Ads,CA,TikTok - Spark Ads - C04,165665,2121,2029.61,5230.49,TikTok,257.7091165297766,12.251290254429119,0.9569118340405469,1.2802945703679112
2025-07-27,2377,815,799,224499.08,117565.4,106933.68,Spark Ads,CA,TikTok - Spark Ads - C05,283148,3590,1503.76,3148.66,TikTok,209.3858062456775,5.310862163956658,0.418874651810585,1.2678881715569241
2025-07-27,2377,815,799,224499.08,117565.4,106933.68,Retargeting,CA,TikTok - Spark Ads - C06,143329,2488,1043.06,2906.63,TikTok,278.66373938220244,7.277382804596418,0.4192363344051447,1.7358664331712355
2025-07-27,2377,815,799,224499.08,117565.4,106933.68,Retargeting,CA,TikTok - Retargeting - C07,101063,1549,833.53,2820.29,TikTok,338.35494823221717,8.247627717364416,0.5381084570690768,1.5327073211759001
2025-07-27,2377,815,799,224499.08,117565.4,106933.68,Retargeting,CA,TikTok - Spark Ads - C08,135825,2153,1284.78,4479.12,TikTok,348.6293373184514,9.459083379348426,0.5967394333488156,1.5851279219584025
2025-07-27,2377,815,799,224499.08,117565.4,106933.68,Retargeting,CA,TikTok - Spark Ads - C09,130555,1917,1483.65,4755.85,TikTok,320.55066895831226,11.364176017770289,0.7739436619718311,1.4683466738156332
2025-07-27,2377,815,799,224499.08,117565.4,106933.68,Retargeting,CA,TikTok - Retargeting - C10,116527,1942,1054.64,2678.08,TikTok,253.9330956534931,9.050606297252997,0.5430690010298662,1.6665665468088942
2025-07-28,2561,1095,1045,204053.06,108272.37,95780.69,Asc,NY,Facebook - ASC - C01,261169,4082,3475.86,9407.92,Facebook,270.6645261892021,13.308853654147315,0.8515090641842235,1.5629726345776105
2025-07-28,2561,1095,1045,204053.06,108272.37,95780.69,Prospecting,NY,Facebook - Prospecting - C02,78738,992,989.61,2361.15,Facebook,238.59399157243763,12.568391373923646,0.9975907258064516,1.2598745205618636
2025-07-28,2561,1095,1045,204053.06,108272.37,95780.69,Prospecting,NY,Facebook - Prospecting - C03,118774,1458,1006.17,2492.77,Facebook,247.74839241877618,8.471298432316837,0.6901028806584362,1.227541381110344
2025-07-28,2561,1095,1045,204053.06,108272.37,95780.69,Asc,CA,Facebook - Prospecting - C04,173931,2595,950.82,2502.12,Facebook,263.15390925727263,5.466650568328821,0.3664046242774567,1.4919709539989996
2025-07-28,2561,1095,1045,204053.06,108272.37,95780.69,Prospecting,NY,Facebook - ASC - C05,141132,1733,1465.08,3767.27,Facebook,257.13749419826905,10.380919989796785,0.845401038661281,1.2279284641328685
2025-07-28,2561,1095,1045,204053.06,108272.37,95780.69,Asc,NY,Facebook - ASC - C06,82907,1265,993.46,3219.6,Facebook,324.0794797978781,11.982824128240075,0.7853438735177866,1.5258060236168236
2025-07-28,2561,1095,1045,204053.06,108272.37,95780.69,Asc,NY,Facebook - ASC - C07,116727,1890,1080.84,3409.63,Facebook,315.4611228303912,9.259554344753141,0.5718730158730159,1.6191626615950039
2025-07-28,2561,1095,1045,204053.06,108272.37,95780.69,Asc,CA,Facebook - Prospecting - C08,212793,2952,1435.15,4689.31,Facebook,326.74702992718534,6.74434779339546,0.4861619241192412,1.3872636787864263
2025-07-28,2561,1095,1045,204053.06,108272.37,95780.69,Prospecting,CA,Facebook - Prospecting - C09,221424,2855,2290.09,6156.43,Facebook,268.8291726526032,10.34255545920948,0.8021330998248687,1.2893814581978467
2025-07-28,2561,1095,1045,204053.06,108272.37,95780.69,Prospecting,CA,Facebook - ASC - C10,109331,1183,732.17,1895.56,Facebook,258.89615799609385,6.696819749201964,0.618909551986475,1.0820352873384493
2025-07-28,2561,1095,1045,204053.06,108272.37,95780.69,Non-Branded Search,CA,Google - Display - C01,180246,8905,883.22,3099.69,Google,350.95332986118973,4.90008100041055,0.09918248175182483,4.940470246219056
2025-07-28,2561,1095,1045,204053.06,108272.37,95780.69,Non-Branded Search,NY,Google - Non-Branded Search - C02,127683,5792,1067.82,3029.2,Google,283.68077016725664,8.36305537933789,0.18436118784530386,4.536234267678547
2025-07-28,2561,1095,1045,204053.06,108272.37,95780.69,Non-Branded Search,CA,Google - Non-Branded Search - C03,116985,4744,767.74,2657.14,Google,346.09893974522623,6.562721716459375,0.16183389544688026,4.055220754797624
2025-07-28,2561,1095,1045,204053.06,108272.37,95780.69,Non-Branded Search,NY,Google - Non-Branded Search - C04,371927,16063,1837.2,5967.35,Google,324.8067711735249,4.93967902303409,0.11437464981634814,4.318858270574602
2025-07-28,2561,1095,1045,204053.06,108272.37,95780.69,Non-Branded Search,CA,Google - Non-Branded Search - C05,294806,13698,1577.48,5135.52,Google,325.55214646144486,5.350908733200817,0.11516133742152139,4.646445459047645
2025-07-28,2561,1095,1045,204053.06,108272.37,95780.69,Display,CA,Google - Non-Branded Search - C06,120345,520,392.65,684.19,Google,174.24933146568193,3.2627030620299973,0.7550961538461538,0.4320910715027629
2025-07-28,2561,1095,1045,204053.06,108272.37,95780.69,Non-Branded Search,CA,Google - Display - C07,140068,6456,640.01,1955.17,Google,305.49053921032487,4.5692806351200845,0.09913413878562577,4.609189822086416
2025-07-28,2561,1095,1045,204053.06,108272.37,95780.69,Non-Branded Search,CA,Google - Display - C08,153051,6625,1052.62,3481.23,Google,330.7204879253672,6.8775767554605975,0.15888603773584903,4.3286224853153525
2025-07-28,2561,1095,1045,204053.06,108272.37,95780.69,Non-Branded Search,CA,Google - Display - C09,291610,12281,1083.5,4080.2,Google,376.5759113982464,3.7155790267823465,0.0882257145183617,4.2114467953773875
2025-07-28,2561,1095,1045,204053.06,108272.37,95780.69,Non-Branded Search,NY,Google - Non-Branded Search - C10,129607,5886,1032.29,3798.57,Google,367.9750845208227,7.964770421350699,0.17538056405028882,4.541421373845549
2025-07-28,2561,1095,1045,204053.06,108272.37,95780.69,Retargeting,CA,TikTok - Retargeting - C01,121974,2054,1417.21,4474.05,TikTok,315.6942161006485,11.618951579844884,0.6899756572541382,1.683965435256694
2025-07-28,2561,1095,1045,204053.06,108272.37,95780.69,Retargeting,CA,TikTok - Retargeting - C02,195259,3195,2091.58,7239.1,TikTok,346.1067709578405,10.711823782770576,0.654641627543036,1.6362882120670492
2025-07-28,2561,1095,1045,204053.06,108272.37,95780.69,Spark Ads,CA,TikTok - Retargeting - C03,70769,949,288.1,784.26,TikTok,272.21797986810134,4.070991535841965,0.30358271865121184,1.3409826336390227
2025-07-28,2561,1095,1045,204053.06,108272.37,95780.69,Spark Ads,CA,TikTok - Spark Ads - C04,156326,1834,1835.62,4014.63,TikTok,218.70703086695505,11.742256566406098,1.0008833151581242,1.173189360694958
2025-07-28,2561,1095,1045,204053.06,108272.37,95780.69,Spark Ads,CA,TikTok - Spark Ads - C05,124077,1520,832.0,2088.1,TikTok,250.97355769230768,6.705513511770916,0.5473684210526316,1.225045737727379
2025-07-28,2561,1095,1045,204053.06,108272.37,95780.69,Retargeting,CA,TikTok - Spark Ads - C06,91788,1401,607.4,2018.43,TikTok,332.3065525189332,6.61742275678738,0.43354746609564593,1.526343312851353
2025-07-28,2561,1095,1045,204053.06,108272.37,95780.69,Retargeting,CA,TikTok - Retargeting - C07,176329,3062,1262.28,4411.31,TikTok,349.47159108914036,7.158663634456045,0.4122403657740039,1.7365266065139595
2025-07-28,2561,1095,1045,204053.06,108272.37,95780.69,Retargeting,CA,TikTok - Spark Ads - C08,205140,3309,1966.61,5168.05,TikTok,262.7897752986103,9.586672516330312,0.5943215472952553,1.6130447499268792
2025-07-28,2561,1095,1045,204053.06,108272.37,95780.69,Retargeting,CA,TikTok - Spark Ads - C09,243027,3712,1542.11,4808.56,TikTok,311.81692615961254,6.345426639838372,0.4154391163793103,1.5274023050936727
2025-07-28,2561,1095,1045,204053.06,108272.37,95780.69,Retargeting,CA,TikTok - Retargeting - C10,122553,2054,1033.61,2966.53,TikTok,287.00670465649523,8.433983664210585,0.5032181110029211,1.676009563209387
2025-07-29,3260,1035,993,254314.45,147428.24,106886.21,Asc,NY,Facebook - ASC - C01,211538,3004,2391.51,6092.28,Facebook,254.74616455712078,11.305344666206546,0.7961085219707058,1.420075825619983
2025-07-29,3260,1035,993,254314.45,147428.24,106886.21,Prospecting,NY,Facebook - Prospecting - C02,123683,1549,1595.46,4332.61,Facebook,271.55867273388236,12.899590081094411,1.029993544222079,1.2523952362086948
2025-07-29,3260,1035,993,254314.45,147428.24,106886.21,Prospecting,NY,Facebook - Prospecting - C03,130658,1647,844.99,2228.97,Facebook,263.78655368702584,6.4671891503007854,0.5130479659987857,1.2605427911034914
2025-07-29,3260,1035,993,254314.45,147428.24,106886.21,Asc,CA,Facebook - Prospecting - C04,175670,2385,1599.33,4056.99,Facebook,253.66809851625368,9.10417259634542,0.6705786163522012,1.3576592474526101
2025-07-29,3260,1035,993,254314.45,147428.24,106886.21,Prospecting,NY,Facebook - ASC - C05,129995,1604,1636.67,3534.57,Facebook,215.96106728906867,12.590253471287356,1.0203678304239403,1.233893611292742
2025-07-29,3260,1035,993,254314.45,147428.24,106886.21,Asc,NY,Facebook - ASC - C06,179613,2949,1864.64,4661.9,Facebook,250.01608889651615,10.381431188165667,0.6322956934554086,1.641863339513287
2025-07-29,3260,1035,993,254314.45,147428.24,106886.21,Asc,NY,Facebook - ASC - C07,109643,1762,1230.79,3418.63,Facebook,277.7590003168697,11.225431628102113,0.6985187287173666,1.6070337367638607
2025-07-29,3260,1035,993,254314.45,147428.24,106886.21,Asc,CA,Facebook - Prospecting - C08,258873,3776,2576.34,7797.87,Facebook,302.67239572416685,9.95213869349063,0.6822934322033899,1.4586302936188786
2025-07-29,3260,1035,993,254314.45,147428.24,106886.21,Prospecting,CA,Facebook - Prospecting - C09,199566,2173,2366.52,6261.16,Facebook,264.5724523773304,11.858332581702292,1.089056603773585,1.0888628323461913
2025-07-29,3260,1035,993,254314.45,147428.24,106886.21,Prospecting,CA,Facebook - ASC - C10,138364,1509,1598.25,3428.89,Facebook,214.54027842953226,11.55105374230291,1.059145129224652,1.0906016015726634
2025-07-29,3260,1035,993,254314.45,147428.24,106886.21,Non-Branded Search,CA,Google - Display - C01,94784,4196,561.07,1541.41,Google,274.7268611759673,5.919458980418637,0.13371544327931364,4.426907494935854
2025-07-29,3260,1035,993,254314.45,147428.24,106886.21,Non-Branded Search,NY,Google - Non-Branded Search - C02,182494,8709,951.14,3266.38,Google,343.41737283680635,5.211897377448026,0.10921345734297852,4.772211689151424
2025-07-29,3260,1035,993,254314.45,147428.24,106886.21,Non-Branded Search,CA,Google - Non-Branded Search - C03,178194,7876,1180.5,3840.1,Google,325.29436679373146,6.624802181891646,0.14988572879634332,4.419901904665702
2025-07-29,3260,1035,993,254314.45,147428.24,106886.21,Non-Branded Search,NY,Google - Non-Branded Search - C04,315138,13206,1500.07,5157.41,Google,343.8112888065224,4.760041632554627,0.11359003483265181,4.190545094530015
2025-07-29,3260,1035,993,254314.45,147428.24,106886.21,Non-Branded Search,CA,Google - Non-Branded Search - C05,381046,15811,1894.48,5422.75,Google,286.23949579831935,4.971788183054014,0.11982037821769655,4.149367792864903
2025-07-29,3260,1035,993,254314.45,147428.24,106886.21,Display,CA,Google - Non-Branded Search - C06,267226,1110,1505.78,2593.66,Google,172.2469417843244,5.634855889771205,1.3565585585585584,0.4153787430863763
2025-07-29,3260,1035,993,254314.45,147428.24,106886.21,Non-Branded Search,CA,Google - Display - C07,256714,10941,910.56,3412.87,Google,374.81000702864173,3.546982244832771,0.08322456813819577,4.26194130433089
2025-07-29,3260,1035,993,254314.45,147428.24,106886.21,Non-Branded Search,CA,Google - Display - C08,346223,15173,1681.8,4577.22,Google,272.1619693185873,4.857562900211714,0.11084162657351875,4.382435597866116
2025-07-29,3260,1035,993,254314.45,147428.24,106886.21,Non-Branded Search,CA,Google - Display - C09,207231,9501,749.78,2445.38,Google,326.14633625863587,3.618088027370422,0.07891590358909588,4.584738769778653
2025-07-29,3260,1035,993,254314.45,147428.24,106886.21,Non-Branded Search,NY,Google - Non-Branded Search - C10,323846,14354,2841.04,9196.85,Google,323.7142032495143,8.77281176855666,0.19792671032464818,4.43235364957418
2025-07-29,3260,1035,993,254314.45,147428.24,106886.21,Retargeting,CA,TikTok - Retargeting - C01,181120,2902,1968.49,6102.44,TikTok,310.0061468435196,10.868429770318022,0.6783218470020675,1.6022526501766783
2025-07-29,3260,1035,993,254314.45,147428.24,106886.21,Retargeting,CA,TikTok - Retargeting - C02,191441,3294,1686.1,5046.31,TikTok,299.28889152482066,8.807413250035259,0.5118700667880995,1.7206345558161522
2025-07-29,3260,1035,993,254314.45,147428.24,106886.21,Spark Ads,CA,TikTok - Retargeting - C03,162110,1905,1499.02,3477.7,TikTok,231.99823884938158,9.246931096169266,0.7868871391076115,1.1751279995065078
2025-07-29,3260,1035,993,254314.45,147428.24,106886.21,Spark Ads,CA,TikTok - Spark Ads - C04,123159,1495,832.94,2077.5,TikTok,249.41772516627844,6.763127339455501,0.5571505016722409,1.2138779951120096
2025-07-29,3260,1035,993,254314.45,147428.24,106886.21,Spark Ads,CA,TikTok - Spark Ads - C05,143124,1806,1598.47,4397.17,TikTok,275.08617615594915,11.168427377658535,0.8850885935769657,1.2618428775048212
2025-07-29,3260,1035,993,254314.45,147428.24,106886.21,Retargeting,CA,TikTok - Spark Ads - C06,90838,1337,693.62,2139.62,TikTok,308.47149736166773,7.635791188709571,0.5187883320867615,1.4718509874722032
2025-07-29,3260,1035,993,254314.45,147428.24,106886.21,Retargeting,CA,TikTok - Retargeting - C07,105163,1792,1135.56,3483.73,TikTok,306.7851984923738,10.798094386809048,0.6336830357142856,1.7040213763395873
2025-07-29,3260,1035,993,254314.45,147428.24,106886.21,Retargeting,CA,TikTok - Spark Ads - C08,92228,1334,359.73,1257.84,TikTok,349.6622466850137,3.9004423819230607,0.2696626686656672,1.446415405299909
2025-07-29,3260,1035,993,254314.45,147428.24,106886.21,Retargeting,CA,TikTok - Spark Ads - C09,124957,2070,1183.08,2981.51,TikTok,252.01254353044598,9.467896956553053,0.5715362318840579,1.656569860031851
2025-07-29,3260,1035,993,254314.45,147428.24,106886.21,Retargeting,CA,TikTok - Retargeting - C10,148022,2493,1810.75,5325.99,TikTok,294.1317133784343,12.232978881517612,0.7263337344564781,1.6842091040521003
2025-07-30,4266,1440,1451,343570.79,201524.77,142046.02,Asc,NY,Facebook - ASC - C01,257560,3662,2907.33,7975.97,Facebook,274.34003019953013,11.28797173474142,0.7939186237028946,1.4218046280478336
2025-07-30,4266,1440,1451,343570.79,201524.77,142046.02,Prospecting,NY,Facebook - Prospecting - C02,119070,1381,1522.25,4303.36,Facebook,282.6973230415503,12.784496514655245,1.1022809558291093,1.159821953472747
2025-07-30,4266,1440,1451,343570.79,201524.77,142046.02,Prospecting,NY,Facebook - Prospecting - C03,99342,1152,997.13,2294.52,Facebook,230.11242265301414,10.037345734935878,0.8655642361111111,1.1596303678202573
2025-07-30,4266,1440,1451,343570.79,201524.77,142046.02,Asc,CA,Facebook - Prospecting - C04,265366,4177,3089.7,9440.89,Facebook,305.56008673981296,11.643164535019558,0.7396935599712712,1.574052440779904
2025-07-30,4266,1440,1451,343570.79,201524.77,142046.02,Prospecting,NY,Facebook - ASC - C05,76829,910,882.79,1795.5,Facebook,203.38925452259312,11.490322664618828,0.9700989010989011,1.1844485806140912
2025-07-30,4266,1440,1451,343570.79,201524.77,142046.02,Asc,NY,Facebook - ASC - C06,215482,3531,2878.92,7174.54,Facebook,249.20942575688105,13.360373488272803,0.8153271028037383,1.6386519523672511
2025-07-30,4266,1440,1451,343570.79,201524.77,142046.02,Asc,NY,Facebook - ASC - C07,260252,4270,2662.0,8134.31,Facebook,305.5713749060857,10.228547715291333,0.6234192037470726,1.6407174584633355
2025-07-30,4266,1440,1451,343570.79,201524.77,142046.02,Asc,CA,Facebook - Prospecting - C08,331488,5361,2501.59,6790.64,Facebook,271.45295592003487,7.546547688000772,0.46662749487036004,1.6172531132348682
2025-07-30,4266,1440,1451,343570.79,201524.77,142046.02,Prospecting,CA,Facebook - Prospecting - C09,128876,1690,1261.21,2825.21,Facebook,224.00789717810673,9.786228622862287,0.7462781065088757,1.3113380303547595
2025-07-30,4266,1440,1451,343570.79,201524.77,142046.02,Prospecting,CA,Facebook - ASC - C10,149653,1679,1328.73,2820.49,Facebook,212.26961083139537,8.878739484006335,0.7913817748659917,1.1219287284585007
2025-07-30,4266,1440,1451,343570.79,201524.77,142046.02,Non-Branded Search,CA,Google - Display - C01,144240,5843,684.75,2428.4,Google,354.64037970062066,4.7472961730449255,0.11719151120999487,4.050887409872435
2025-07-30,4266,1440,1451,343570.79,201524.77,142046.02,Non-Branded Search,NY,Google - Non-Branded Search - C02,240512,9976,1498.88,4975.27,Google,331.93250960717336,6.232038318254391,0.15024859663191661,4.147817988291645
2025-07-30,4266,1440,1451,343570.79,201524.77,142046.02,Non-Branded Search,CA,Google - Non-Branded Search - C03,368328,16485,1697.05,5380.61,Google,317.05665714033177,4.607442279707217,0.10294510160752199,4.47563041636802
2025-07-30,4266,1440,1451,343570.79,201524.77,142046.02,Non-Branded Search,NY,Google - Non-Branded Search - C04,419827,17290,2202.62,7166.89,Google,325.3802290000091,5.2464943893556155,0.12739271255060727,4.118363040014101
2025-07-30,4266,1440,1451,343570.79,201524.77,142046.02,Non-Branded Search,CA,Google - Non-Branded Search - C05,240645,11062,2251.13,7724.04,Google,343.11834500895105,9.35456793201604,0.2035011751943591,4.596812732448212
2025-07-30,4266,1440,1451,343570.79,201524.77,142046.02,Display,CA,Google - Non-Branded Search - C06,440579,1676,3471.27,4965.05,Google,143.03266527812588,7.878882107408661,2.0711634844868736,0.38040850789529235
2025-07-30,4266,1440,1451,343570.79,201524.77,142046.02,Non-Branded Search,CA,Google - Display - C07,120986,5126,950.16,2657.61,Google,279.7013134629957,7.853470649496637,0.18536090518923137,4.236853850858777
2025-07-30,4266,1440,1451,343570.79,201524.77,142046.02,Non-Branded Search,CA,Google - Display - C08,334976,15034,1445.24,4747.41,Google,328.48592621294733,4.314458349254871,0.09613143541306372,4.488082728314864
2025-07-30,4266,1440,1451,343570.79,201524.77,142046.02,Non-Branded Search,CA,Google - Display - C09,363839,16275,1627.59,5388.76,Google,331.0882961925301,4.473379709157072,0.10000552995391705,4.473132346999634
2025-07-30,4266,1440,1451,343570.79,201524.77,142046.02,Non-Branded Search,NY,Google - Non-Branded Search - C10,113495,4736,404.54,1189.66,Google,294.077223513126,3.564386096303802,0.08541807432432433,4.172871051588175
2025-07-30,4266,1440,1451,343570.79,201524.77,142046.02,Retargeting,CA,TikTok - Retargeting - C01,230988,3671,1934.41,6709.4,TikTok,346.8447743756494,8.374504303253849,0.5269436120947971,1.589260048141029
2025-07-30,4266,1440,1451,343570.79,201524.77,142046.02,Retargeting,CA,TikTok - Retargeting - C02,105803,1690,828.55,2231.8,TikTok,269.3621386760003,7.831063391397219,0.4902662721893491,1.5973082048713176
2025-07-30,4266,1440,1451,343570.79,201524.77,142046.02,Spark Ads,CA,TikTok - Retargeting - C03,126079,1478,1022.9,2325.76,TikTok,227.36924430540623,8.113167141236843,0.6920838971583221,1.1722808715170645
2025-07-30,4266,1440,1451,343570.79,201524.77,142046.02,Spark Ads,CA,TikTok - Spark Ads - C04,144000,1893,1483.8,3618.8,TikTok,243.8873163499124,10.304166666666667,0.7838351822503962,1.3145833333333334
2025-07-30,4266,1440,1451,343570.79,201524.77,142046.02,Spark Ads,CA,TikTok - Spark Ads - C05,223308,2719,2264.3,4556.71,TikTok,201.24144327165126,10.139806903469648,0.8327694005148952,1.2176008024790872
2025-07-30,4266,1440,1451,343570.79,201524.77,142046.02,Retargeting,CA,TikTok - Spark Ads - C06,69054,1175,551.87,1423.89,TikTok,258.0118506169931,7.991861441770208,0.46967659574468085,1.7015668896805398
2025-07-30,4266,1440,1451,343570.79,201524.77,142046.02,Retargeting,CA,TikTok - Retargeting - C07,114481,1731,546.91,1586.62,TikTok,290.10623320107516,4.777299289838488,0.31595031773541304,1.5120412994295995
2025-07-30,4266,1440,1451,343570.79,201524.77,142046.02,Retargeting,CA,TikTok - Spark Ads - C08,171275,2960,922.56,2454.63,TikTok,266.06724765868887,5.386425339366515,0.31167567567567567,1.7282148591446505
2025-07-30,4266,1440,1451,343570.79,201524.77,142046.02,Retargeting,CA,TikTok - Spark Ads - C09,224054,3777,2693.69,8363.85,TikTok,310.49786723787815,12.022503503619664,0.7131824199099814,1.685754327081864
2025-07-30,4266,1440,1451,343570.79,201524.77,142046.02,Retargeting,CA,TikTok - Retargeting - C10,189075,2952,2066.63,7291.82,TikTok,352.83625999816127,10.930212878487373,0.7000779132791328,1.5612852042840142
2025-07-31,3160,1347,1291,238995.46,141694.68,97300.78,Asc,NY,Facebook - ASC - C01,192181,2617,2196.53,5473.56,Facebook,249.19122434020932,11.429485745208945,0.8393312953763853,1.3617371124096556
2025-07-31,3160,1347,1291,238995.46,141694.68,97300.78,Prospecting,NY,Facebook - Prospecting - C02,189107,2140,1611.39,4086.44,Facebook,253.59720489763492,8.521048929970863,0.7529859813084112,1.1316344714896858
2025-07-31,3160,1347,1291,238995.46,141694.68,97300.78,Prospecting,NY,Facebook - Prospecting - C03,182336,2306,1972.14,4948.01,Facebook,250.89547395215348,10.81596612846613,0.8552211621856028,1.2646981396981398
2025-07-31,3160,1347,1291,238995.46,141694.68,97300.78,Asc,CA,Facebook - Prospecting - C04,222017,3631,2341.78,5889.58,Facebook,251.50014091844662,10.547750847908045,0.6449407876618012,1.6354603476310372
2025-07-31,3160,1347,1291,238995.46,141694.68,97300.78,Prospecting,NY,Facebook - ASC - C05,145283,1842,1600.38,3973.85,Facebook,248.30665217010957,11.015604028000524,0.8688273615635179,1.2678702945286096
2025-07-31,3160,1347,1291,238995.46,141694.68,97300.78,Asc,NY,Facebook - ASC - C06,256020,3537,2266.65,7043.3,Facebook,310.7361083537379,8.853409889852356,0.6408396946564886,1.3815326927583782
2025-07-31,3160,1347,1291,238995.46,141694.68,97300.78,Asc,NY,Facebook - ASC - C07,72014,1065,886.25,2443.21,Facebook,275.6795486600846,12.306634821007027,0.8321596244131455,1.4788791068403366
2025-07-31,3160,1347,1291,238995.46,141694.68,97300.78,Asc,CA,Facebook - Prospecting - C08,178847,2618,1198.79,3704.56,Facebook,309.0249334745869,6.702880115405906,0.4579029793735676,1.4638210313843678
2025-07-31,3160,1347,1291,238995.46,141694.68,97300.78,Prospecting,CA,Facebook - Prospecting - C09,84825,1002,534.08,1394.66,Facebook,261.1331635710006,6.296256999705276,0.5330139720558883,1.1812555260831124
2025-07-31,3160,1347,1291,238995.46,141694.68,97300.78,Prospecting,CA,Facebook - ASC - C10,120150,1417,1410.82,3137.91,Facebook,222.41745934988165,11.742155638784853,0.9956386732533521,1.1793591344153143
2025-07-31,3160,1347,1291,238995.46,141694.68,97300.78,Non-Branded Search,CA,Google - Display - C01,257081,12121,855.37,2730.95,Google,319.27119258332647,3.3272392747811,0.07056925996204934,4.714856407124603
2025-07-31,3160,1347,1291,238995.46,141694.68,97300.78,Non-Branded Search,NY,Google - Non-Branded Search - C02,312144,14139,2525.39,8405.74,Google,332.84918369043993,8.090464657337638,0.17861164155880896,4.529640166077195
2025-07-31,3160,1347,1291,238995.46,141694.68,97300.78,Non-Branded Search,CA,Google - Non-Branded Search - C03,50000,2060,374.52,1038.38,Google,277.256221296593,7.490399999999999,0.18180582524271843,4.12
2025-07-31,3160,1347,1291,238995.46,141694.68,97300.78,Non-Branded Search,NY,Google - Non-Branded Search - C04,161331,7248,637.98,2272.73,Google,356.23844007649143,3.954478680476784,0.08802152317880794,4.492626959480819
2025-07-31,3160,1347,1291,238995.46,141694.68,97300.78,Non-Branded Search,CA,Google - Non-Branded Search - C05,179845,7623,978.13,2765.88,Google,282.7722286403648,5.438738914064889,0.12831300013118194,4.238649948566821
2025-07-31,3160,1347,1291,238995.46,141694.68,97300.78,Display,CA,Google - Non-Branded Search - C06,119583,446,794.77,1269.48,Google,159.72922984007954,6.646178804679595,1.7819955156950673,0.37296271209118353
2025-07-31,3160,1347,1291,238995.46,141694.68,97300.78,Non-Branded Search,CA,Google - Display - C07,323955,14383,2790.37,8640.0,Google,309.6363564688554,8.613449398836257,0.1940047278036571,4.439814171721381
2025-07-31,3160,1347,1291,238995.46,141694.68,97300.78,Non-Branded Search,CA,Google - Display - C08,201056,8804,1572.78,5240.84,Google,333.22142957056934,7.822596689479547,0.17864379827351204,4.378879516154703
2025-07-31,3160,1347,1291,238995.46,141694.68,97300.78,Non-Branded Search,CA,Google - Display - C09,208765,10119,1347.17,4390.55,Google,325.90912802393166,6.453045290158792,0.13313272062456766,4.847076856752809
2025-07-31,3160,1347,1291,238995.46,141694.68,97300.78,Non-Branded Search,NY,Google - Non-Branded Search - C10,143329,6807,818.58,2438.37,Google,297.8780326907571,5.711195919876648,0.12025561921551345,4.749213348310531
2025-07-31,3160,1347,1291,238995.46,141694.68,97300.78,Retargeting,CA,TikTok - Retargeting - C01,225706,3386,1428.65,4067.49,TikTok,284.7086410247436,6.329694381186146,0.42192852923803903,1.5001816522378668
2025-07-31,3160,1347,1291,238995.46,141694.68,97300.78,Retargeting,CA,TikTok - Retargeting - C02,247690,3671,2393.48,8132.97,TikTok,339.7968648160837,9.663208042310952,0.6519967311359303,1.482094553675966
2025-07-31,3160,1347,1291,238995.46,141694.68,97300.78,Spark Ads,CA,TikTok - Retargeting - C03,206632,2856,1148.8,2731.54,TikTok,237.77332869080777,5.559642262573076,0.4022408963585434,1.3821673312942815
2025-07-31,3160,1347,1291,238995.46,141694.68,97300.78,Spark Ads,CA,TikTok - Spark Ads - C04,167417,2363,1962.53,5077.08,TikTok,258.7007587145165,11.722405729406212,0.830524756665256,1.4114456715865176
2025-07-31,3160,1347,1291,238995.46,141694.68,97300.78,Spark Ads,CA,TikTok - Spark Ads - C05,240539,3366,2320.09,5623.22,TikTok,242.3707700994358,9.64537975130852,0.6892721330956626,1.3993572767825593
2025-07-31,3160,1347,1291,238995.46,141694.68,97300.78,Retargeting,CA,TikTok - Spark Ads - C06,108467,1587,1069.28,2841.62,TikTok,265.7507855753404,9.858113527616695,0.6737744171392565,1.4631178146348658
2025-07-31,3160,1347,1291,238995.46,141694.68,97300.78,Retargeting,CA,TikTok - Retargeting - C07,149349,2210,1353.37,3904.94,TikTok,288.5345470935517,9.061794856343196,0.6123846153846153,1.47975547208217
2025-07-31,3160,1347,1291,238995.46,141694.68,97300.78,Retargeting,CA,TikTok - Spark Ads - C08,156693,2425,710.97,2199.77,TikTok,309.4040536168896,4.537343723076334,0.2931835051546392,1.5476122098625975
2025-07-31,3160,1347,1291,238995.46,141694.68,97300.78,Retargeting,CA,TikTok - Spark Ads - C09,65076,1053,724.2,2138.29,TikTok,295.26235846451254,11.128526645768025,0.6877492877492878,1.61810805827033
2025-07-31,3160,1347,1291,238995.46,141694.68,97300.78,Retargeting,CA,TikTok - Retargeting - C10,145782,2165,1557.28,5159.08,TikTok,331.28788657145793,10.682251581127986,0.71929792147806,1.4850941817233951
2025-08-01,2938,1401,1301,239297.93,120148.75,119149.18,Asc,NY,Facebook - ASC - C01,166045,2607,1727.02,4515.05,Facebook,261.4358837766789,10.400915414496069,0.6624549290372075,1.570056310036436
2025-08-01,2938,1401,1301,239297.93,120148.75,119149.18,Prospecting,NY,Facebook - Prospecting - C02,161010,1940,1088.7,2987.76,Facebook,274.4337282998071,6.761691820383827,0.5611855670103093,1.2048941059561518
2025-08-01,2938,1401,1301,239297.93,120148.75,119149.18,Prospecting,NY,Facebook - Prospecting - C03,182778,2291,1220.67,2704.22,Facebook,221.53571399313486,6.678429570298395,0.5328109995635094,1.253433126525074
2025-08-01,2938,1401,1301,239297.93,120148.75,119149.18,Asc,CA,Facebook - Prospecting - C04,231236,3485,2289.39,7115.5,Facebook,310.8033144199984,9.900664256430659,0.6569268292682926,1.5071182687816775
2025-08-01,2938,1401,1301,239297.93,120148.75,119149.18,Prospecting,NY,Facebook - ASC - C05,155857,1991,1476.87,3255.3,Facebook,220.41885880273827,9.475801536023406,0.7417729784028126,1.2774530499111365
2025-08-01,2938,1401,1301,239297.93,120148.75,119149.18,Asc,NY,Facebook - ASC - C06,228057,3421,1870.74,4461.07,Facebook,238.46552701070163,8.202949262684328,0.5468401052323882,1.5000635805960791
2025-08-01,2938,1401,1301,239297.93,120148.75,119149.18,Asc,NY,Facebook - ASC - C07,162743,2606,1730.19,4915.43,Facebook,284.0977002525734,10.631425007527206,0.6639255564082885,1.6012977516698106
2025-08-01,2938,1401,1301,239297.93,120148.75,119149.18,Asc,CA,Facebook - Prospecting - C08,190727,2674,2035.8,6261.56,Facebook,307.5724530896945,10.67389514856313,0.7613313388182498,1.4020039113497302
2025-08-01,2938,1401,1301,239297.93,120148.75,119149.18,Prospecting,CA,Facebook - Prospecting - C09,241950,3095,2800.47,5863.87,Facebook,209.38878116887523,11.574581525108492,0.9048368336025847,1.2791899152717505
2025-08-01,2938,1401,1301,239297.93,120148.75,119149.18,Prospecting,CA,Facebook - ASC - C10,199949,2175,1604.78,4048.19,Facebook,252.25825346776506,8.025946616387179,0.7378298850574713,1.0877773832327244
2025-08-01,2938,1401,1301,239297.93,120148.75,119149.18,Non-Branded Search,CA,Google - Display - C01,188421,9248,868.16,2336.21,Google,269.0990140066347,4.607554359652055,0.09387543252595155,4.9081577955748035
2025-08-01,2938,1401,1301,239297.93,120148.75,119149.18,Non-Branded Search,NY,Google - Non-Branded Search - C02,295124,11956,1029.84,3539.91,Google,343.73397809368447,3.4895162711267123,0.08613583138173302,4.051178487686532
2025-08-01,2938,1401,1301,239297.93,120148.75,119149.18,Non-Branded Search,CA,Google - Non-Branded Search - C03,234000,10803,1097.4,3926.2,Google,357.77291780572256,4.689743589743591,0.10158289364065538,4.616666666666667
2025-08-01,2938,1401,1301,239297.93,120148.75,119149.18,Non-Branded Search,NY,Google - Non-Branded Search - C04,227471,9333,1232.0,4003.43,Google,324.9537337662337,5.416075016155906,0.13200471445408765,4.102940594625249
2025-08-01,2938,1401,1301,239297.93,120148.75,119149.18,Non-Branded Search,CA,Google - Non-Branded Search - C05,169114,7411,1564.8,5264.2,Google,336.4135991820041,9.252929976229053,0.21114559438672242,4.382251025935168
2025-08-01,2938,1401,1301,239297.93,120148.75,119149.18,Display,CA,Google - Non-Branded Search - C06,156687,651,1076.71,1736.32,Google,161.2616210493076,6.871725159075099,1.6539324116743472,0.41547799115433953
2025-08-01,2938,1401,1301,239297.93,120148.75,119149.18,Non-Branded Search,CA,Google - Display - C07,373874,18198,3056.12,10786.21,Google,352.938039082235,8.174197724367033,0.1679371359490054,4.867415225450285
2025-08-01,2938,1401,1301,239297.93,120148.75,119149.18,Non-Branded Search,CA,Google - Display - C08,189183,8586,814.58,3018.55,Google,370.5651992437821,4.305778003308966,0.09487304914977872,4.538462758281664
2025-08-01,2938,1401,1301,239297.93,120148.75,119149.18,Non-Branded Search,CA,Google - Display - C09,181186,7586,670.43,2100.69,Google,313.3347254746954,3.70023070215138,0.0883772739256525,4.186857704237634
2025-08-01,2938,1401,1301,239297.93,120148.75,119149.18,Non-Branded Search,NY,Google - Non-Branded Search - C10,499155,22958,3593.4,12479.4,Google,347.2866922691601,7.198966252967515,0.15652060283996863,4.599372940269054
2025-08-01,2938,1401,1301,239297.93,120148.75,119149.18,Retargeting,CA,TikTok - Retargeting - C01,124261,2080,859.87,2230.83,TikTok,259.43805458964727,6.919870273054297,0.41339903846153847,1.6738960735870465
2025-08-01,2938,1401,1301,239297.93,120148.75,119149.18,Retargeting,CA,TikTok - Retargeting - C02,117023,1987,743.1,2345.38,TikTok,315.6210469654152,6.35003375404835,0.373980875691998,1.6979568119087702
2025-08-01,2938,1401,1301,239297.93,120148.75,119149.18,Spark Ads,CA,TikTok - Retargeting - C03,96532,1163,940.46,2220.21,TikTok,236.07702613614615,9.742468818630092,0.8086500429922614,1.204781834003232
2025-08-01,2938,1401,1301,239297.93,120148.75,119149.18,Spark Ads,CA,TikTok - Spark Ads - C04,212876,2587,1530.46,4122.17,TikTok,269.34189720737555,7.18944361975986,0.5915964437572477,1.2152614667693868
2025-08-01,2938,1401,1301,239297.93,120148.75,119149.18,Spark Ads,CA,TikTok - Spark Ads - C05,112757,1429,827.28,1816.08,TikTok,219.52422396286627,7.336839397997464,0.5789223233030091,1.267327083906099
2025-08-01,2938,1401,1301,239297.93,120148.75,119149.18,Retargeting,CA,TikTok - Spark Ads - C06,186948,2796,2054.81,5724.65,TikTok,278.5975345652396,10.991345186896892,0.7349105865522174,1.4956030553950832
2025-08-01,2938,1401,1301,239297.93,120148.75,119149.18,Retargeting,CA,TikTok - Retargeting - C07,139758,2055,527.39,1551.96,TikTok,294.2717912740098,3.773594355958156,0.2566374695863747,1.4703988322672048
2025-08-01,2938,1401,1301,239297.93,120148.75,119149.18,Retargeting,CA,TikTok - Spark Ads - C08,204926,3416,2346.65,6884.31,TikTok,293.3675665310123,11.451206777080507,0.686958430913349,1.666943189248802
2025-08-01,2938,1401,1301,239297.93,120148.75,119149.18,Retargeting,CA,TikTok - Spark Ads - C09,97319,1425,823.86,2223.49,TikTok,269.88687398344376,8.465561709429814,0.5781473684210526,1.4642567227365673
2025-08-01,2938,1401,1301,239297.93,120148.75,119149.18,Retargeting,CA,TikTok - Retargeting - C10,101000,1594,696.27,2291.24,TikTok,329.07349160526803,6.893762376237624,0.4368067754077792,1.5782178217821783
2025-08-02,3018,1570,1543,258875.51,148809.85,110065.66,Asc,NY,Facebook - ASC - C01,277450,3855,3318.72,10125.26,Facebook,305.0953379616238,11.961506577761758,0.8608871595330739,1.3894395386556135
2025-08-02,3018,1570,1543,258875.51,148809.85,110065.66,Prospecting,NY,Facebook - Prospecting - C02,159628,1885,1348.29,2807.29,Facebook,208.21114151999942,8.44645049740647,0.7152732095490716,1.180870523968226
2025-08-02,3018,1570,1543,258875.51,148809.85,110065.66,Prospecting,NY,Facebook - Prospecting - C03,187951,2381,2061.85,4774.44,Facebook,231.56097679268618,10.970146474347038,0.8659596808063839,1.2668195433916287
2025-08-02,3018,1570,1543,258875.51,148809.85,110065.66,Asc,CA,Facebook - Prospecting - C04,200352,2829,2018.62,5222.31,Facebook,258.70693840346377,10.075367353457914,0.7135454224107458,1.4120148538572113
2025-08-02,3018,1570,1543,258875.51,148809.85,110065.66,Prospecting,NY,Facebook - ASC - C05,111859,1403,900.32,2371.29,Facebook,263.38301937089034,8.048704172216809,0.6417106200997862,1.254257592147257
2025-08-02,3018,1570,1543,258875.51,148809.85,110065.66,Asc,NY,Facebook - ASC - C06,216199,3368,2057.66,6714.34,Facebook,326.30949719584385,9.517435325787815,0.6109441805225653,1.5578240417393234
2025-08-02,3018,1570,1543,258875.51,148809.85,110065.66,Asc,NY,Facebook - ASC - C07,199455,3201,1999.04,6264.88,Facebook,313.39442932607653,10.022511343410795,0.624504842236801,1.6048732796871474
2025-08-02,3018,1570,1543,258875.51,148809.85,110065.66,Asc,CA,Facebook - Prospecting - C08,318984,4845,2202.65,6850.2,Facebook,310.9981159058407,6.905205276753693,0.4546233230134159,1.5188849597471974
2025-08-02,3018,1570,1543,258875.51,148809.85,110065.66,Prospecting,CA,Facebook - Prospecting - C09,199295,2240,1409.45,3084.39,Facebook,218.83642555606798,7.072179432499561,0.62921875,1.123961965929903
2025-08-02,3018,1570,1543,258875.51,148809.85,110065.66,Prospecting,CA,Facebook - ASC - C10,212277,2325,2541.48,6197.48,Facebook,243.8531879062593,11.97246993315338,1.093109677419355,1.0952670331689256
2025-08-02,3018,1570,1543,258875.51,148809.85,110065.66,Non-Branded Search,CA,Google - Display - C01,147905,6311,965.76,3315.09,Google,343.262301192843,6.529596700584834,0.1530280462684202,4.2669280957371285
2025-08-02,3018,1570,1543,258875.51,148809.85,110065.66,Non-Branded Search,NY,Google - Non-Branded Search - C02,249786,12136,1784.13,5493.46,Google,307.90693503276106,7.142634094785136,0.1470113711272248,4.858558926441034
2025-08-02,3018,1570,1543,258875.51,148809.85,110065.66,Non-Branded Search,CA,Google - Non-Branded Search - C03,200127,9014,1532.24,5811.85,Google,379.3041560068919,7.656338225226981,0.16998446860439317,4.5041398711818
2025-08-02,3018,1570,1543,258875.51,148809.85,110065.66,Non-Branded Search,NY,Google - Non-Branded Search - C04,157331,7430,1061.27,3652.9,Google,344.2008160034676,6.745460208096307,0.14283580080753702,4.722527664605195
2025-08-02,3018,1570,1543,258875.51,148809.85,110065.66,Non-Branded Search,CA,Google - Non-Branded Search - C05,219660,10639,1219.23,4393.48,Google,360.3487446995234,5.550532641354821,0.11460005639627785,4.843394336702176
2025-08-02,3018,1570,1543,258875.51,148809.85,110065.66,Display,CA,Google - Non-Branded Search - C06,282227,1054,2787.65,4000.51,Google,143.50833139023908,9.877332785311115,2.6448292220113854,0.3734582446045205
2025-08-02,3018,1570,1543,258875.51,148809.85,110065.66,Non-Branded Search,CA,Google - Display - C07,133391,5583,466.15,1456.76,Google,312.50884908291323,3.494613579626811,0.08349453698728282,4.185439797287673
2025-08-02,3018,1570,1543,258875.51,148809.85,110065.66,Non-Branded Search,CA,Google - Display - C08,179095,7618,1607.68,4462.48,Google,277.57265127388536,8.97668834975851,0.21103701758991864,4.253608420112231
2025-08-02,3018,1570,1543,258875.51,148809.85,110065.66,Non-Branded Search,CA,Google - Display - C09,136646,6721,1124.63,3640.66,Google,323.7206903603851,8.230244573569664,0.16733075435203096,4.918548658577639
2025-08-02,3018,1570,1543,258875.51,148809.85,110065.66,Non-Branded Search,NY,Google - Non-Branded Search - C10,142162,6825,894.65,2366.09,Google,264.47102218744766,6.2931725777633964,0.1310842490842491,4.800860989575273
2025-08-02,3018,1570,1543,258875.51,148809.85,110065.66,Retargeting,CA,TikTok - Retargeting - C01,132636,1955,1489.52,4089.18,TikTok,274.53004994897685,11.230133598721311,0.7619028132992327,1.473958804547785
2025-08-02,3018,1570,1543,258875.51,148809.85,110065.66,Retargeting,CA,TikTok - Retargeting - C02,223597,3224,2237.88,6664.34,TikTok,297.7970221817077,10.0085421539645,0.6941315136476427,1.4418798105520199
2025-08-02,3018,1570,1543,258875.51,148809.85,110065.66,Spark Ads,CA,TikTok - Retargeting - C03,141582,1852,1761.87,3781.44,TikTok,214.62650479320268,12.444166631351443,0.9513336933045355,1.308075885352658
2025-08-02,3018,1570,1543,258875.51,148809.85,110065.66,Spark Ads,CA,TikTok - Spark Ads - C04,119569,1465,1374.97,3274.21,TikTok,238.12955919038234,11.499385292174393,0.9385460750853243,1.2252339653254607
2025-08-02,3018,1570,1543,258875.51,148809.85,110065.66,Spark Ads,CA,TikTok - Spark Ads - C05,111984,1358,658.52,1639.35,TikTok,248.94460304926196,5.880482926132305,0.48491899852724596,1.2126732390341477
2025-08-02,3018,1570,1543,258875.51,148809.85,110065.66,Retargeting,CA,TikTok - Spark Ads - C06,104753,1756,427.27,1389.9,TikTok,325.29782104992165,4.078833064446841,0.24332004555808656,1.6763243057478068
2025-08-02,3018,1570,1543,258875.51,148809.85,110065.66,Retargeting,CA,TikTok - Retargeting - C07,153286,2497,1081.96,3681.02,TikTok,340.21775296683796,7.0584397792362,0.43330396475770927,1.6289811202588624
2025-08-02,3018,1570,1543,258875.51,148809.85,110065.66,Retargeting,CA,TikTok - Spark Ads - C08,220917,3256,1319.82,4206.91,TikTok,318.74876877149916,5.974279933187576,0.40535012285012284,1.47385669731166
2025-08-02,3018,1570,1543,258875.51,148809.85,110065.66,Retargeting,CA,TikTok - Spark Ads - C09,203164,2965,1951.89,6121.8,TikTok,313.63447735271967,9.607459983067868,0.6583102866779089,1.4594121005689984
2025-08-02,3018,1570,1543,258875.51,148809.85,110065.66,Retargeting,CA,TikTok - Retargeting - C10,152912,2577,1784.48,4656.42,TikTok,260.93988164619384,11.669980119284293,0.6924641055490881,1.6852830386104425
2025-08-03,3702,1620,1554,340964.16,199409.58,141554.58,Asc,NY,Facebook - ASC - C01,165132,2229,2461.21,7693.04,Facebook,312.5714587540275,14.904500641910715,1.104176760879318,1.3498292275270691
2025-08-03,3702,1620,1554,340964.16,199409.58,141554.58,Prospecting,NY,Facebook - Prospecting - C02,204725,2504,1357.68,3591.03,Facebook,264.49752519003005,6.631725485407254,0.5422044728434505,1.2231041641226035
2025-08-03,3702,1620,1554,340964.16,199409.58,141554.58,Prospecting,NY,Facebook - Prospecting - C03,216283,2420,1911.83,4855.56,Facebook,253.97446425675926,8.839483454547976,0.7900123966942149,1.1189043984039428
2025-08-03,3702,1620,1554,340964.16,199409.58,141554.58,Asc,CA,Facebook - Prospecting - C04,258958,4132,2153.54,7201.9,Facebook,334.421464193839,8.316174823716587,0.5211858664085188,1.5956255454552475
2025-08-03,3702,1620,1554,340964.16,199409.58,141554.58,Prospecting,NY,Facebook - ASC - C05,228397,2918,2950.42,6636.15,Facebook,224.92221446438134,12.917945507165156,1.0111103495544893,1.2775999684759434
2025-08-03,3702,1620,1554,340964.16,199409.58,141554.58,Asc,NY,Facebook - ASC - C06,110932,1825,694.88,2192.18,Facebook,315.4760534192954,6.264017596365341,0.38075616438356163,1.6451519849998197
2025-08-03,3702,1620,1554,340964.16,199409.58,141554.58,Asc,NY,Facebook - ASC - C07,273638,4334,2710.85,8040.64,Facebook,296.6095505099877,9.906701554608642,0.6254845408398708,1.58384434910356
2025-08-03,3702,1620,1554,340964.16,199409.58,141554.58,Asc,CA,Facebook - Prospecting - C08,280010,3923,2024.55,5206.99,Facebook,257.1924625225359,7.230277490089639,0.5160718837624267,1.4010213920931396
2025-08-03,3702,1620,1554,340964.16,199409.58,141554.58,Prospecting,CA,Facebook - Prospecting - C09,231373,2844,2240.44,5104.57,Facebook,227.8378354251843,9.683238753009212,0.7877777777777778,1.22918404481076
2025-08-03,3702,1620,1554,340964.16,199409.58,141554.58,Prospecting,CA,Facebook - ASC - C10,118000,1427,1056.9,2861.43,Facebook,270.7380073800738,8.956779661016949,0.7406447091800982,1.2093220338983053
2025-08-03,3702,1620,1554,340964.16,199409.58,141554.58,Non-Branded Search,CA,Google - Display - C01,174203,8285,1867.94,5280.55,Google,282.69376960716085,10.72277744929766,0.22546047073023537,4.755945649615678
2025-08-03,3702,1620,1554,340964.16,199409.58,141554.58,Non-Branded Search,NY,Google - Non-Branded Search - C02,274614,13370,2258.77,6294.47,Google,278.66803614356485,8.225254357024768,0.16894315632011966,4.868651998805596
2025-08-03,3702,1620,1554,340964.16,199409.58,141554.58,Non-Branded Search,CA,Google - Non-Branded Search - C03,132550,5612,1200.87,3459.27,Google,288.0636538509581,9.059751037344398,0.21398253741981466,4.23387400980762
2025-08-03,3702,1620,1554,340964.16,199409.58,141554.58,Non-Branded Search,NY,Google - Non-Branded Search - C04,298606,13748,1667.64,5204.33,Google,312.07754671271977,5.584750473868577,0.12130055280768112,4.604060199728069
2025-08-03,3702,1620,1554,340964.16,199409.58,141554.58,Non-Branded Search,CA,Google - Non-Branded Search - C05,245444,11583,764.71,2742.76,Google,358.66668410247024,3.1156190414106684,0.0660200293533627,4.719202750933003
2025-08-03,3702,1620,1554,340964.16,199409.58,141554.58,Display,CA,Google - Non-Branded Search - C06,258228,940,1665.45,2416.44,Google,145.09231739169596,6.4495329708629585,1.7717553191489361,0.36401939371408215
2025-08-03,3702,1620,1554,340964.16,199409.58,141554.58,Non-Branded Search,CA,Google - Display - C07,212038,10345,810.83,2668.45,Google,329.1010446086109,3.8239843801582736,0.07837892701788304,4.878842471632443
2025-08-03,3702,1620,1554,340964.16,199409.58,141554.58,Non-Branded Search,CA,Google - Display - C08,309815,14955,2224.42,6736.94,Google,302.8627687217342,7.179833126220486,0.1487408893346707,4.827074221712958
2025-08-03,3702,1620,1554,340964.16,199409.58,141554.58,Non-Branded Search,CA,Google - Display - C09,248477,11535,2130.48,7794.98,Google,365.8790507303518,8.574153744612177,0.18469700910273082,4.64228077447812
2025-08-03,3702,1620,1554,340964.16,199409.58,141554.58,Non-Branded Search,NY,Google - Non-Branded Search - C10,227447,9429,2301.4,6978.61,Google,303.2332493264969,10.118401209952209,0.2440767843885884,4.145581168360102
2025-08-03,3702,1620,1554,340964.16,199409.58,141554.58,Retargeting,CA,TikTok - Retargeting - C01,156241,2722,1071.54,3344.65,TikTok,312.13487130671746,6.85825103525963,0.39365907421013957,1.7421803495881363
2025-08-03,3702,1620,1554,340964.16,199409.58,141554.58,Retargeting,CA,TikTok - Retargeting - C02,183207,3165,1458.98,4268.53,TikTok,292.56946633949747,7.963560344309988,0.46097314375987364,1.727554078173869
2025-08-03,3702,1620,1554,340964.16,199409.58,141554.58,Spark Ads,CA,TikTok - Retargeting - C03,84795,1195,693.16,1499.09,TikTok,216.26897108892607,8.17453859307742,0.5800502092050209,1.4092812076183738
2025-08-03,3702,1620,1554,340964.16,199409.58,141554.58,Spark Ads,CA,TikTok - Spark Ads - C04,159957,2247,722.41,1545.83,TikTok,213.98236458520782,4.516276249241983,0.3214997774810859,1.4047525272416963
2025-08-03,3702,1620,1554,340964.16,199409.58,141554.58,Spark Ads,CA,TikTok - Spark Ads - C05,207663,2810,1403.46,3269.63,TikTok,232.96923318085305,6.758353678796897,0.49945195729537367,1.3531539080144273
2025-08-03,3702,1620,1554,340964.16,199409.58,141554.58,Retargeting,CA,TikTok - Spark Ads - C06,152828,2364,1551.43,4683.79,TikTok,301.90147154560634,10.151477477949067,0.6562732656514383,1.5468369670479232
2025-08-03,3702,1620,1554,340964.16,199409.58,141554.58,Retargeting,CA,TikTok - Retargeting - C07,302820,4933,3190.49,9315.1,TikTok,291.9645571683347,10.535928934680667,0.6467646462598824,1.6290205402549371
2025-08-03,3702,1620,1554,340964.16,199409.58,141554.58,Retargeting,CA,TikTok - Spark Ads - C08,169354,2690,1104.26,2765.02,TikTok,250.3957401336642,6.520424672579331,0.41050557620817846,1.588388818687483
2025-08-03,3702,1620,1554,340964.16,199409.58,141554.58,Retargeting,CA,TikTok - Spark Ads - C09,207654,3014,981.68,2684.51,TikTok,273.4608018906365,4.727479364712455,0.325706702057067,1.451452897608522
2025-08-03,3702,1620,1554,340964.16,199409.58,141554.58,Retargeting,CA,TikTok - Retargeting - C10,75663,1175,581.15,1856.25,TikTok,319.4097909317732,7.680768671609637,0.49459574468085105,1.5529386886589218
2025-08-04,2677,950,898,247384.79,144893.62,102491.17,Asc,NY,Facebook - ASC - C01,146288,2147,1734.71,5429.21,Facebook,312.9750794080855,11.858183856502242,0.8079692594317652,1.4676528491742316
2025-08-04,2677,950,898,247384.79,144893.62,102491.17,Prospecting,NY,Facebook - Prospecting - C02,230946,2723,2303.38,5761.64,Facebook,250.13849212895832,9.973673499432769,0.8458979067205289,1.1790635040225852
2025-08-04,2677,950,898,247384.79,144893.62,102491.17,Prospecting,NY,Facebook - Prospecting - C03,319033,3479,4593.68,12061.95,Facebook,262.577062398774,14.398761256672508,1.3204024144869215,1.090482802719468
2025-08-04,2677,950,898,247384.79,144893.62,102491.17,Asc,CA,Facebook - Prospecting - C04,289272,4389,2883.99,7572.43,Facebook,262.56783137250824,9.969820791504189,0.657095010252905,1.5172571144113498
2025-08-04,2677,950,898,247384.79,144893.62,102491.17,Prospecting,NY,Facebook - ASC - C05,224165,2485,1751.93,3986.96,Facebook,227.57530266620242,7.815359222001651,0.7050020120724346,1.1085584279437022
2025-08-04,2677,950,898,247384.79,144893.62,102491.17,Asc,NY,Facebook - ASC - C06,215847,3172,2107.27,5997.62,Facebook,284.61564014103556,9.762794942714052,0.6643348045397226,1.4695594564668493
2025-08-04,2677,950,898,247384.79,144893.62,102491.17,Asc,NY,Facebook - ASC - C07,177030,2702,2561.46,7299.22,Facebook,284.963263138991,14.469073038468055,0.9479866765358993,1.5262949782522734
2025-08-04,2677,950,898,247384.79,144893.62,102491.17,Asc,CA,Facebook - Prospecting - C08,146068,2098,1105.42,3295.31,Facebook,298.10479274845756,7.567845113234932,0.5268922783603432,1.4363173316537503
2025-08-04,2677,950,898,247384.79,144893.62,102491.17,Prospecting,CA,Facebook - Prospecting - C09,144233,1774,1690.14,3542.19,Facebook,209.5796797898399,11.718122759701316,0.952728297632469,1.2299543100400048
2025-08-04,2677,950,898,247384.79,144893.62,102491.17,Prospecting,CA,Facebook - ASC - C10,106691,1360,1163.53,2683.63,Facebook,230.6455355684856,10.905605908652088,0.8555367647058824,1.2747092069621617
2025-08-04,2677,950,898,247384.79,144893.62,102491.17,Non-Branded Search,CA,Google - Display - C01,151680,6689,1519.28,4316.31,Google,284.1023379495551,10.016350210970463,0.2271311107788907,4.409941983122363
2025-08-04,2677,950,898,247384.79,144893.62,102491.17,Non-Branded Search,NY,Google - Non-Branded Search - C02,293766,12771,1939.03,5746.12,Google,296.3399225385889,6.600593669791603,0.15183071020280323,4.347337676926533
2025-08-04,2677,950,898,247384.79,144893.62,102491.17,Non-Branded Search,CA,Google - Non-Branded Search - C03,152484,7254,662.88,2339.21,Google,352.8858918657977,4.347210199102856,0.09138130686517783,4.757220429684426
2025-08-04,2677,950,898,247384.79,144893.62,102491.17,Non-Branded Search,NY,Google - Non-Branded Search - C04,265813,12607,1712.98,5824.06,Google,339.99579679856157,6.444304830839726,0.13587530736892203,4.742807913834161
2025-08-04,2677,950,898,247384.79,144893.62,102491.17,Non-Branded Search,CA,Google - Non-Branded Search - C05,183337,7544,1146.37,3086.31,Google,269.22459589835745,6.252802216682938,0.15195784729586426,4.1148267943732035
2025-08-04,2677,950,898,247384.79,144893.62,102491.17,Display,CA,Google - Non-Branded Search - C06,199347,788,1051.38,1445.98,Google,137.53162510224658,5.274120001805897,1.3342385786802031,0.395290623886991
2025-08-04,2677,950,898,247384.79,144893.62,102491.17,Non-Branded Search,CA,Google - Display - C07,219545,9560,1123.77,3275.5,Google,291.47423405145184,5.118631715593614,0.11754916317991632,4.354460361201576
2025-08-04,2677,950,898,247384.79,144893.62,102491.17,Non-Branded Search,CA,Google - Display - C08,136689,6617,397.93,1259.21,Google,316.44007740054786,2.9112071929709047,0.060137524557956776,4.840916240516793
2025-08-04,2677,950,898,247384.79,144893.62,102491.17,Non-Branded Search,CA,Google - Display - C09,119536,5456,729.85,1961.86,Google,268.80317873535654,6.105692009101861,0.1337701612903226,4.564315352697095
2025-08-04,2677,950,898,247384.79,144893.62,102491.17,Non-Branded Search,NY,Google - Non-Branded Search - C10,281999,13671,2594.86,8952.17,Google,344.9962618407159,9.201663835687361,0.1898076219735206,4.847889531523161
2025-08-04,2677,950,898,247384.79,144893.62,102491.17,Retargeting,CA,TikTok - Retargeting - C01,220371,3582,2634.6,8164.25,TikTok,309.885751157671,11.955293573110799,0.7355108877721943,1.6254407340348775
2025-08-04,2677,950,898,247384.79,144893.62,102491.17,Retargeting,CA,TikTok - Retargeting - C02,67978,1120,484.66,1500.38,TikTok,309.57372178434366,7.129659595751567,0.4327321428571429,1.6475918679572803
2025-08-04,2677,950,898,247384.79,144893.62,102491.17,Spark Ads,CA,TikTok - Retargeting - C03,123298,1445,653.25,1682.28,TikTok,257.52468427095295,5.298139466982433,0.45207612456747404,1.171957371571315
2025-08-04,2677,950,898,247384.79,144893.62,102491.17,Spark Ads,CA,TikTok - Spark Ads - C04,161171,2061,848.25,2134.95,TikTok,251.6887709991158,5.263043599655025,0.4115720524017467,1.278766031109815
2025-08-04,2677,950,898,247384.79,144893.62,102491.17,Spark Ads,CA,TikTok - Spark Ads - C05,142289,1771,1226.53,2424.15,TikTok,197.64294391494707,8.619991707018814,0.6925635234330887,1.2446499729423919
2025-08-04,2677,950,898,247384.79,144893.62,102491.17,Retargeting,CA,TikTok - Spark Ads - C06,88890,1482,879.34,2893.36,TikTok,329.03768735642643,9.892451344358197,0.5933468286099866,1.6672291596355044
2025-08-04,2677,950,898,247384.79,144893.62,102491.17,Retargeting,CA,TikTok - Retargeting - C07,112260,1833,475.46,1318.06,TikTok,277.2178521852522,4.235346517014074,0.2593889798145117,1.632816675574559
2025-08-04,2677,950,898,247384.79,144893.62,102491.17,Retargeting,CA,TikTok - Spark Ads - C08,208744,3403,2116.24,6034.39,TikTok,285.14676974256236,10.137968037404667,0.6218748163385248,1.630226497528073
2025-08-04,2677,950,898,247384.79,144893.62,102491.17,Retargeting,CA,TikTok - Spark Ads - C09,229525,3508,2122.65,5898.75,TikTok,277.8955550844463,9.248012199106851,0.6050883694412771,1.528373815488509
2025-08-04,2677,950,898,247384.79,144893.62,102491.17,Retargeting,CA,TikTok - Retargeting - C10,106619,1837,964.03,3261.01,TikTok,338.26851861456595,9.041821814123185,0.5247849755035383,1.7229574466089532
2025-08-05,2524,1232,1145,255349.35,151364.66,103984.69,Asc,NY,Facebook - ASC - C01,257120,3800,2352.45,6823.01,Facebook,290.0384705307233,9.149229931549469,0.6190657894736842,1.4779091474797759
2025-08-05,2524,1232,1145,255349.35,151364.66,103984.69,Prospecting,NY,Facebook - Prospecting - C02,328623,3886,2833.45,7186.37,Facebook,253.62614480580214,8.622190169282124,0.7291430777148739,1.1825100495096206
2025-08-05,2524,1232,1145,255349.35,151364.66,103984.69,Prospecting,NY,Facebook - Prospecting - C03,187674,2093,2068.39,5190.75,Facebook,250.9560576100252,11.021185673028763,0.9882417582417582,1.1152317316197236
2025-08-05,2524,1232,1145,255349.35,151364.66,103984.69,Asc,CA,Facebook - Prospecting - C04,193682,3046,2285.87,6482.88,Facebook,283.60667929497305,11.80218089445586,0.7504497701904136,1.5726809925548064
2025-08-05,2524,1232,1145,255349.35,151364.66,103984.69,Prospecting,NY,Facebook - ASC - C05,132104,1735,1236.32,3126.76,Facebook,252.9086320693672,9.358687095016048,0.7125763688760807,1.3133591715617998
2025-08-05,2524,1232,1145,255349.35,151364.66,103984.69,Asc,NY,Facebook - ASC - C06,103722,1504,1167.93,3065.7,Facebook,262.49004649251236,11.260195522647077,0.7765492021276597,1.450029887584119
2025-08-05,2524,1232,1145,255349.35,151364.66,103984.69,Asc,NY,Facebook - ASC - C07,201648,3227,2026.25,5467.31,Facebook,269.82405922270203,10.04845076569071,0.6279051750852185,1.6003134174402922
2025-08-05,2524,1232,1145,255349.35,151364.66,103984.69,Asc,CA,Facebook - Prospecting - C08,180983,2904,1952.35,4740.54,Facebook,242.8119957999334,10.787477276871307,0.6722968319559228,1.6045705950282625
2025-08-05,2524,1232,1145,255349.35,151364.66,103984.69,Prospecting,CA,Facebook - Prospecting - C09,161661,2015,1439.26,3205.01,Facebook,222.6845740172033,8.902951237466056,0.714272952853598,1.2464354420670416
2025-08-05,2524,1232,1145,255349.35,151364.66,103984.69,Prospecting,CA,Facebook - ASC - C10,372956,4065,2579.86,5911.5,Facebook,229.14034094873364,6.917330730702818,0.6346519065190652,1.089940904557106
2025-08-05,2524,1232,1145,255349.35,151364.66,103984.69,Non-Branded Search,CA,Google - Display - C01,207175,9832,746.1,2496.21,Google,334.5677523120225,3.601303246048027,0.07588486574450773,4.745746349704357
2025-08-05,2524,1232,1145,255349.35,151364.66,103984.69,Non-Branded Search,NY,Google - Non-Branded Search - C02,173879,8453,1074.9,3049.42,Google,283.6933668248209,6.18188510400911,0.1271619543357388,4.861426624261699
2025-08-05,2524,1232,1145,255349.35,151364.66,103984.69,Non-Branded Search,CA,Google - Non-Branded Search - C03,187169,8015,585.06,1984.71,Google,339.2318736539842,3.1258381462742224,0.07299563318777291,4.282226223359638
2025-08-05,2524,1232,1145,255349.35,151364.66,103984.69,Non-Branded Search,NY,Google - Non-Branded Search - C04,196339,8884,1585.42,5526.4,Google,348.5764024674849,8.07491125043929,0.17845790184601532,4.524826957456236
2025-08-05,2524,1232,1145,255349.35,151364.66,103984.69,Non-Branded Search,CA,Google - Non-Branded Search - C05,242171,10007,1742.57,6030.7,Google,346.0807887201088,7.195617972424444,0.17413510542620164,4.132204103711841
2025-08-05,2524,1232,1145,255349.35,151364.66,103984.69,Display,CA,Google - Non-Branded Search - C06,155021,609,1461.76,1917.43,Google,131.17269592819616,9.429432141451803,2.4002627257799674,0.39285000096761086
2025-08-05,2524,1232,1145,255349.35,151364.66,103984.69,Non-Branded Search,CA,Google - Display - C07,246081,10436,1274.07,4298.44,Google,337.37863696657166,5.177441574115839,0.12208413185128401,4.240880035435487
2025-08-05,2524,1232,1145,255349.35,151364.66,103984.69,Non-Branded Search,CA,Google - Display - C08,392074,15986,1636.03,5821.53,Google,355.83271700396693,4.172758203808464,0.10234142374577755,4.077291531700649
2025-08-05,2524,1232,1145,255349.35,151364.66,103984.69,Non-Branded Search,CA,Google - Display - C09,173590,7116,1359.32,4415.79,Google,324.8528676102757,7.83063540526528,0.19102304665542438,4.09931447664036
2025-08-05,2524,1232,1145,255349.35,151364.66,103984.69,Non-Branded Search,NY,Google - Non-Branded Search - C10,202047,8794,1090.32,3094.72,Google,283.8359380732262,5.396368171762015,0.12398453491016602,4.352452647156355
2025-08-05,2524,1232,1145,255349.35,151364.66,103984.69,Retargeting,CA,TikTok - Retargeting - C01,118580,2042,761.57,2045.17,TikTok,268.5465551426658,6.422415247090572,0.37295298726738496,1.7220441895766572
2025-08-05,2524,1232,1145,255349.35,151364.66,103984.69,Retargeting,CA,TikTok - Retargeting - C02,147368,2288,1267.36,4066.8,TikTok,320.8875142027522,8.599967428478365,0.5539160839160838,1.55257586450247
2025-08-05,2524,1232,1145,255349.35,151364.66,103984.69,Spark Ads,CA,TikTok - Retargeting - C03,271170,3366,1531.41,4382.24,TikTok,286.1572015332275,5.647416749640447,0.45496434937611413,1.24128775307003
2025-08-05,2524,1232,1145,255349.35,151364.66,103984.69,Spark Ads,CA,TikTok - Spark Ads - C04,96153,1194,425.11,1019.44,TikTok,239.80616781538896,4.421182906409577,0.3560385259631491,1.2417709275841629
2025-08-05,2524,1232,1145,255349.35,151364.66,103984.69,Spark Ads,CA,TikTok - Spark Ads - C05,250603,3035,1864.72,3840.98,TikTok,205.98159509202452,7.440932470880236,0.6144052718286656,1.2110788777468744
2025-08-05,2524,1232,1145,255349.35,151364.66,103984.69,Retargeting,CA,TikTok - Spark Ads - C06,160473,2450,1135.8,3658.1,TikTok,322.0725479838,7.077826176366117,0.46359183673469384,1.5267365849706804
2025-08-05,2524,1232,1145,255349.35,151364.66,103984.69,Retargeting,CA,TikTok - Retargeting - C07,186525,2936,2149.58,6308.36,TikTok,293.469421933587,11.52435330384667,0.7321457765667575,1.5740517356922663
2025-08-05,2524,1232,1145,255349.35,151364.66,103984.69,Retargeting,CA,TikTok - Spark Ads - C08,117616,1929,680.95,2011.09,TikTok,295.3359277479991,5.789603455312203,0.3530067392431312,1.6400829819072236
2025-08-05,2524,1232,1145,255349.35,151364.66,103984.69,Retargeting,CA,TikTok - Spark Ads - C09,301123,5025,3635.39,10237.12,TikTok,281.596197381849,12.072774248396835,0.723460696517413,1.6687533001464516
2025-08-05,2524,1232,1145,255349.35,151364.66,103984.69,Retargeting,CA,TikTok - Retargeting - C10,120843,2079,1336.57,4428.54,TikTok,331.3361814196039,11.060384134786457,0.6428908128908128,1.72041409101065
2025-08-06,3054,1333,1240,286964.59,156208.01,130756.58,Asc,NY,Facebook - ASC - C01,139431,2131,1443.9,3909.96,Facebook,270.79160606690215,10.355659788712698,0.6775692163303614,1.528354526611729
2025-08-06,3054,1333,1240,286964.59,156208.01,130756.58,Prospecting,NY,Facebook - Prospecting - C02,180433,2276,2603.2,7066.4,Facebook,271.45052243392746,14.427516030881268,1.1437609841827767,1.261410052484856
2025-08-06,3054,1333,1240,286964.59,156208.01,130756.58,Prospecting,NY,Facebook - Prospecting - C03,94258,1146,910.67,2181.12,Facebook,239.5071760352268,9.66146109614038,0.7946509598603839,1.2158119204735938
2025-08-06,3054,1333,1240,286964.59,156208.01,130756.58,Asc,CA,Facebook - Prospecting - C04,213979,3194,2486.62,7488.71,Facebook,301.1602094409279,11.62085999093369,0.7785284909204758,1.4926698414330377
2025-08-06,3054,1333,1240,286964.59,156208.01,130756.58,Prospecting,NY,Facebook - ASC - C05,108788,1253,1244.93,2889.74,Facebook,232.12068148409946,11.443633488987757,0.9935594573024741,1.151781446483068
2025-08-06,3054,1333,1240,286964.59,156208.01,130756.58,Asc,NY,Facebook - ASC - C06,100629,1631,1144.98,2643.49,Facebook,230.87652186064383,11.378230927466237,0.7020110361741263,1.6208051356964692
2025-08-06,3054,1333,1240,286964.59,156208.01,130756.58,Asc,NY,Facebook - ASC - C07,159397,2204,1236.76,3758.04,Facebook,303.8617031598693,7.758991699969259,0.5611433756805807,1.382711092429594
2025-08-06,3054,1333,1240,286964.59,156208.01,130756.58,Asc,CA,Facebook - Prospecting - C08,196550,2834,2454.93,7464.91,Facebook,304.0783240255323,12.490104299160517,0.8662420606916019,1.4418722971254134
2025-08-06,3054,1333,1240,286964.59,156208.01,130756.58,Prospecting,CA,Facebook - Prospecting - C09,104373,1311,978.4,2516.41,Facebook,257.1964431725266,9.374071838502294,0.7463005339435546,1.2560719726366014
2025-08-06,3054,1333,1240,286964.59,156208.01,130756.58,Prospecting,CA,Facebook - ASC - C10,287238,3302,2052.68,4741.57,Facebook,230.99411501062028,7.1462689477019055,0.6216474863718958,1.1495693466741865
2025-08-06,3054,1333,1240,286964.59,156208.01,130756.58,Non-Branded Search,CA,Google - Display - C01,238940,10834,1100.71,3563.27,Google,323.7246867930699,4.6066376496191515,0.10159774783090272,4.534192684355905
2025-08-06,3054,1333,1240,286964.59,156208.01,130756.58,Non-Branded Search,NY,Google - Non-Branded Search - C02,427333,19882,1544.09,4739.97,Google,306.9749820282497,3.613317951106046,0.07766270998893471,4.652577732119916
2025-08-06,3054,1333,1240,286964.59,156208.01,130756.58,Non-Branded Search,CA,Google - Non-Branded Search - C03,149936,7319,1466.28,4573.34,Google,311.9008647734403,9.77937253228044,0.20033884410438585,4.881416070856899
2025-08-06,3054,1333,1240,286964.59,156208.01,130756.58,Non-Branded Search,NY,Google - Non-Branded Search - C04,312204,14408,2527.74,7060.38,Google,279.31591065536804,8.096436945074373,0.17544003331482508,4.6149312628922114
2025-08-06,3054,1333,1240,286964.59,156208.01,130756.58,Non-Branded Search,CA,Google - Non-Branded Search - C05,209240,9283,1622.95,5763.12,Google,355.1015126775317,7.756404129229593,0.17483033502100614,4.436532211814185
2025-08-06,3054,1333,1240,286964.59,156208.01,130756.58,Display,CA,Google - Non-Branded Search - C06,137373,521,1105.55,1578.06,Google,142.73981276287822,8.04779687420381,2.121976967370441,0.3792593886717186
2025-08-06,3054,1333,1240,286964.59,156208.01,130756.58,Non-Branded Search,CA,Google - Display - C07,140431,6267,453.35,1220.03,Google,269.11437079519135,3.228275808048081,0.07233923727461306,4.462689861925073
2025-08-06,3054,1333,1240,286964.59,156208.01,130756.58,Non-Branded Search,CA,Google - Display - C08,324714,14994,2863.88,8764.71,Google,306.04320013408375,8.819699797360139,0.19100173402694412,4.617601951255566
2025-08-06,3054,1333,1240,286964.59,156208.01,130756.58,Non-Branded Search,CA,Google - Display - C09,186489,8369,1156.07,4150.83,Google,359.0465975243714,6.199132388505488,0.13813717289998803,4.487664151773027
2025-08-06,3054,1333,1240,286964.59,156208.01,130756.58,Non-Branded Search,NY,Google - Non-Branded Search - C10,229374,10133,1486.54,5629.45,Google,378.6948215318794,6.48085659229032,0.14670285206750222,4.417675935371925
2025-08-06,3054,1333,1240,286964.59,156208.01,130756.58,Retargeting,CA,TikTok - Retargeting - C01,106382,1674,1196.18,3404.19,TikTok,284.58843986690965,11.244195446598109,0.7145639187574672,1.5735744768851874
2025-08-06,3054,1333,1240,286964.59,156208.01,130756.58,Retargeting,CA,TikTok - Retargeting - C02,94754,1376,708.53,2199.8,TikTok,310.4737978631816,7.477573506131668,0.5149200581395349,1.452181438250628
2025-08-06,3054,1333,1240,286964.59,156208.01,130756.58,Spark Ads,CA,TikTok - Retargeting - C03,170366,2252,868.81,1845.37,TikTok,212.40202115537343,5.099667774086379,0.3857948490230906,1.321859995539016
2025-08-06,3054,1333,1240,286964.59,156208.01,130756.58,Spark Ads,CA,TikTok - Spark Ads - C04,188185,2569,917.28,2415.63,TikTok,263.3470695970696,4.874352366022796,0.35705722070844687,1.3651459999468607
2025-08-06,3054,1333,1240,286964.59,156208.01,130756.58,Spark Ads,CA,TikTok - Spark Ads - C05,139906,1807,917.61,2191.68,TikTok,238.84656880374013,6.558760882306691,0.5078085224128389,1.2915814904292884
2025-08-06,3054,1333,1240,286964.59,156208.01,130756.58,Retargeting,CA,TikTok - Spark Ads - C06,94975,1440,1055.98,2928.91,TikTok,277.3641546241406,11.118504869702555,0.7333194444444444,1.5161884706501711
2025-08-06,3054,1333,1240,286964.59,156208.01,130756.58,Retargeting,CA,TikTok - Retargeting - C07,163140,2640,1127.47,2983.4,TikTok,264.6101448375567,6.911057987005027,0.4270719696969697,1.6182420007355647
2025-08-06,3054,1333,1240,286964.59,156208.01,130756.58,Retargeting,CA,TikTok - Spark Ads - C08,222089,3440,1384.21,3786.11,TikTok,273.52135875336836,6.232681492554787,0.40238662790697677,1.5489285826853199
2025-08-06,3054,1333,1240,286964.59,156208.01,130756.58,Retargeting,CA,TikTok - Spark Ads - C09,200168,2980,1184.81,3855.81,TikTok,325.43698989711436,5.919077974501419,0.39758724832214765,1.4887494504616123
2025-08-06,3054,1333,1240,286964.59,156208.01,130756.58,Retargeting,CA,TikTok - Retargeting - C10,185839,3124,1798.6,4669.65,TikTok,259.6269320582675,9.678269900290035,0.5757362355953904,1.6810249732295157
2025-08-07,3816,1271,1250,290615.11,166892.32,123722.79,Asc,NY,Facebook - ASC - C01,124245,1907,1260.81,3018.67,Facebook,239.42306929672193,10.14777254617892,0.6611484006292606,1.534870618535957
2025-08-07,3816,1271,1250,290615.11,166892.32,123722.79,Prospecting,NY,Facebook - Prospecting - C02,193793,2558,1593.91,3739.88,Facebook,234.6355816827801,8.22480688156951,0.6231078967943706,1.3199651174191018
2025-08-07,3816,1271,1250,290615.11,166892.32,123722.79,Prospecting,NY,Facebook - Prospecting - C03,150772,1638,1838.67,4557.84,Facebook,247.88787547520764,12.195036213620567,1.1225091575091575,1.086408616984586
2025-08-07,3816,1271,1250,290615.11,166892.32,123722.79,Asc,CA,Facebook - Prospecting - C04,228060,3130,2623.85,7488.36,Facebook,285.3958877222402,11.505086380776987,0.8382907348242811,1.3724458475839691
2025-08-07,3816,1271,1250,290615.11,166892.32,123722.79,Prospecting,NY,Facebook - ASC - C05,252065,2934,2414.79,5266.56,Facebook,218.09598350167096,9.580028960783926,0.823036809815951,1.163985479935731
2025-08-07,3816,1271,1250,290615.11,166892.32,123722.79,Asc,NY,Facebook - ASC - C06,189054,2781,1612.03,4943.8,Facebook,306.68163743850926,8.526823024109515,0.579658396260338,1.471008283347615
2025-08-07,3816,1271,1250,290615.11,166892.32,123722.79,Asc,NY,Facebook - ASC - C07,237735,3893,2161.34,6225.15,Facebook,288.0227081347682,9.091383262876732,0.5551862316979194,1.6375375943802974
2025-08-07,3816,1271,1250,290615.11,166892.32,123722.79,Asc,CA,Facebook - Prospecting - C08,223641,3369,1334.72,3810.72,Facebook,285.50707264444975,5.9681364329438695,0.3961769070940932,1.5064321837230203
2025-08-07,3816,1271,1250,290615.11,166892.32,123722.79,Prospecting,CA,Facebook - Prospecting - C09,221674,2885,2319.32,5865.48,Facebook,252.896538640636,10.462751608217474,0.8039237435008666,1.3014607035556718
2025-08-07,3816,1271,1250,290615.11,166892.32,123722.79,Prospecting,CA,Facebook - ASC - C10,158332,1870,1938.81,4649.37,Facebook,239.8053445154502,12.245218907106587,1.0367967914438503,1.1810625773690726
2025-08-07,3816,1271,1250,290615.11,166892.32,123722.79,Non-Branded Search,CA,Google - Display - C01,213701,10212,1529.75,5707.25,Google,373.08383722830524,7.158366128375628,0.14979925577751665,4.778639313807609
2025-08-07,3816,1271,1250,290615.11,166892.32,123722.79,Non-Branded Search,NY,Google - Non-Branded Search - C02,278216,13214,2048.69,6100.8,Google,297.79029526185025,7.3636670788164595,0.15503935220220977,4.749547114472208
2025-08-07,3816,1271,1250,290615.11,166892.32,123722.79,Non-Branded Search,CA,Google - Non-Branded Search - C03,248705,11905,976.87,3464.86,Google,354.6899792193434,3.9278261394021032,0.08205543889122217,4.7867956012142905
2025-08-07,3816,1271,1250,290615.11,166892.32,123722.79,Non-Branded Search,NY,Google - Non-Branded Search - C04,264305,12638,1782.36,4862.43,Google,272.8085235305999,6.743572766311647,0.14103180883051114,4.78159701859594
2025-08-07,3816,1271,1250,290615.11,166892.32,123722.79,Non-Branded Search,CA,Google - Non-Branded Search - C05,488146,20251,3955.88,12759.83,Google,322.55351527346636,8.103886951854568,0.19534245222458152,4.148553916246369
2025-08-07,3816,1271,1250,290615.11,166892.32,123722.79,Display,CA,Google - Non-Branded Search - C06,192928,785,864.41,1201.41,Google,138.98612926736155,4.4804797644717205,1.1011592356687898,0.4068875435395588
2025-08-07,3816,1271,1250,290615.11,166892.32,123722.79,Non-Branded Search,CA,Google - Display - C07,116751,5722,419.35,1227.43,Google,292.6982234410397,3.591832189874177,0.07328731212862635,4.901028684979144
2025-08-07,3816,1271,1250,290615.11,166892.32,123722.79,Non-Branded Search,CA,Google - Display - C08,212284,8782,678.14,2216.64,Google,326.8705577019494,3.194494168189783,0.07721931222956047,4.136910930640085
2025-08-07,3816,1271,1250,290615.11,166892.32,123722.79,Non-Branded Search,CA,Google - Display - C09,304100,13523,2054.18,5931.09,Google,288.73273033521895,6.754949029924367,0.15190268431561044,4.446892469582374
2025-08-07,3816,1271,1250,290615.11,166892.32,123722.79,Non-Branded Search,NY,Google - Non-Branded Search - C10,242542,11816,784.54,2247.28,Google,286.44556045580856,3.2346562657189266,0.0663964116452268,4.871733555425452
2025-08-07,3816,1271,1250,290615.11,166892.32,123722.79,Retargeting,CA,TikTok - Retargeting - C01,180901,2832,1544.08,4837.59,TikTok,313.2991813895653,8.535497316211629,0.5452259887005649,1.565497150375067
2025-08-07,3816,1271,1250,290615.11,166892.32,123722.79,Retargeting,CA,TikTok - Retargeting - C02,77445,1149,477.19,1573.29,TikTok,329.6988620884763,6.161663115759572,0.4153089643167972,1.483633546387759
2025-08-07,3816,1271,1250,290615.11,166892.32,123722.79,Spark Ads,CA,TikTok - Retargeting - C03,85300,1108,888.61,2025.24,TikTok,227.91100707847085,10.41746776084408,0.8019945848375452,1.2989449003517
2025-08-07,3816,1271,1250,290615.11,166892.32,123722.79,Spark Ads,CA,TikTok - Spark Ads - C04,135501,1837,723.1,1981.08,TikTok,273.97040519983403,5.336491981608992,0.39363091997822536,1.355709551959026
2025-08-07,3816,1271,1250,290615.11,166892.32,123722.79,Spark Ads,CA,TikTok - Spark Ads - C05,101454,1337,1085.38,2604.1,TikTok,239.9251874919383,10.698247481617285,0.8118025430067316,1.3178386263725432
2025-08-07,3816,1271,1250,290615.11,166892.32,123722.79,Retargeting,CA,TikTok - Spark Ads - C06,209986,3665,1776.88,5642.45,TikTok,317.54817432803566,8.461897459830656,0.48482401091405186,1.7453544522015756
2025-08-07,3816,1271,1250,290615.11,166892.32,123722.79,Retargeting,CA,TikTok - Retargeting - C07,254781,3747,1313.25,4177.91,TikTok,318.1351608604607,5.15442674296749,0.35048038430744594,1.4706748148409812
2025-08-07,3816,1271,1250,290615.11,166892.32,123722.79,Retargeting,CA,TikTok - Spark Ads - C08,183063,2987,1179.11,3862.7,TikTok,327.5945416458176,6.441006647984573,0.39474723803146966,1.6316787117003437
2025-08-07,3816,1271,1250,290615.11,166892.32,123722.79,Retargeting,CA,TikTok - Spark Ads - C09,139472,2127,1600.67,4820.11,TikTok,301.1307764873459,11.47664047263967,0.7525481899388811,1.5250372834690833
2025-08-07,3816,1271,1250,290615.11,166892.32,123722.79,Retargeting,CA,TikTok - Retargeting - C10,171335,2926,1232.75,4066.69,TikTok,329.88764956398296,7.194968920535792,0.421308954203691,1.7077654886625617
2025-08-08,3322,1342,1305,300068.84,182338.19,117730.65,Asc,NY,Facebook - ASC - C01,142972,2052,1757.12,4436.31,Facebook,252.47621107266437,12.289958873066054,0.8562962962962962,1.4352460621660186
2025-08-08,3322,1342,1305,300068.84,182338.19,117730.65,Prospecting,NY,Facebook - Prospecting - C02,102601,1314,825.14,1750.19,Facebook,212.10824829725868,8.042221810703598,0.6279604261796042,1.2806892720343857
2025-08-08,3322,1342,1305,300068.84,182338.19,117730.65,Prospecting,NY,Facebook - Prospecting - C03,95536,1227,735.48,1815.41,Facebook,246.8333605264589,7.6984592195612125,0.5994132029339854,1.2843326076034165
2025-08-08,3322,1342,1305,300068.84,182338.19,117730.65,Asc,CA,Facebook - Prospecting - C04,150905,2320,1138.01,3533.98,Facebook,310.5403291710969,7.5412345515390475,0.4905215517241379,1.5373910738544116
2025-08-08,3322,1342,1305,300068.84,182338.19,117730.65,Prospecting,NY,Facebook - ASC - C05,218999,2690,1229.79,3084.39,Facebook,250.80623521088964,5.615505093630564,0.4571710037174721,1.2283161110324705
2025-08-08,3322,1342,1305,300068.84,182338.19,117730.65,Asc,NY,Facebook - ASC - C06,403454,6285,3471.95,9464.65,Facebook,272.6032920981005,8.605565938124297,0.5524184566428003,1.5577984107234033
2025-08-08,3322,1342,1305,300068.84,182338.19,117730.65,Asc,NY,Facebook - ASC - C07,91093,1240,1111.85,3177.82,Facebook,285.8137338669785,12.20565795395914,0.8966532258064516,1.3612461989395455
2025-08-08,3322,1342,1305,300068.84,182338.19,117730.65,Asc,CA,Facebook - Prospecting - C08,231669,3679,2520.42,7114.57,Facebook,282.277160155847,10.879401214664025,0.6850829029627616,1.5880415592936472
2025-08-08,3322,1342,1305,300068.84,182338.19,117730.65,Prospecting,CA,Facebook - Prospecting - C09,289401,3150,2159.49,5268.95,Facebook,243.99047923352276,7.461929986420226,0.6855523809523809,1.0884551193672447
2025-08-08,3322,1342,1305,300068.84,182338.19,117730.65,Prospecting,CA,Facebook - ASC - C10,235298,2774,2169.16,4781.13,Facebook,220.4138929355142,9.21877789016481,0.7819610670511896,1.178930547645964
2025-08-08,3322,1342,1305,300068.84,182338.19,117730.65,Non-Branded Search,CA,Google - Display - C01,295508,12848,2811.83,9229.81,Google,328.2492184804914,9.51524155014416,0.21885351805728517,4.347767234727994
2025-08-08,3322,1342,1305,300068.84,182338.19,117730.65,Non-Branded Search,NY,Google - Non-Branded Search - C02,199620,9358,1549.81,4304.5,Google,277.74372342416166,7.763801222322412,0.16561337892712116,4.687907023344354
2025-08-08,3322,1342,1305,300068.84,182338.19,117730.65,Non-Branded Search,CA,Google - Non-Branded Search - C03,168838,8101,995.18,3199.08,Google,321.45742478747565,5.894289200298511,0.12284656215282064,4.798090477262227
2025-08-08,3322,1342,1305,300068.84,182338.19,117730.65,Non-Branded Search,NY,Google - Non-Branded Search - C04,195106,8124,1533.91,5213.37,Google,339.8745689121265,7.861931462897093,0.1888121614967996,4.1638903980400395
2025-08-08,3322,1342,1305,300068.84,182338.19,117730.65,Non-Branded Search,CA,Google - Non-Branded Search - C05,282425,13003,1426.37,4422.91,Google,310.0815356464312,5.050438169425511,0.10969545489502422,4.6040541736744265
2025-08-08,3322,1342,1305,300068.84,182338.19,117730.65,Display,CA,Google - Non-Branded Search - C06,220132,846,1763.02,2980.48,Google,169.05537089766426,8.008921919575528,2.0839479905437353,0.3843148656260789
2025-08-08,3322,1342,1305,300068.84,182338.19,117730.65,Non-Branded Search,CA,Google - Display - C07,295948,13168,1007.9,2838.02,Google,281.57753745411253,3.405665860218687,0.07654161603888214,4.449430305323909
2025-08-08,3322,1342,1305,300068.84,182338.19,117730.65,Non-Branded Search,CA,Google - Display - C08,647138,27788,5083.8,16342.96,Google,321.4713403359691,7.855820551412528,0.18294947459334965,4.293983663453544
2025-08-08,3322,1342,1305,300068.84,182338.19,117730.65,Non-Branded Search,CA,Google - Display - C09,230471,9371,931.38,2891.55,Google,310.45867422534303,4.041202580801923,0.09938960623199232,4.0660213215545555
2025-08-08,3322,1342,1305,300068.84,182338.19,117730.65,Non-Branded Search,NY,Google - Non-Branded Search - C10,313108,15230,1973.96,6229.03,Google,315.56009240308816,6.30440614739962,0.12960998030203547,4.864136336344009
2025-08-08,3322,1342,1305,300068.84,182338.19,117730.65,Retargeting,CA,TikTok - Retargeting - C01,232749,3738,2073.87,6170.16,TikTok,297.5191309002011,8.910328293569467,0.5548073836276083,1.606021937795651
2025-08-08,3322,1342,1305,300068.84,182338.19,117730.65,Retargeting,CA,TikTok - Retargeting - C02,163589,2628,1340.14,4223.07,TikTok,315.1215544644589,8.19211560679508,0.5099467275494673,1.60646498236434
2025-08-08,3322,1342,1305,300068.84,182338.19,117730.65,Spark Ads,CA,TikTok - Retargeting - C03,81186,1080,729.67,1976.26,TikTok,270.84298381460115,8.987633335796811,0.6756203703703704,1.3302786194664105
2025-08-08,3322,1342,1305,300068.84,182338.19,117730.65,Spark Ads,CA,TikTok - Spark Ads - C04,108791,1519,625.99,1374.18,TikTok,219.5210786114794,5.754060538095982,0.41210664911125744,1.3962552049342316
2025-08-08,3322,1342,1305,300068.84,182338.19,117730.65,Spark Ads,CA,TikTok - Spark Ads - C05,117557,1635,1448.26,3566.55,TikTok,246.26448289671745,12.319640684944325,0.8857859327217126,1.3908146686288354
2025-08-08,3322,1342,1305,300068.84,182338.19,117730.65,Retargeting,CA,TikTok - Spark Ads - C06,110869,1940,809.09,2271.63,TikTok,280.76357389165605,7.297711713824423,0.41705670103092785,1.749812842183117
2025-08-08,3322,1342,1305,300068.84,182338.19,117730.65,Retargeting,CA,TikTok - Retargeting - C07,155483,2688,701.29,2507.11,TikTok,357.49975045986685,4.510396635001897,0.26089657738095234,1.728806364682956
2025-08-08,3322,1342,1305,300068.84,182338.19,117730.65,Retargeting,CA,TikTok - Spark Ads - C08,202889,3288,1837.57,6483.09,TikTok,352.8077841932552,9.05702132693246,0.5588716545012166,1.6205905692275087
2025-08-08,3322,1342,1305,300068.84,182338.19,117730.65,Retargeting,CA,TikTok - Spark Ads - C09,120207,1925,685.75,2071.47,TikTok,302.0736419978126,5.704742652258188,0.35623376623376624,1.6014042443451713
2025-08-08,3322,1342,1305,300068.84,182338.19,117730.65,Retargeting,CA,TikTok - Retargeting - C10,96433,1479,734.08,1820.91,TikTok,248.0533456843941,7.612331878091525,0.49633536173089926,1.53370734084805
2025-08-09,3296,1789,1796,299669.71,178918.65,120751.06,Asc,NY,Facebook - ASC - C01,175004,2686,1169.05,3038.98,Facebook,259.95295325264107,6.680133025530845,0.43523827252419955,1.5348220612100294
2025-08-09,3296,1789,1796,299669.71,178918.65,120751.06,Prospecting,NY,Facebook - Prospecting - C02,191278,2460,2356.72,5438.22,Facebook,230.75375946230358,12.32091510785349,0.9580162601626016,1.2860862200566714
2025-08-09,3296,1789,1796,299669.71,178918.65,120751.06,Prospecting,NY,Facebook - Prospecting - C03,274341,2974,2480.75,6067.77,Facebook,244.59417514864458,9.042578396958529,0.8341459314055144,1.0840523290357622
2025-08-09,3296,1789,1796,299669.71,178918.65,120751.06,Asc,CA,Facebook - Prospecting - C04,236587,3742,1750.03,4506.34,Facebook,257.50072855893904,7.396982928056064,0.46767236771779797,1.5816591782304186
2025-08-09,3296,1789,1796,299669.71,178918.65,120751.06,Prospecting,NY,Facebook - ASC - C05,142975,1550,1761.23,3924.83,Facebook,222.84596560358386,12.318447280993182,1.1362774193548386,1.084105612869383
2025-08-09,3296,1789,1796,299669.71,178918.65,120751.06,Asc,NY,Facebook - ASC - C06,206840,2880,1714.48,4164.8,Facebook,242.91913583127246,8.288918971185458,0.5953055555555555,1.3923805840263006
2025-08-09,3296,1789,1796,299669.71,178918.65,120751.06,Asc,NY,Facebook - ASC - C07,101699,1433,794.26,2248.35,Facebook,283.07481177448193,7.809909635296316,0.5542637822749477,1.409060069420545
2025-08-09,3296,1789,1796,299669.71,178918.65,120751.06,Asc,CA,Facebook - Prospecting - C08,121910,1843,1149.05,3186.35,Facebook,277.3029894260476,9.425395783774917,0.6234671730873576,1.5117709785907638
2025-08-09,3296,1789,1796,299669.71,178918.65,120751.06,Prospecting,CA,Facebook - Prospecting - C09,209339,2402,2297.53,6351.88,Facebook,276.4655956614277,10.975164685032412,0.9565070774354705,1.1474211685352467
2025-08-09,3296,1789,1796,299669.71,178918.65,120751.06,Prospecting,CA,Facebook - ASC - C10,298890,3465,2635.34,6744.04,Facebook,255.90777660567517,8.817089899294054,0.7605598845598845,1.1592893706714844
2025-08-09,3296,1789,1796,299669.71,178918.65,120751.06,Non-Branded Search,CA,Google - Display - C01,409765,18040,2283.7,7942.02,Google,347.7698471778255,5.573194391907556,0.1265909090909091,4.402523397557136
2025-08-09,3296,1789,1796,299669.71,178918.65,120751.06,Non-Branded Search,NY,Google - Non-Branded Search - C02,320865,15689,1432.56,4116.47,Google,287.3506170771207,4.464681408068814,0.09130983491618332,4.889595312670438
2025-08-09,3296,1789,1796,299669.71,178918.65,120751.06,Non-Branded Search,CA,Google - Non-Branded Search - C03,385603,18828,1248.86,4470.36,Google,357.95525519273576,3.238719615770624,0.06632993414064159,4.882742094848847
2025-08-09,3296,1789,1796,299669.71,178918.65,120751.06,Non-Branded Search,NY,Google - Non-Branded Search - C04,218208,9942,1544.09,5158.46,Google,334.0776768193564,7.076230019064378,0.15530979682156507,4.5562032556093275
2025-08-09,3296,1789,1796,299669.71,178918.65,120751.06,Non-Branded Search,CA,Google - Non-Branded Search - C05,371657,17370,1099.0,3660.94,Google,333.1155595996361,2.9570275818832954,0.06327000575705238,4.673664158081241
2025-08-09,3296,1789,1796,299669.71,178918.65,120751.06,Display,CA,Google - Non-Branded Search - C06,187667,715,970.99,1429.8,Google,147.25177396265667,5.174005019529273,1.358027972027972,0.38099399468206985
2025-08-09,3296,1789,1796,299669.71,178918.65,120751.06,Non-Branded Search,CA,Google - Display - C07,145355,6396,963.64,3306.63,Google,343.13955419036154,6.629562106566681,0.1506629143214509,4.400261428915414
2025-08-09,3296,1789,1796,299669.71,178918.65,120751.06,Non-Branded Search,CA,Google - Display - C08,210683,10134,1028.97,3395.09,Google,329.9503386882028,4.8839726033899264,0.10153641207815275,4.810070105324113
2025-08-09,3296,1789,1796,299669.71,178918.65,120751.06,Non-Branded Search,CA,Google - Display - C09,183591,8710,1827.48,5236.85,Google,286.5612756363955,9.95408271647303,0.20981400688863375,4.744241275443786
2025-08-09,3296,1789,1796,299669.71,178918.65,120751.06,Non-Branded Search,NY,Google - Non-Branded Search - C10,211324,8853,1842.34,5760.78,Google,312.6882117307337,8.718082186594991,0.20810346775104482,4.189301735723344
2025-08-09,3296,1789,1796,299669.71,178918.65,120751.06,Retargeting,CA,TikTok - Retargeting - C01,202934,3247,1485.32,4567.26,TikTok,307.493334769612,7.319226940778775,0.45744379427163534,1.6000275951787282
2025-08-09,3296,1789,1796,299669.71,178918.65,120751.06,Retargeting,CA,TikTok - Retargeting - C02,317712,5569,3154.5,8298.76,TikTok,263.07687430654624,9.928803444629096,0.566439217094631,1.7528453442111094
2025-08-09,3296,1789,1796,299669.71,178918.65,120751.06,Spark Ads,CA,TikTok - Retargeting - C03,171248,2242,710.1,1788.3,TikTok,251.83776932826362,4.14661777071849,0.3167261373773417,1.3092123703634495
2025-08-09,3296,1789,1796,299669.71,178918.65,120751.06,Spark Ads,CA,TikTok - Spark Ads - C04,155304,2082,1584.38,4119.14,TikTok,259.9843471894369,10.201797764384692,0.7609894332372719,1.3405965074949777
2025-08-09,3296,1789,1796,299669.71,178918.65,120751.06,Spark Ads,CA,TikTok - Spark Ads - C05,56997,813,464.8,1014.77,TikTok,218.32401032702236,8.154815165710476,0.571709717097171,1.426390862676983
2025-08-09,3296,1789,1796,299669.71,178918.65,120751.06,Retargeting,CA,TikTok - Spark Ads - C06,137333,2246,1071.03,3248.47,TikTok,303.3033621840658,7.798781065002585,0.4768610863757792,1.6354408627205406
2025-08-09,3296,1789,1796,299669.71,178918.65,120751.06,Retargeting,CA,TikTok - Retargeting - C07,154762,2459,1519.82,4868.37,TikTok,320.3254332749931,9.820369341311174,0.6180642537616917,1.5888913299130276
2025-08-09,3296,1789,1796,299669.71,178918.65,120751.06,Retargeting,CA,TikTok - Spark Ads - C08,187838,2901,1210.16,3637.82,TikTok,300.606531367753,6.442572855332787,0.4171527059634609,1.5444159328783313
2025-08-09,3296,1789,1796,299669.71,178918.65,120751.06,Retargeting,CA,TikTok - Spark Ads - C09,260622,3885,3125.85,10425.29,TikTok,333.5185629508774,11.993807122959687,0.8045945945945946,1.4906646407440662
2025-08-09,3296,1789,1796,299669.71,178918.65,120751.06,Retargeting,CA,TikTok - Retargeting - C10,236996,3674,1731.79,5436.56,TikTok,313.9272082642815,7.3072541308714065,0.4713636363636364,1.550237134803963
2025-08-10,3153,1588,1507,306997.73,169616.47,137381.26,Asc,NY,Facebook - ASC - C01,356260,5527,2857.13,8265.75,Facebook,289.3025518614833,8.019788918205805,0.5169404740365479,1.5513950485600403
2025-08-10,3153,1588,1507,306997.73,169616.47,137381.26,Prospecting,NY,Facebook - Prospecting - C02,169601,1955,1883.04,4816.74,Facebook,255.79594697935252,11.102764724264597,0.9631918158567775,1.1527054675385169
2025-08-10,3153,1588,1507,306997.73,169616.47,137381.26,Prospecting,NY,Facebook - Prospecting - C03,180073,2041,1227.99,3008.82,Facebook,245.0199105855911,6.819401020697162,0.6016609505144537,1.133429220371738
2025-08-10,3153,1588,1507,306997.73,169616.47,137381.26,Asc,CA,Facebook - Prospecting - C04,156841,2339,1183.6,3746.88,Facebook,316.5664075701251,7.54649613302644,0.5060282171868319,1.491319234128831
2025-08-10,3153,1588,1507,306997.73,169616.47,137381.26,Prospecting,NY,Facebook - ASC - C05,200049,2207,1416.31,3660.52,Facebook,258.4547168345913,7.079815445215922,0.6417353874037154,1.1032297087213632
2025-08-10,3153,1588,1507,306997.73,169616.47,137381.26,Asc,NY,Facebook - ASC - C06,124292,2012,1661.72,4737.82,Facebook,285.11542257420024,13.369484761690213,0.8259045725646124,1.6187687059505036
2025-08-10,3153,1588,1507,306997.73,169616.47,137381.26,Asc,NY,Facebook - ASC - C07,183523,2513,1881.84,5844.88,Facebook,310.59388683416233,10.253973616385958,0.748842021488261,1.3693106586095476
2025-08-10,3153,1588,1507,306997.73,169616.47,137381.26,Asc,CA,Facebook - Prospecting - C08,300863,4855,2193.68,6373.21,Facebook,290.5259655008935,7.291292049869873,0.45183934088568484,1.6136912814137996
2025-08-10,3153,1588,1507,306997.73,169616.47,137381.26,Prospecting,CA,Facebook - Prospecting - C09,290959,3671,1821.23,3894.57,Facebook,213.84284247459132,6.259404245959053,0.4961127758104059,1.2616897913451723
2025-08-10,3153,1588,1507,306997.73,169616.47,137381.26,Prospecting,CA,Facebook - ASC - C10,182777,1993,2163.5,5303.08,Facebook,245.1157846082736,11.836828484984435,1.0855494229804314,1.0903997767771656
2025-08-10,3153,1588,1507,306997.73,169616.47,137381.26,Non-Branded Search,CA,Google - Display - C01,269023,12004,2184.79,7403.29,Google,338.8559083481708,8.121201532954432,0.1820051649450183,4.462072016147318
2025-08-10,3153,1588,1507,306997.73,169616.47,137381.26,Non-Branded Search,NY,Google - Non-Branded Search - C02,338830,15009,1165.18,3719.59,Google,319.22878868501004,3.438833633385474,0.07763208741421813,4.429654989227636
2025-08-10,3153,1588,1507,306997.73,169616.47,137381.26,Non-Branded Search,CA,Google - Non-Branded Search - C03,224560,9380,1874.93,5756.53,Google,307.0263956521043,8.349349839686498,0.1998859275053305,4.177057356608479
2025-08-10,3153,1588,1507,306997.73,169616.47,137381.26,Non-Branded Search,NY,Google - Non-Branded Search - C04,231652,9590,2125.89,6016.06,Google,282.9901829351472,9.17708459240585,0.22167778936392074,4.139830435308134
2025-08-10,3153,1588,1507,306997.73,169616.47,137381.26,Non-Branded Search,CA,Google - Non-Branded Search - C05,342830,14971,1241.66,3369.41,Google,271.3633361789862,3.621795058775487,0.08293767951372655,4.3668873785841384
2025-08-10,3153,1588,1507,306997.73,169616.47,137381.26,Display,CA,Google - Non-Branded Search - C06,263105,1076,2236.41,4108.2,Google,183.69619166431917,8.500066513369186,2.0784479553903346,0.4089622014024819
2025-08-10,3153,1588,1507,306997.73,169616.47,137381.26,Non-Branded Search,CA,Google - Display - C07,284002,11955,993.27,3701.66,Google,372.6740966705931,3.49740494785248,0.08308406524466751,4.209477398046492
2025-08-10,3153,1588,1507,306997.73,169616.47,137381.26,Non-Branded Search,CA,Google - Display - C08,381002,17082,3137.14,10373.28,Google,330.66041043753233,8.233920031915842,0.18365179721344105,4.483441031805607
2025-08-10,3153,1588,1507,306997.73,169616.47,137381.26,Non-Branded Search,CA,Google - Display - C09,182256,7777,985.95,2642.88,Google,268.0541609615092,5.409698446141691,0.1267776777677768,4.267074883680098
2025-08-10,3153,1588,1507,306997.73,169616.47,137381.26,Non-Branded Search,NY,Google - Non-Branded Search - C10,129042,5420,814.03,2209.09,Google,271.37697627851554,6.308256226654888,0.150190036900369,4.200182886192092
2025-08-10,3153,1588,1507,306997.73,169616.47,137381.26,Retargeting,CA,TikTok - Retargeting - C01,215005,3341,1611.02,4401.59,TikTok,273.21758885674916,7.492942024604079,0.48219694702184973,1.5539173507592845
2025-08-10,3153,1588,1507,306997.73,169616.47,137381.26,Retargeting,CA,TikTok - Retargeting - C02,86744,1280,926.75,2892.24,TikTok,312.08416509306716,10.68373605090842,0.7240234375,1.4756063819976022
2025-08-10,3153,1588,1507,306997.73,169616.47,137381.26,Spark Ads,CA,TikTok - Retargeting - C03,190642,2695,1326.83,2736.29,TikTok,206.22762524211845,6.959798994974874,0.492330241187384,1.4136444225301874
2025-08-10,3153,1588,1507,306997.73,169616.47,137381.26,Spark Ads,CA,TikTok - Spark Ads - C04,213635,2504,889.46,2398.28,TikTok,269.6332606300452,4.163456362487421,0.3552156549520767,1.1720925878250288
2025-08-10,3153,1588,1507,306997.73,169616.47,137381.26,Spark Ads,CA,TikTok - Spark Ads - C05,102067,1457,480.95,1124.0,TikTok,233.7041272481547,4.712100874915496,0.33009608785175015,1.4274937051152674
2025-08-10,3153,1588,1507,306997.73,169616.47,137381.26,Retargeting,CA,TikTok - Spark Ads - C06,140784,2103,1468.39,4615.57,TikTok,314.3286184188124,10.430091487669053,0.6982358535425583,1.493777702011592
2025-08-10,3153,1588,1507,306997.73,169616.47,137381.26,Retargeting,CA,TikTok - Retargeting - C07,112632,1920,1132.81,3459.25,TikTok,305.36894977975123,10.057621279920449,0.5900052083333333,1.704666524611123
2025-08-10,3153,1588,1507,306997.73,169616.47,137381.26,Retargeting,CA,TikTok - Spark Ads - C08,205272,3039,2142.44,6838.46,TikTok,319.19026903903955,10.437078607895865,0.7049819019414281,1.4804746872442418
2025-08-10,3153,1588,1507,306997.73,169616.47,137381.26,Retargeting,CA,TikTok - Spark Ads - C09,167151,2873,1649.98,5350.54,TikTok,324.279082170693,9.871194309337065,0.574305603898364,1.7188051522276266
2025-08-10,3153,1588,1507,306997.73,169616.47,137381.26,Retargeting,CA,TikTok - Retargeting - C10,79447,1278,592.97,1652.9,TikTok,278.7493465099415,7.463717950331668,0.46398278560250394,1.608619582866565
2025-08-11,2309,1072,1019,252722.59,153870.3,98852.29,Asc,NY,Facebook - ASC - C01,217611,3173,2763.36,6696.77,Facebook,242.34156968328412,12.698622771826793,0.8708982035928144,1.458106437634127
2025-08-11,2309,1072,1019,252722.59,153870.3,98852.29,Prospecting,NY,Facebook - Prospecting - C02,228151,2563,1844.9,5037.42,Facebook,273.04569353352485,8.086311258771604,0.7198205228248147,1.1233788149076707
2025-08-11,2309,1072,1019,252722.59,153870.3,98852.29,Prospecting,NY,Facebook - Prospecting - C03,159277,1974,1673.47,4225.41,Facebook,252.49391981929762,10.506664490164933,0.8477558257345491,1.2393503142324378
2025-08-11,2309,1072,1019,252722.59,153870.3,98852.29,Asc,CA,Facebook - Prospecting - C04,326337,4714,2856.41,7854.38,Facebook,274.973830787597,8.752945574666679,0.6059418752651675,1.4445190094901896
2025-08-11,2309,1072,1019,252722.59,153870.3,98852.29,Prospecting,NY,Facebook - ASC - C05,161347,1885,1462.66,3386.44,Facebook,231.52612363775583,9.06530645131301,0.7759469496021221,1.1682894630826728
2025-08-11,2309,1072,1019,252722.59,153870.3,98852.29,Asc,NY,Facebook - ASC - C06,232716,3608,1417.95,4511.99,Facebook,318.2051553298776,6.0930490383127935,0.39300166297117517,1.550387596899225
2025-08-11,2309,1072,1019,252722.59,153870.3,98852.29,Asc,NY,Facebook - ASC - C07,200343,3029,2048.55,5263.01,Facebook,256.9139147201679,10.225213758404339,0.6763123142951469,1.5119070793588996
2025-08-11,2309,1072,1019,252722.59,153870.3,98852.29,Asc,CA,Facebook - Prospecting - C08,182765,2579,2023.78,6355.37,Facebook,314.03462826987123,11.073126692747516,0.7847150058162078,1.4111016879599485
2025-08-11,2309,1072,1019,252722.59,153870.3,98852.29,Prospecting,CA,Facebook - Prospecting - C09,133956,1450,1741.07,4618.33,Facebook,265.25814585283763,12.997327480665291,1.2007379310344828,1.0824449819343667
2025-08-11,2309,1072,1019,252722.59,153870.3,98852.29,Prospecting,CA,Facebook - ASC - C10,137635,1600,1086.06,2353.86,Facebook,216.73388210596102,7.890870781414612,0.6787875,1.1624950049042757
2025-08-11,2309,1072,1019,252722.59,153870.3,98852.29,Non-Branded Search,CA,Google - Display - C01,313603,12974,3071.29,10596.58,Google,345.0204962735528,9.793560648335635,0.236726529983043,4.137077770301943
2025-08-11,2309,1072,1019,252722.59,153870.3,98852.29,Non-Branded Search,NY,Google - Non-Branded Search - C02,263446,11375,1439.05,4564.21,Google,317.1682707341649,5.462409753801539,0.1265098901098901,4.3177729022266425
2025-08-11,2309,1072,1019,252722.59,153870.3,98852.29,Non-Branded Search,CA,Google - Non-Branded Search - C03,214118,10257,888.08,3117.41,Google,351.02806053508687,4.147619536890874,0.08658282148776446,4.790349246677065
2025-08-11,2309,1072,1019,252722.59,153870.3,98852.29,Non-Branded Search,NY,Google - Non-Branded Search - C04,106519,5138,592.1,1616.04,Google,272.93362607667626,5.558632732188624,0.11523939275982874,4.82355260563843
2025-08-11,2309,1072,1019,252722.59,153870.3,98852.29,Non-Branded Search,CA,Google - Non-Branded Search - C05,306708,15050,2672.53,8662.35,Google,324.1254541576708,8.71359729775552,0.17757674418604652,4.906947324491047
2025-08-11,2309,1072,1019,252722.59,153870.3,98852.29,Display,CA,Google - Non-Branded Search - C06,180871,788,1706.17,2844.59,Google,166.72371451848292,9.43307661261341,2.1651903553299494,0.43566962089002664
2025-08-11,2309,1072,1019,252722.59,153870.3,98852.29,Non-Branded Search,CA,Google - Display - C07,154752,6378,1231.08,3994.45,Google,324.46713454852653,7.955179900744416,0.19301975540921917,4.121433002481389
2025-08-11,2309,1072,1019,252722.59,153870.3,98852.29,Non-Branded Search,CA,Google - Display - C08,324255,14257,1091.31,3434.69,Google,314.7309197203361,3.365591895267613,0.07654555656870309,4.396848159627454
2025-08-11,2309,1072,1019,252722.59,153870.3,98852.29,Non-Branded Search,CA,Google - Display - C09,200439,9072,807.04,2781.39,Google,344.6409099920698,4.026362135113426,0.08895943562610228,4.526065286695704
2025-08-11,2309,1072,1019,252722.59,153870.3,98852.29,Non-Branded Search,NY,Google - Non-Branded Search - C10,179036,7635,1402.37,5043.85,Google,359.6661366115933,7.832893943117584,0.18367648984937784,4.26450546258853
2025-08-11,2309,1072,1019,252722.59,153870.3,98852.29,Retargeting,CA,TikTok - Retargeting - C01,187311,3214,1640.49,4951.36,TikTok,301.8220165926034,8.758108173038423,0.5104200373366522,1.7158629231598783
2025-08-11,2309,1072,1019,252722.59,153870.3,98852.29,Retargeting,CA,TikTok - Retargeting - C02,73635,1171,708.8,2294.38,TikTok,323.69920993228,9.625857268961772,0.6052946199829206,1.5902763631425274
2025-08-11,2309,1072,1019,252722.59,153870.3,98852.29,Spark Ads,CA,TikTok - Retargeting - C03,285080,3348,2831.37,6343.22,TikTok,224.03359504409525,9.931843692998456,0.845689964157706,1.1744071839483654
2025-08-11,2309,1072,1019,252722.59,153870.3,98852.29,Spark Ads,CA,TikTok - Spark Ads - C04,102684,1270,509.23,1264.0,TikTok,248.2178976101172,4.959195200810253,0.4009685039370079,1.2368041759183515
2025-08-11,2309,1072,1019,252722.59,153870.3,98852.29,Spark Ads,CA,TikTok - Spark Ads - C05,337189,4121,3411.73,7396.39,TikTok,216.7929466868715,10.1181533205413,0.8278888619267168,1.2221632378280431
2025-08-11,2309,1072,1019,252722.59,153870.3,98852.29,Retargeting,CA,TikTok - Spark Ads - C06,150007,2234,949.6,2651.79,TikTok,279.2533698399326,6.330371249341698,0.42506714413607877,1.4892638343543967
2025-08-11,2309,1072,1019,252722.59,153870.3,98852.29,Retargeting,CA,TikTok - Retargeting - C07,134972,2247,1102.11,3254.46,TikTok,295.29357323679125,8.165471357022197,0.49048064085447257,1.6647897341670863
2025-08-11,2309,1072,1019,252722.59,153870.3,98852.29,Retargeting,CA,TikTok - Spark Ads - C08,127695,2148,1417.44,3671.46,TikTok,259.02048763968844,11.100199694584752,0.6598882681564247,1.6821332080347702
2025-08-11,2309,1072,1019,252722.59,153870.3,98852.29,Retargeting,CA,TikTok - Spark Ads - C09,106319,1629,1109.44,3861.42,TikTok,348.0512691087395,10.435011615985854,0.6810558624923266,1.5321814539263912
2025-08-11,2309,1072,1019,252722.59,153870.3,98852.29,Retargeting,CA,TikTok - Retargeting - C10,99502,1634,851.03,2469.59,TikTok,290.1883599873095,8.552893409177704,0.5208261933904529,1.6421780466724287
2025-08-12,2954,1318,1313,285009.86,143614.18,141395.68,Asc,NY,Facebook - ASC - C01,202106,2835,2142.56,5465.45,Facebook,255.0897057725338,10.601169683235529,0.755753086419753,1.4027292608829032
2025-08-12,2954,1318,1313,285009.86,143614.18,141395.68,Prospecting,NY,Facebook - Prospecting - C02,219834,2452,1987.63,4692.09,Facebook,236.06455929926597,9.041504043960444,0.810615823817292,1.115387064785247
2025-08-12,2954,1318,1313,285009.86,143614.18,141395.68,Prospecting,NY,Facebook - Prospecting - C03,119487,1547,1334.13,2889.15,Facebook,216.55685727777652,11.165482437419971,0.862398190045249,1.2947015156460535
2025-08-12,2954,1318,1313,285009.86,143614.18,141395.68,Asc,CA,Facebook - Prospecting - C04,184315,2965,1364.09,3960.24,Facebook,290.32101987405525,7.400862653609309,0.46006408094435075,1.6086590890594905
2025-08-12,2954,1318,1313,285009.86,143614.18,141395.68,Prospecting,NY,Facebook - ASC - C05,159029,1855,1642.56,3296.63,Facebook,200.7007354373661,10.32868219004081,0.8854770889487871,1.1664539172100685
2025-08-12,2954,1318,1313,285009.86,143614.18,141395.68,Asc,NY,Facebook - ASC - C06,148375,2314,1796.52,4669.21,Facebook,259.903034756084,12.107969671440605,0.7763699222126188,1.5595619208087617
2025-08-12,2954,1318,1313,285009.86,143614.18,141395.68,Asc,NY,Facebook - ASC - C07,220756,3094,2737.15,7818.04,Facebook,285.6270208063131,12.39898349308739,0.8846638655462186,1.4015474098099259
2025-08-12,2954,1318,1313,285009.86,143614.18,141395.68,Asc,CA,Facebook - Prospecting - C08,223352,3553,2005.99,5305.4,Facebook,264.47788872327374,8.981294100791576,0.5645904869124684,1.5907625631290518
2025-08-12,2954,1318,1313,285009.86,143614.18,141395.68,Prospecting,CA,Facebook - Prospecting - C09,71287,802,622.96,1271.64,Facebook,204.128675998459,8.738760222761513,0.7767581047381547,1.1250298090815998
2025-08-12,2954,1318,1313,285009.86,143614.18,141395.68,Prospecting,CA,Facebook - ASC - C10,140021,1717,1129.89,2534.41,Facebook,224.30590588464358,8.069432442276517,0.6580605707629587,1.2262446347333615
2025-08-12,2954,1318,1313,285009.86,143614.18,141395.68,Non-Branded Search,CA,Google - Display - C01,182992,9057,1118.52,3838.85,Google,343.2079891284912,6.112398356212293,0.1234978469691951,4.949396694937484
2025-08-12,2954,1318,1313,285009.86,143614.18,141395.68,Non-Branded Search,NY,Google - Non-Branded Search - C02,214088,9601,1614.07,4870.77,Google,301.76943998711334,7.539282911699861,0.16811477971044683,4.484604461716677
2025-08-12,2954,1318,1313,285009.86,143614.18,141395.68,Non-Branded Search,CA,Google - Non-Branded Search - C03,186728,8276,1129.06,3855.68,Google,341.49469470178735,6.046548991045799,0.1364258095698405,4.432115162161004
2025-08-12,2954,1318,1313,285009.86,143614.18,141395.68,Non-Branded Search,NY,Google - Non-Branded Search - C04,205250,8755,834.53,2947.07,Google,353.1412891088397,4.065919610231425,0.09532038834951456,4.265529841656517
2025-08-12,2954,1318,1313,285009.86,143614.18,141395.68,Non-Branded Search,CA,Google - Non-Branded Search - C05,139249,6069,879.2,2471.6,Google,281.1191992720655,6.313869399421181,0.14486735870818918,4.358379593390257
2025-08-12,2954,1318,1313,285009.86,143614.18,141395.68,Display,CA,Google - Non-Branded Search - C06,230425,895,1695.11,2856.05,Google,168.48759077581988,7.3564500379733095,1.893977653631285,0.3884127156341543
2025-08-12,2954,1318,1313,285009.86,143614.18,141395.68,Non-Branded Search,CA,Google - Display - C07,190085,8550,839.06,2262.19,Google,269.61003980645006,4.4141305205565935,0.09813567251461988,4.497987742325801
2025-08-12,2954,1318,1313,285009.86,143614.18,141395.68,Non-Branded Search,CA,Google - Display - C08,564839,27839,2705.43,7307.68,Google,270.1115903941333,4.789736544395836,0.097181292431481,4.928661087495729
2025-08-12,2954,1318,1313,285009.86,143614.18,141395.68,Non-Branded Search,CA,Google - Display - C09,119371,5541,522.94,1370.35,Google,262.0472711974605,4.380796005730035,0.09437646634181557,4.641830930460497
2025-08-12,2954,1318,1313,285009.86,143614.18,141395.68,Non-Branded Search,NY,Google - Non-Branded Search - C10,256760,11334,1957.7,6082.54,Google,310.6982683761557,7.624630004673626,0.1727280748191283,4.4142389780339615
2025-08-12,2954,1318,1313,285009.86,143614.18,141395.68,Retargeting,CA,TikTok - Retargeting - C01,178547,3125,1523.4,4650.63,TikTok,305.27963765261916,8.532207205945774,0.48748800000000003,1.7502394327544006
2025-08-12,2954,1318,1313,285009.86,143614.18,141395.68,Retargeting,CA,TikTok - Retargeting - C02,119892,2030,907.1,2966.19,TikTok,326.9970234814243,7.565976045107264,0.4468472906403941,1.6931905381510026
2025-08-12,2954,1318,1313,285009.86,143614.18,141395.68,Spark Ads,CA,TikTok - Retargeting - C03,82881,995,744.57,2063.09,TikTok,277.0847603314665,8.983602997068086,0.7483115577889448,1.2005164030356776
2025-08-12,2954,1318,1313,285009.86,143614.18,141395.68,Spark Ads,CA,TikTok - Spark Ads - C04,142981,2020,644.26,1478.67,TikTok,229.51448173097816,4.505913373105518,0.31894059405940595,1.4127751239675201
2025-08-12,2954,1318,1313,285009.86,143614.18,141395.68,Spark Ads,CA,TikTok - Spark Ads - C05,173329,2067,1622.88,4290.53,TikTok,264.377526372868,9.363003305851878,0.7851378809869376,1.192529813245331
2025-08-12,2954,1318,1313,285009.86,143614.18,141395.68,Retargeting,CA,TikTok - Spark Ads - C06,133431,2237,1211.35,4149.27,TikTok,342.53271143765227,9.07847501705001,0.5415064818953956,1.6765219476733293
2025-08-12,2954,1318,1313,285009.86,143614.18,141395.68,Retargeting,CA,TikTok - Retargeting - C07,130177,2255,1405.82,4740.89,TikTok,337.23307393549675,10.7992963426719,0.6234235033259423,1.7322568502884532
2025-08-12,2954,1318,1313,285009.86,143614.18,141395.68,Retargeting,CA,TikTok - Spark Ads - C08,202050,2972,997.19,2946.21,TikTok,295.4512179223618,4.935362534026232,0.335528263795424,1.4709230388517693
2025-08-12,2954,1318,1313,285009.86,143614.18,141395.68,Retargeting,CA,TikTok - Spark Ads - C09,88403,1303,974.82,3083.38,TikTok,316.3024968712172,11.027001346108165,0.7481350729086723,1.4739318801398142
2025-08-12,2954,1318,1313,285009.86,143614.18,141395.68,Retargeting,CA,TikTok - Retargeting - C10,118906,1753,1224.06,4100.03,TikTok,334.95335195987127,10.294350158949085,0.6982658300057045,1.4742737961078498
2025-08-13,2900,1238,1232,244095.73,145083.84,99011.89,Asc,NY,Facebook - ASC - C01,267859,3751,2688.73,7063.32,Facebook,262.7009777850509,10.037855737533553,0.7168035190615836,1.4003636241455393
2025-08-13,2900,1238,1232,244095.73,145083.84,99011.89,Prospecting,NY,Facebook - Prospecting - C02,94136,1198,1012.92,2373.37,Facebook,234.30971843778386,10.760176765530723,0.8455091819699498,1.2726268377666354
2025-08-13,2900,1238,1232,244095.73,145083.84,99011.89,Prospecting,NY,Facebook - Prospecting - C03,111695,1424,1035.05,2313.07,Facebook,223.47422829814988,9.266753211871615,0.7268609550561798,1.2749003984063745
2025-08-13,2900,1238,1232,244095.73,145083.84,99011.89,Asc,CA,Facebook - Prospecting - C04,234821,3524,2663.59,6259.79,Facebook,235.01327156206472,11.343065569093055,0.7558427922814983,1.5007175678495535
2025-08-13,2900,1238,1232,244095.73,145083.84,99011.89,Prospecting,NY,Facebook - ASC - C05,133758,1609,1370.95,3026.29,Facebook,220.7440096283599,10.249480404910361,0.8520509633312617,1.2029187039279894
2025-08-13,2900,1238,1232,244095.73,145083.84,99011.89,Asc,NY,Facebook - ASC - C06,221909,3405,2759.36,6670.41,Facebook,241.7375768294097,12.434646634431232,0.8103847283406755,1.5344127547778594
2025-08-13,2900,1238,1232,244095.73,145083.84,99011.89,Asc,NY,Facebook - ASC - C07,269706,3774,2159.8,5767.4,Facebook,267.03398462820627,8.007979058678709,0.572284048754637,1.3993014615915107
2025-08-13,2900,1238,1232,244095.73,145083.84,99011.89,Asc,CA,Facebook - Prospecting - C08,224293,3402,2847.3,8311.88,Facebook,291.9214694622976,12.694555781945938,0.8369488536155203,1.5167660158810128
2025-08-13,2900,1238,1232,244095.73,145083.84,99011.89,Prospecting,CA,Facebook - Prospecting - C09,102768,1201,1023.92,2701.06,Facebook,263.7959996874756,9.96341273548186,0.8525562031640299,1.1686517203798847
2025-08-13,2900,1238,1232,244095.73,145083.84,99011.89,Prospecting,CA,Facebook - ASC - C10,135575,1571,1039.13,2192.54,Facebook,210.99766150529766,7.664613682463582,0.6614449395289625,1.1587682094781486
2025-08-13,2900,1238,1232,244095.73,145083.84,99011.89,Non-Branded Search,CA,Google - Display - C01,102706,4290,789.33,2347.89,Google,297.4535365436509,7.685334839249898,0.183993006993007,4.176971160399587
2025-08-13,2900,1238,1232,244095.73,145083.84,99011.89,Non-Branded Search,NY,Google - Non-Branded Search - C02,185283,7678,660.46,1863.84,Google,282.20331284256423,3.5646011776579614,0.08601979682208909,4.143931175553073
2025-08-13,2900,1238,1232,244095.73,145083.84,99011.89,Non-Branded Search,CA,Google - Non-Branded Search - C03,258128,11515,1782.86,5228.19,Google,293.2473665907587,6.906883406681955,0.15482935301780285,4.4609651025847645
2025-08-13,2900,1238,1232,244095.73,145083.84,99011.89,Non-Branded Search,NY,Google - Non-Branded Search - C04,197652,8399,1349.5,4348.86,Google,322.25713227121156,6.827656689535142,0.1606738897487796,4.249387812923724
2025-08-13,2900,1238,1232,244095.73,145083.84,99011.89,Non-Branded Search,CA,Google - Non-Branded Search - C05,344725,14677,2225.58,6810.2,Google,305.99663907835264,6.456102690550439,0.15163725556993934,4.2575966349989125
2025-08-13,2900,1238,1232,244095.73,145083.84,99011.89,Display,CA,Google - Non-Branded Search - C06,110012,411,774.4,1107.51,Google,143.0152376033058,7.03923208377268,1.884184914841849,0.3735956077518816
2025-08-13,2900,1238,1232,244095.73,145083.84,99011.89,Non-Branded Search,CA,Google - Display - C07,257616,11364,2120.13,6264.16,Google,295.4611273836981,8.229807154835104,0.18656546990496306,4.411216694615241
2025-08-13,2900,1238,1232,244095.73,145083.84,99011.89,Non-Branded Search,CA,Google - Display - C08,187319,8267,1241.22,4292.76,Google,345.8500507565138,6.626236526994059,0.15014152655134874,4.413326998329054
2025-08-13,2900,1238,1232,244095.73,145083.84,99011.89,Non-Branded Search,CA,Google - Display - C09,186233,9076,1500.23,4344.24,Google,289.5715990214834,8.055661456347694,0.16529638607316,4.873464960560159
2025-08-13,2900,1238,1232,244095.73,145083.84,99011.89,Non-Branded Search,NY,Google - Non-Branded Search - C10,302867,14466,2175.48,7339.08,Google,337.3545148656848,7.182954894392588,0.1503857320613853,4.776353977158291
2025-08-13,2900,1238,1232,244095.73,145083.84,99011.89,Retargeting,CA,TikTok - Retargeting - C01,134279,2332,571.2,1537.66,TikTok,269.1981792717087,4.253829712762235,0.24493996569468268,1.7366825788097915
2025-08-13,2900,1238,1232,244095.73,145083.84,99011.89,Retargeting,CA,TikTok - Retargeting - C02,66225,1098,454.0,1616.95,TikTok,356.1563876651983,6.855417138542847,0.4134790528233151,1.6579841449603623
2025-08-13,2900,1238,1232,244095.73,145083.84,99011.89,Spark Ads,CA,TikTok - Retargeting - C03,183375,2157,2058.87,5218.01,TikTok,253.44047948632019,11.227648261758691,0.9545062586926286,1.176278118609407
2025-08-13,2900,1238,1232,244095.73,145083.84,99011.89,Spark Ads,CA,TikTok - Spark Ads - C04,223324,3176,928.92,2147.09,TikTok,231.1383111570426,4.159517114148054,0.29248110831234253,1.42214898533073
2025-08-13,2900,1238,1232,244095.73,145083.84,99011.89,Spark Ads,CA,TikTok - Spark Ads - C05,251850,3367,1003.91,2695.06,TikTok,268.4563357273062,3.9861425451657735,0.29816156816156814,1.3369068890212428
2025-08-13,2900,1238,1232,244095.73,145083.84,99011.89,Retargeting,CA,TikTok - Spark Ads - C06,69952,1189,360.1,948.36,TikTok,263.36017772840876,5.147815645013724,0.3028595458368377,1.6997369624885634
2025-08-13,2900,1238,1232,244095.73,145083.84,99011.89,Retargeting,CA,TikTok - Retargeting - C07,113226,1778,497.08,1491.29,TikTok,300.01005874305946,4.390157737622101,0.27957255343082116,1.570310706021585
2025-08-13,2900,1238,1232,244095.73,145083.84,99011.89,Retargeting,CA,TikTok - Spark Ads - C08,250514,4114,1684.34,5366.32,TikTok,318.60075756676207,6.723536409142802,0.40941662615459407,1.64222358830245
2025-08-13,2900,1238,1232,244095.73,145083.84,99011.89,Retargeting,CA,TikTok - Spark Ads - C09,122644,1915,921.65,2961.76,TikTok,321.35409320240876,7.514839698639966,0.4812793733681462,1.5614298294250024
2025-08-13,2900,1238,1232,244095.73,145083.84,99011.89,Retargeting,CA,TikTok - Retargeting - C10,180124,2986,1255.47,3368.12,TikTok,268.2756258612312,6.97003175590149,0.4204521098459478,1.6577468854788922
2025-08-14,2557,1363,1288,246950.21,121768.63,125181.58,Asc,NY,Facebook - ASC - C01,251582,3789,1467.38,4469.44,Facebook,304.58640570268096,5.832611236097972,0.3872736869886514,1.506069591624202
2025-08-14,2557,1363,1288,246950.21,121768.63,125181.58,Prospecting,NY,Facebook - Prospecting - C02,365257,3961,3845.39,7699.55,Facebook,200.22806529376734,10.527902271551262,0.9708129260287806,1.084441913502
2025-08-14,2557,1363,1288,246950.21,121768.63,125181.58,Prospecting,NY,Facebook - Prospecting - C03,156472,1701,999.52,2122.05,Facebook,212.30690731551144,6.387852139679943,0.587607289829512,1.0870954547778515
2025-08-14,2557,1363,1288,246950.21,121768.63,125181.58,Asc,CA,Facebook - Prospecting - C04,101542,1596,714.33,2336.03,Facebook,327.02392451668,7.034823028894448,0.44757518796992485,1.5717634082448644
2025-08-14,2557,1363,1288,246950.21,121768.63,125181.58,Prospecting,NY,Facebook - ASC - C05,124945,1483,1092.74,3042.44,Facebook,278.4230466533668,8.745768137980711,0.736844234659474,1.1869222457881468
2025-08-14,2557,1363,1288,246950.21,121768.63,125181.58,Asc,NY,Facebook - ASC - C06,205997,2920,2187.54,5565.53,Facebook,254.4195763277471,10.619280863313543,0.7491575342465754,1.4174963713063782
2025-08-14,2557,1363,1288,246950.21,121768.63,125181.58,Asc,NY,Facebook - ASC - C07,173148,2551,1730.75,4493.02,Facebook,259.5995955510617,9.995783953611939,0.6784594276754214,1.4733060734169612
2025-08-14,2557,1363,1288,246950.21,121768.63,125181.58,Asc,CA,Facebook - Prospecting - C08,121380,1960,1180.73,3534.9,Facebook,299.38258534974125,9.727549843466798,0.6024132653061225,1.6147635524798154
2025-08-14,2557,1363,1288,246950.21,121768.63,125181.58,Prospecting,CA,Facebook - Prospecting - C09,109758,1354,1475.23,3747.25,Facebook,254.01123892545567,13.44075147141894,1.0895347119645495,1.2336230616447093
2025-08-14,2557,1363,1288,246950.21,121768.63,125181.58,Prospecting,CA,Facebook - ASC - C10,172471,2235,1441.68,3314.29,Facebook,229.89082181898897,8.358970493590226,0.6450469798657719,1.2958700303239385
2025-08-14,2557,1363,1288,246950.21,121768.63,125181.58,Non-Branded Search,CA,Google - Display - C01,493173,22385,2011.06,7223.06,Google,359.16680755422516,4.077798257406631,0.08983962474871565,4.538975166929252
2025-08-14,2557,1363,1288,246950.21,121768.63,125181.58,Non-Branded Search,NY,Google - Non-Branded Search - C02,208584,10299,894.7,2813.72,Google,314.48753772214144,4.28939899512906,0.08687251189435868,4.937579104821079
2025-08-14,2557,1363,1288,246950.21,121768.63,125181.58,Non-Branded Search,CA,Google - Non-Branded Search - C03,159186,6988,782.42,2382.6,Google,304.5167557066537,4.915130727576545,0.11196622781911848,4.389833276795698
2025-08-14,2557,1363,1288,246950.21,121768.63,125181.58,Non-Branded Search,NY,Google - Non-Branded Search - C04,133891,6547,1114.29,3307.07,Google,296.787191844134,8.32236670127193,0.17019856422789062,4.8897984181162295
2025-08-14,2557,1363,1288,246950.21,121768.63,125181.58,Non-Branded Search,CA,Google - Non-Branded Search - C05,137556,5725,664.71,2103.3,Google,316.42370356997793,4.832286486958039,0.11610655021834061,4.1619413184448515
2025-08-14,2557,1363,1288,246950.21,121768.63,125181.58,Display,CA,Google - Non-Branded Search - C06,248783,970,870.98,1491.52,Google,171.24618246113573,3.500962686357187,0.897917525773196,0.3898980235787815
2025-08-14,2557,1363,1288,246950.21,121768.63,125181.58,Non-Branded Search,CA,Google - Display - C07,99746,4248,486.24,1439.7,Google,296.0883514313919,4.874781946143203,0.1144632768361582,4.258817396186313
2025-08-14,2557,1363,1288,246950.21,121768.63,125181.58,Non-Branded Search,CA,Google - Display - C08,231506,11063,1927.27,6480.34,Google,336.24453242150815,8.324924623983827,0.17420862333905812,4.778709839053848
2025-08-14,2557,1363,1288,246950.21,121768.63,125181.58,Non-Branded Search,CA,Google - Display - C09,187403,9090,741.71,2465.75,Google,332.44125062355903,3.9578341862190043,0.0815962596259626,4.850509330160136
2025-08-14,2557,1363,1288,246950.21,121768.63,125181.58,Non-Branded Search,NY,Google - Non-Branded Search - C10,122568,5809,1044.35,3681.06,Google,352.4737875233399,8.520576333137523,0.1797813737304183,4.739409960185367
2025-08-14,2557,1363,1288,246950.21,121768.63,125181.58,Retargeting,CA,TikTok - Retargeting - C01,146583,2433,1275.52,4005.43,TikTok,314.0233003010537,8.701691192020903,0.5242581175503493,1.6598104827981415
2025-08-14,2557,1363,1288,246950.21,121768.63,125181.58,Retargeting,CA,TikTok - Retargeting - C02,157139,2291,1625.14,4500.56,TikTok,276.9336795599148,10.342053850412691,0.709358358795286,1.4579448768287948
2025-08-14,2557,1363,1288,246950.21,121768.63,125181.58,Spark Ads,CA,TikTok - Retargeting - C03,119443,1659,657.76,1457.73,TikTok,221.62034784723912,5.506894501980024,0.3964798071127185,1.388947029126864
2025-08-14,2557,1363,1288,246950.21,121768.63,125181.58,Spark Ads,CA,TikTok - Spark Ads - C04,117078,1628,728.75,1615.63,TikTok,221.69879931389366,6.224482823416867,0.44763513513513514,1.3905259741369003
2025-08-14,2557,1363,1288,246950.21,121768.63,125181.58,Spark Ads,CA,TikTok - Spark Ads - C05,165266,2058,1345.84,3114.31,TikTok,231.40269274207932,8.143477787324676,0.653955296404276,1.2452652088148803
2025-08-14,2557,1363,1288,246950.21,121768.63,125181.58,Retargeting,CA,TikTok - Spark Ads - C06,89556,1349,710.7,2137.85,TikTok,300.8090614886731,7.935816695698781,0.5268346923647146,1.506320067890482
2025-08-14,2557,1363,1288,246950.21,121768.63,125181.58,Retargeting,CA,TikTok - Retargeting - C07,62665,988,423.84,1192.71,TikTok,281.4057191392979,6.763584137876007,0.4289878542510121,1.5766376765339503
2025-08-14,2557,1363,1288,246950.21,121768.63,125181.58,Retargeting,CA,TikTok - Spark Ads - C08,160758,2580,1468.37,4186.72,TikTok,285.1270456356368,9.13403998556837,0.5691356589147286,1.6048968014033518
2025-08-14,2557,1363,1288,246950.21,121768.63,125181.58,Retargeting,CA,TikTok - Spark Ads - C09,84384,1476,916.13,2623.65,TikTok,286.38402846757555,10.856678991277967,0.6206842818428184,1.7491467576791808
2025-08-14,2557,1363,1288,246950.21,121768.63,125181.58,Retargeting,CA,TikTok - Retargeting - C10,108585,1591,450.25,1242.27,TikTok,275.9067184897279,4.146521158539393,0.28299811439346323,1.465211585393931
2025-08-15,2017,894,859,204220.75,99324.09,104896.66,Asc,NY,Facebook - ASC - C01,174773,2591,1429.5,4531.43,Facebook,316.99405386498773,8.17918099477608,0.5517174835970667,1.482494435639372
2025-08-15,2017,894,859,204220.75,99324.09,104896.66,Prospecting,NY,Facebook - Prospecting - C02,125398,1465,1614.45,3421.23,Facebook,211.9130353990523,12.874607250514362,1.102013651877133,1.1682801958563933
2025-08-15,2017,894,859,204220.75,99324.09,104896.66,Prospecting,NY,Facebook - Prospecting - C03,144347,1778,1569.61,3239.78,Facebook,206.40668701142326,10.873866446826051,0.8827952755905512,1.231754037146598
2025-08-15,2017,894,859,204220.75,99324.09,104896.66,Asc,CA,Facebook - Prospecting - C04,198793,3207,1672.29,4261.46,Facebook,254.8278109658014,8.412217734024841,0.5214499532273152,1.6132358785269099
2025-08-15,2017,894,859,204220.75,99324.09,104896.66,Prospecting,NY,Facebook - ASC - C05,256355,2988,1960.2,4471.16,Facebook,228.0971329456178,7.646427805192019,0.6560240963855422,1.165571180589417
2025-08-15,2017,894,859,204220.75,99324.09,104896.66,Asc,NY,Facebook - ASC - C06,147070,2020,1146.22,3576.42,Facebook,312.018635166024,7.7937036785204326,0.5674356435643565,1.3734956143333108
2025-08-15,2017,894,859,204220.75,99324.09,104896.66,Asc,NY,Facebook - ASC - C07,105479,1461,597.11,1773.13,Facebook,296.95198539632565,5.660937248172622,0.4086995208761123,1.3851098322888915
2025-08-15,2017,894,859,204220.75,99324.09,104896.66,Asc,CA,Facebook - Prospecting - C08,243124,3884,3158.13,8787.98,Facebook,278.265302568292,12.989791217650252,0.8131127703398559,1.5975387045293759
2025-08-15,2017,894,859,204220.75,99324.09,104896.66,Prospecting,CA,Facebook - Prospecting - C09,140793,1670,2127.6,5528.92,Facebook,259.8665162624554,15.111546738829345,1.274011976047904,1.1861385154091468
2025-08-15,2017,894,859,204220.75,99324.09,104896.66,Prospecting,CA,Facebook - ASC - C10,162713,1828,1064.54,2727.15,Facebook,256.1810735153212,6.542439755889204,0.5823522975929978,1.1234504925851037
2025-08-15,2017,894,859,204220.75,99324.09,104896.66,Non-Branded Search,CA,Google - Display - C01,77337,3508,344.2,1145.17,Google,332.704822777455,4.450651046717613,0.09811858608893956,4.535991827973674
2025-08-15,2017,894,859,204220.75,99324.09,104896.66,Non-Branded Search,NY,Google - Non-Branded Search - C02,112786,5261,459.31,1604.61,Google,349.3522893035205,4.072402603159967,0.08730469492491921,4.664586030181051
2025-08-15,2017,894,859,204220.75,99324.09,104896.66,Non-Branded Search,CA,Google - Non-Branded Search - C03,109085,5305,1020.06,3303.52,Google,323.85545948277553,9.35105651556126,0.1922827521206409,4.863180088921483
2025-08-15,2017,894,859,204220.75,99324.09,104896.66,Non-Branded Search,NY,Google - Non-Branded Search - C04,196256,8103,628.92,2123.47,Google,337.6375373656427,3.2045899233654,0.07761569788967049,4.128790966900375
2025-08-15,2017,894,859,204220.75,99324.09,104896.66,Non-Branded Search,CA,Google - Non-Branded Search - C05,106665,4856,1139.88,3201.49,Google,280.862020563568,10.686541977218395,0.2347364085667216,4.552571133923967
2025-08-15,2017,894,859,204220.75,99324.09,104896.66,Display,CA,Google - Non-Branded Search - C06,195167,709,1299.14,1840.13,Google,141.64216327724495,6.656555667710218,1.832355430183357,0.3632786280467497
2025-08-15,2017,894,859,204220.75,99324.09,104896.66,Non-Branded Search,CA,Google - Display - C07,164302,7002,1028.34,3182.43,Google,309.47254798996437,6.258840427992355,0.1468637532133676,4.261664495867366
2025-08-15,2017,894,859,204220.75,99324.09,104896.66,Non-Branded Search,CA,Google - Display - C08,246589,10663,792.82,2155.37,Google,271.86120430867027,3.2151474721094617,0.07435243364906687,4.324199376290102
2025-08-15,2017,894,859,204220.75,99324.09,104896.66,Non-Branded Search,CA,Google - Display - C09,173960,7132,725.36,2223.28,Google,306.5071137090548,4.169694182570706,0.10170499158721256,4.099793055874914
2025-08-15,2017,894,859,204220.75,99324.09,104896.66,Non-Branded Search,NY,Google - Non-Branded Search - C10,296849,14389,1644.25,4719.99,Google,287.06036186711265,5.539011416578799,0.11427131836819793,4.847245569296174
2025-08-15,2017,894,859,204220.75,99324.09,104896.66,Retargeting,CA,TikTok - Retargeting - C01,116344,1684,496.96,1428.14,TikTok,287.3752414681262,4.271470810699306,0.2951068883610451,1.4474317541085058
2025-08-15,2017,894,859,204220.75,99324.09,104896.66,Retargeting,CA,TikTok - Retargeting - C02,64994,1022,441.23,1287.28,TikTok,291.74806790109466,6.788780502815644,0.4317318982387476,1.5724528418007817
2025-08-15,2017,894,859,204220.75,99324.09,104896.66,Spark Ads,CA,TikTok - Retargeting - C03,132881,1800,544.49,1412.0,TikTok,259.3252401329685,4.097576026670479,0.30249444444444445,1.354595465115404
2025-08-15,2017,894,859,204220.75,99324.09,104896.66,Spark Ads,CA,TikTok - Spark Ads - C04,204981,2550,1347.94,3318.67,TikTok,246.2030950932534,6.575926549289935,0.5286039215686275,1.2440177382293969
2025-08-15,2017,894,859,204220.75,99324.09,104896.66,Spark Ads,CA,TikTok - Spark Ads - C05,224998,2691,1714.47,4267.19,TikTok,248.8926607056408,7.619934399416884,0.6371125975473801,1.1960106312056107
2025-08-15,2017,894,859,204220.75,99324.09,104896.66,Retargeting,CA,TikTok - Spark Ads - C06,96867,1440,737.29,2188.99,TikTok,296.8967434794992,7.611364035223554,0.5120069444444444,1.486574375174208
2025-08-15,2017,894,859,204220.75,99324.09,104896.66,Retargeting,CA,TikTok - Retargeting - C07,109015,1775,923.55,2392.21,TikTok,259.02333387472254,8.471769939916525,0.5203098591549296,1.6282163005091042
2025-08-15,2017,894,859,204220.75,99324.09,104896.66,Retargeting,CA,TikTok - Spark Ads - C08,123952,1837,1277.13,3449.14,TikTok,270.0696092018823,10.30342390602814,0.6952259118127382,1.4820253001161738
2025-08-15,2017,894,859,204220.75,99324.09,104896.66,Retargeting,CA,TikTok - Spark Ads - C09,195049,3182,896.2,2850.2,TikTok,318.03168935505465,4.594742859486591,0.2816467630421119,1.631384934042215
2025-08-15,2017,894,859,204220.75,99324.09,104896.66,Retargeting,CA,TikTok - Retargeting - C10,339174,5710,1893.96,4633.63,TikTok,244.65300217533633,5.584036512232659,0.33169176882662,1.6835016835016834
2025-08-16,3486,1371,1304,287374.16,174824.52,112549.64,Asc,NY,Facebook - ASC - C01,198503,3191,2776.96,8488.78,Facebook,305.6860739801798,13.989511493529065,0.8702475712942651,1.6075323798632766
2025-08-16,3486,1371,1304,287374.16,174824.52,112549.64,Prospecting,NY,Facebook - Prospecting - C02,183475,2375,1302.18,2697.95,Facebook,207.18717842387377,7.0973157105872735,0.5482863157894737,1.2944542853249763
2025-08-16,3486,1371,1304,287374.16,174824.52,112549.64,Prospecting,NY,Facebook - Prospecting - C03,127626,1384,791.66,2051.32,Facebook,259.11628729505094,6.202968047263097,0.5720086705202312,1.0844185354081457
2025-08-16,3486,1371,1304,287374.16,174824.52,112549.64,Asc,CA,Facebook - Prospecting - C04,239020,3302,2987.99,7155.99,Facebook,239.49176536735396,12.501004100075306,0.9049030890369473,1.3814743536105765
2025-08-16,3486,1371,1304,287374.16,174824.52,112549.64,Prospecting,NY,Facebook - ASC - C05,274733,2983,2963.68,7792.53,Facebook,262.93425740970685,10.787491855729018,0.9935232986925913,1.0857814678251247
2025-08-16,3486,1371,1304,287374.16,174824.52,112549.64,Asc,NY,Facebook - ASC - C06,166486,2643,2076.34,6029.95,Facebook,290.4124565340936,12.471559170140432,0.7855996973136588,1.5875208726259267
2025-08-16,3486,1371,1304,287374.16,174824.52,112549.64,Asc,NY,Facebook - ASC - C07,123472,1731,1005.59,3133.45,Facebook,311.60313845603076,8.144275625242969,0.5809300982091277,1.4019372813269406
2025-08-16,3486,1371,1304,287374.16,174824.52,112549.64,Asc,CA,Facebook - Prospecting - C08,222539,3133,1990.69,4626.62,Facebook,232.41288196554964,8.945353398730111,0.6353941908713693,1.4078431196329633
2025-08-16,3486,1371,1304,287374.16,174824.52,112549.64,Prospecting,CA,Facebook - Prospecting - C09,135984,1731,987.77,2706.04,Facebook,273.95446308351137,7.263869278738675,0.5706354708261121,1.2729438757500882
2025-08-16,3486,1371,1304,287374.16,174824.52,112549.64,Prospecting,CA,Facebook - ASC - C10,197413,2240,2257.68,5857.69,Facebook,259.45616739307604,11.436328914509176,1.0078928571428571,1.1346770476108463
2025-08-16,3486,1371,1304,287374.16,174824.52,112549.64,Non-Branded Search,CA,Google - Display - C01,239209,9893,1788.82,5085.46,Google,284.291320535325,7.478063116354318,0.18081673910846052,4.135713957250772
2025-08-16,3486,1371,1304,287374.16,174824.52,112549.64,Non-Branded Search,NY,Google - Non-Branded Search - C02,158702,7592,1306.33,4287.53,Google,328.2118607090092,8.2313392395811,0.17206664910432032,4.783808647654094
2025-08-16,3486,1371,1304,287374.16,174824.52,112549.64,Non-Branded Search,CA,Google - Non-Branded Search - C03,223846,11042,1219.6,4155.07,Google,340.6912102328632,5.448388624322078,0.11045100525267161,4.932855623955755
2025-08-16,3486,1371,1304,287374.16,174824.52,112549.64,Non-Branded Search,NY,Google - Non-Branded Search - C04,221242,10348,1618.16,5779.55,Google,357.16801799574824,7.313981974489473,0.15637417858523386,4.6772312671192635
2025-08-16,3486,1371,1304,287374.16,174824.52,112549.64,Non-Branded Search,CA,Google - Non-Branded Search - C05,373529,15280,1605.91,5214.51,Google,324.7074867209246,4.299291353549524,0.1050988219895288,4.0907131708649125
2025-08-16,3486,1371,1304,287374.16,174824.52,112549.64,Display,CA,Google - Non-Branded Search - C06,307023,1283,2292.61,4007.19,Google,174.78725121150129,7.467225582448221,1.786913484021824,0.41788400217573274
2025-08-16,3486,1371,1304,287374.16,174824.52,112549.64,Non-Branded Search,CA,Google - Display - C07,216357,10422,1652.56,5145.03,Google,311.3369559955463,7.638116631308439,0.15856457493763193,4.817038505802909
2025-08-16,3486,1371,1304,287374.16,174824.52,112549.64,Non-Branded Search,CA,Google - Display - C08,193086,8900,1898.92,5345.5,Google,281.502116992817,9.834581481826751,0.213361797752809,4.6093450586785165
2025-08-16,3486,1371,1304,287374.16,174824.52,112549.64,Non-Branded Search,CA,Google - Display - C09,167173,7408,615.21,2278.02,Google,370.28331789145165,3.6800799172115117,0.08304670626349893,4.431337596382191
2025-08-16,3486,1371,1304,287374.16,174824.52,112549.64,Non-Branded Search,NY,Google - Non-Branded Search - C10,305762,13682,2216.68,6746.96,Google,304.37230452749156,7.249690936087545,0.1620143253910247,4.4747221695305495
2025-08-16,3486,1371,1304,287374.16,174824.52,112549.64,Retargeting,CA,TikTok - Retargeting - C01,126797,2063,962.87,3392.52,TikTok,352.3341676446457,7.593791651222032,0.4667329132331556,1.6270101027626838
2025-08-16,3486,1371,1304,287374.16,174824.52,112549.64,Retargeting,CA,TikTok - Retargeting - C02,191547,3211,1903.68,6338.37,TikTok,332.9535426122037,9.938448526993374,0.5928620367486764,1.676350973912408
2025-08-16,3486,1371,1304,287374.16,174824.52,112549.64,Spark Ads,CA,TikTok - Retargeting - C03,108167,1404,671.96,1742.47,TikTok,259.3115661646527,6.2122458790573845,0.4786039886039886,1.2979929183577246
2025-08-16,3486,1371,1304,287374.16,174824.52,112549.64,Spark Ads,CA,TikTok - Spark Ads - C04,83561,1060,1016.71,2810.39,TikTok,276.420021441709,12.167278993788969,0.9591603773584906,1.2685343641172317
2025-08-16,3486,1371,1304,287374.16,174824.52,112549.64,Spark Ads,CA,TikTok - Spark Ads - C05,144420,1956,938.28,2328.66,TikTok,248.1839109860596,6.496884088076444,0.4796932515337423,1.354383049439136
2025-08-16,3486,1371,1304,287374.16,174824.52,112549.64,Retargeting,CA,TikTok - Spark Ads - C06,395749,6162,3731.78,11210.29,TikTok,300.40061311224133,9.429663751519271,0.6056118143459915,1.557047522545856
2025-08-16,3486,1371,1304,287374.16,174824.52,112549.64,Retargeting,CA,TikTok - Retargeting - C07,97092,1524,799.52,2126.43,TikTok,265.96332799679806,8.234664029992173,0.5246194225721784,1.5696452848844393
2025-08-16,3486,1371,1304,287374.16,174824.52,112549.64,Retargeting,CA,TikTok - Spark Ads - C08,168414,2961,934.05,2645.73,TikTok,283.25357314918904,5.5461541202037825,0.31545086119554205,1.7581673732587553
2025-08-16,3486,1371,1304,287374.16,174824.52,112549.64,Retargeting,CA,TikTok - Spark Ads - C09,55930,832,499.96,1638.82,TikTok,327.79022321785743,8.939030931521545,0.6009134615384615,1.4875737529054176
2025-08-16,3486,1371,1304,287374.16,174824.52,112549.64,Retargeting,CA,TikTok - Retargeting - C10,208467,3047,1644.98,5458.48,TikTok,331.8265267662829,7.890841236262814,0.5398687233344273,1.4616222231816067
2025-08-17,3046,1172,1097,260207.76,157620.15,102587.61,Asc,NY,Facebook - ASC - C01,231269,3631,2616.37,7441.92,Facebook,284.43683423980553,11.31310292343548,0.7205645827595704,1.5700331648426724
2025-08-17,3046,1172,1097,260207.76,157620.15,102587.61,Prospecting,NY,Facebook - Prospecting - C02,259374,3354,2578.26,6661.71,Facebook,258.3800702799562,9.940317842189272,0.7687119856887299,1.2931134192324598
2025-08-17,3046,1172,1097,260207.76,157620.15,102587.61,Prospecting,NY,Facebook - Prospecting - C03,181013,2241,2391.96,4915.17,Facebook,205.48713189183763,13.21429952544845,1.0673627844712181,1.238032627490843
2025-08-17,3046,1172,1097,260207.76,157620.15,102587.61,Asc,CA,Facebook - Prospecting - C04,340534,5044,2082.41,6435.74,Facebook,309.052492064483,6.115130941403795,0.41284892942109436,1.4812030516776593
2025-08-17,3046,1172,1097,260207.76,157620.15,102587.61,Prospecting,NY,Facebook - ASC - C05,196384,2141,2697.87,5606.55,Facebook,207.8139421098867,13.737728124490793,1.260098085007006,1.090211015153984
2025-08-17,3046,1172,1097,260207.76,157620.15,102587.61,Asc,NY,Facebook - ASC - C06,175591,2376,2026.68,5762.31,Facebook,284.32263603528924,11.542049421667398,0.8529797979797981,1.3531445233525636
2025-08-17,3046,1172,1097,260207.76,157620.15,102587.61,Asc,NY,Facebook - ASC - C07,135317,1972,1579.79,3992.57,Facebook,252.72789421378792,11.674734142790633,0.8011105476673428,1.457318740439117
2025-08-17,3046,1172,1097,260207.76,157620.15,102587.61,Asc,CA,Facebook - Prospecting - C08,128165,1795,1252.89,3766.95,Facebook,300.6608720637885,9.775601763351931,0.6979888579387187,1.4005383685093435
2025-08-17,3046,1172,1097,260207.76,157620.15,102587.61,Prospecting,CA,Facebook - Prospecting - C09,172165,2003,2200.94,5837.86,Facebook,265.2439412251129,12.783899166497257,1.0988217673489766,1.1634188133476606
2025-08-17,3046,1172,1097,260207.76,157620.15,102587.61,Prospecting,CA,Facebook - ASC - C10,181902,1966,2296.24,5542.12,Facebook,241.3563042190712,12.623500566238963,1.1679755849440487,1.080801750393069
2025-08-17,3046,1172,1097,260207.76,157620.15,102587.61,Non-Branded Search,CA,Google - Display - C01,168513,6942,876.64,2944.14,Google,335.8436758532579,5.202209918522606,0.1262806107749928,4.119563475814923
2025-08-17,3046,1172,1097,260207.76,157620.15,102587.61,Non-Branded Search,NY,Google - Non-Branded Search - C02,543442,25035,5192.77,19979.48,Google,384.7557276752099,9.555334331906625,0.2074204114240064,4.606747362184005
2025-08-17,3046,1172,1097,260207.76,157620.15,102587.61,Non-Branded Search,CA,Google - Non-Branded Search - C03,295193,14114,1941.68,6500.52,Google,334.78843063738617,6.577662749455441,0.13757120589485616,4.781278688857798
2025-08-17,3046,1172,1097,260207.76,157620.15,102587.61,Non-Branded Search,NY,Google - Non-Branded Search - C04,106551,4329,954.65,3471.81,Google,363.6735976535903,8.959559272085666,0.22052437052437052,4.062843145535941
2025-08-17,3046,1172,1097,260207.76,157620.15,102587.61,Non-Branded Search,CA,Google - Non-Branded Search - C05,256292,12654,2232.84,6270.14,Google,280.8145679941241,8.712094017760993,0.17645329540066385,4.937337099870461
2025-08-17,3046,1172,1097,260207.76,157620.15,102587.61,Display,CA,Google - Non-Branded Search - C06,176478,698,872.48,1316.19,Google,150.85618008435725,4.9438456918142775,1.249971346704871,0.3955167216310248
2025-08-17,3046,1172,1097,260207.76,157620.15,102587.61,Non-Branded Search,CA,Google - Display - C07,159145,7500,1012.41,3794.42,Google,374.7908456060292,6.361557070595997,0.134988,4.712683401929058
2025-08-17,3046,1172,1097,260207.76,157620.15,102587.61,Non-Branded Search,CA,Google - Display - C08,210405,10008,1566.15,4584.45,Google,292.7210037352744,7.443501817922579,0.15648980815347724,4.7565409567263135
2025-08-17,3046,1172,1097,260207.76,157620.15,102587.61,Non-Branded Search,CA,Google - Display - C09,193127,9102,1475.17,4838.38,Google,327.98796070961316,7.638341609407282,0.16207097341243684,4.712960901375779
2025-08-17,3046,1172,1097,260207.76,157620.15,102587.61,Non-Branded Search,NY,Google - Non-Branded Search - C10,133262,6251,821.64,3023.55,Google,367.98963049510735,6.165598595248458,0.13144136938089906,4.690759556362654
2025-08-17,3046,1172,1097,260207.76,157620.15,102587.61,Retargeting,CA,TikTok - Retargeting - C01,90928,1336,686.91,2162.47,TikTok,314.81125620532526,7.554438676755234,0.5141541916167665,1.4692943867675523
2025-08-17,3046,1172,1097,260207.76,157620.15,102587.61,Retargeting,CA,TikTok - Retargeting - C02,108263,1839,925.24,2880.17,TikTok,311.2889628636894,8.546225395564505,0.5031212615551931,1.6986412717179462
2025-08-17,3046,1172,1097,260207.76,157620.15,102587.61,Spark Ads,CA,TikTok - Retargeting - C03,78200,994,404.1,869.89,TikTok,215.2660232615689,5.167519181585678,0.4065392354124749,1.2710997442455243
2025-08-17,3046,1172,1097,260207.76,157620.15,102587.61,Spark Ads,CA,TikTok - Spark Ads - C04,122578,1538,1044.19,2374.7,TikTok,227.42029707237185,8.518575927164745,0.678927178153446,1.2547112858751164
2025-08-17,3046,1172,1097,260207.76,157620.15,102587.61,Spark Ads,CA,TikTok - Spark Ads - C05,222828,2926,1544.46,4037.76,TikTok,261.4350646828018,6.931175615272767,0.52784005468216,1.31312043369774
2025-08-17,3046,1172,1097,260207.76,157620.15,102587.61,Retargeting,CA,TikTok - Spark Ads - C06,161987,2506,988.38,2770.18,TikTok,280.2747930957729,6.101600745738856,0.3944054269752594,1.547037725249557
2025-08-17,3046,1172,1097,260207.76,157620.15,102587.61,Retargeting,CA,TikTok - Retargeting - C07,245592,4268,1171.06,3683.69,TikTok,314.56031287893023,4.768314928825043,0.2743814432989691,1.7378416235056517
2025-08-17,3046,1172,1097,260207.76,157620.15,102587.61,Retargeting,CA,TikTok - Spark Ads - C08,100106,1644,1032.1,2817.68,TikTok,273.00455382230405,10.310071324396139,0.6277980535279805,1.642259205242443
2025-08-17,3046,1172,1097,260207.76,157620.15,102587.61,Retargeting,CA,TikTok - Spark Ads - C09,205897,3252,2148.06,6528.02,TikTok,303.90305671163753,10.432692074192435,0.6605350553505535,1.5794304919450015
2025-08-17,3046,1172,1097,260207.76,157620.15,102587.61,Retargeting,CA,TikTok - Retargeting - C10,149212,2470,624.95,2093.31,TikTok,334.9563965117209,4.1883360587620295,0.2530161943319838,1.65536283944991
2025-08-18,2303,1243,1156,206556.83,121671.75,84885.08,Asc,NY,Facebook - ASC - C01,271320,3861,2603.25,6808.93,Facebook,261.5549793527322,9.594758956214065,0.6742424242424242,1.4230429013710748
2025-08-18,2303,1243,1156,206556.83,121671.75,84885.08,Prospecting,NY,Facebook - Prospecting - C02,182605,2372,1604.05,4121.94,Facebook,256.9707926810261,8.784261110046273,0.676243676222597,1.2989786698064127
2025-08-18,2303,1243,1156,206556.83,121671.75,84885.08,Prospecting,NY,Facebook - Prospecting - C03,157073,1852,1435.73,3058.52,Facebook,213.02891212135987,9.140527016100794,0.775232181425486,1.1790696045787628
2025-08-18,2303,1243,1156,206556.83,121671.75,84885.08,Asc,CA,Facebook - Prospecting - C04,153156,2460,1139.4,2787.55,Facebook,244.6506933473758,7.43947347802241,0.4631707317073171,1.6062054375930426
2025-08-18,2303,1243,1156,206556.83,121671.75,84885.08,Prospecting,NY,Facebook - ASC - C05,216871,2480,2991.64,6312.78,Facebook,211.01402575176155,13.794559899663856,1.2063064516129032,1.143536941315344
2025-08-18,2303,1243,1156,206556.83,121671.75,84885.08,Asc,NY,Facebook - ASC - C06,154384,2490,1861.57,4478.63,Facebook,240.5834859822623,12.058050057000724,0.7476184738955823,1.6128614364182816
2025-08-18,2303,1243,1156,206556.83,121671.75,84885.08,Asc,NY,Facebook - ASC - C07,130885,2047,1601.11,3912.78,Facebook,244.3792119217293,12.232952591970049,0.7821739130434782,1.5639683691790505
2025-08-18,2303,1243,1156,206556.83,121671.75,84885.08,Asc,CA,Facebook - Prospecting - C08,101749,1638,1146.38,3113.73,Facebook,271.6141244613479,11.266744636310923,0.69986568986569,1.6098438313890062
2025-08-18,2303,1243,1156,206556.83,121671.75,84885.08,Prospecting,CA,Facebook - Prospecting - C09,119236,1511,1787.98,4156.71,Facebook,232.48078837570893,14.995303431849441,1.1833090668431503,1.2672347277667817
2025-08-18,2303,1243,1156,206556.83,121671.75,84885.08,Prospecting,CA,Facebook - ASC - C10,139603,1569,1140.44,2434.12,Facebook,213.43691908386236,8.169165419081251,0.7268578712555769,1.1239013488248821
2025-08-18,2303,1243,1156,206556.83,121671.75,84885.08,Non-Branded Search,CA,Google - Display - C01,170426,7043,1118.5,4257.01,Google,380.5999105945463,6.562965744663373,0.15881016612239102,4.132585403635596
2025-08-18,2303,1243,1156,206556.83,121671.75,84885.08,Non-Branded Search,NY,Google - Non-Branded Search - C02,117810,5039,753.59,2200.07,Google,291.9452222030547,6.396655631949749,0.14955149831315737,4.277226041931924
2025-08-18,2303,1243,1156,206556.83,121671.75,84885.08,Non-Branded Search,CA,Google - Non-Branded Search - C03,117010,5156,334.22,963.76,Google,288.3609598468075,2.856337065208102,0.06482156710628395,4.406460986240492
2025-08-18,2303,1243,1156,206556.83,121671.75,84885.08,Non-Branded Search,NY,Google - Non-Branded Search - C04,272736,12634,1913.7,6615.92,Google,345.7135392172232,7.016675466385076,0.1514722178249169,4.632318432476827
2025-08-18,2303,1243,1156,206556.83,121671.75,84885.08,Non-Branded Search,CA,Google - Non-Branded Search - C05,286103,13483,1932.06,6654.22,Google,344.4106290694906,6.7530225128712384,0.14329600237335904,4.7126384553814535
2025-08-18,2303,1243,1156,206556.83,121671.75,84885.08,Display,CA,Google - Non-Branded Search - C06,210507,915,638.89,1110.43,Google,173.8061325110739,3.035005961796995,0.69824043715847,0.4346648805027861
2025-08-18,2303,1243,1156,206556.83,121671.75,84885.08,Non-Branded Search,CA,Google - Display - C07,181755,8362,1028.97,2945.45,Google,286.25227168916484,5.661302302550136,0.12305309734513274,4.600698742813127
2025-08-18,2303,1243,1156,206556.83,121671.75,84885.08,Non-Branded Search,CA,Google - Display - C08,165808,7075,571.67,1788.78,Google,312.90429793412284,3.4477829779021514,0.08080141342756184,4.26698349898678
2025-08-18,2303,1243,1156,206556.83,121671.75,84885.08,Non-Branded Search,CA,Google - Display - C09,198793,8628,1005.62,2820.93,Google,280.51649728525683,5.0586288249586255,0.11655308298562819,4.34019306514817
2025-08-18,2303,1243,1156,206556.83,121671.75,84885.08,Non-Branded Search,NY,Google - Non-Branded Search - C10,207417,8501,1106.92,3860.14,Google,348.7280020236331,5.33668889242444,0.130210563463122,4.09850687262857
2025-08-18,2303,1243,1156,206556.83,121671.75,84885.08,Retargeting,CA,TikTok - Retargeting - C01,100935,1514,389.26,1171.88,TikTok,301.0532805836716,3.856541338485164,0.25710700132100395,1.4999752315846833
2025-08-18,2303,1243,1156,206556.83,121671.75,84885.08,Retargeting,CA,TikTok - Retargeting - C02,81490,1219,691.53,2187.43,TikTok,316.31744103654216,8.486071910663885,0.567292863002461,1.495889066143085
2025-08-18,2303,1243,1156,206556.83,121671.75,84885.08,Spark Ads,CA,TikTok - Retargeting - C03,171100,2198,899.94,2247.04,TikTok,249.6877569615752,5.259731151373466,0.4094358507734304,1.2846288720046757
2025-08-18,2303,1243,1156,206556.83,121671.75,84885.08,Spark Ads,CA,TikTok - Spark Ads - C04,112109,1396,750.64,1924.46,TikTok,256.3758925716722,6.695626577705626,0.5377077363896848,1.2452167087388166
2025-08-18,2303,1243,1156,206556.83,121671.75,84885.08,Spark Ads,CA,TikTok - Spark Ads - C05,89315,1193,729.78,1802.79,TikTok,247.03198224122337,8.170855959245367,0.611718357082984,1.335721883222303
2025-08-18,2303,1243,1156,206556.83,121671.75,84885.08,Retargeting,CA,TikTok - Spark Ads - C06,137561,2288,1356.15,4302.44,TikTok,317.2539910776831,9.858535486075269,0.5927229020979021,1.663262116442887
2025-08-18,2303,1243,1156,206556.83,121671.75,84885.08,Retargeting,CA,TikTok - Retargeting - C07,134511,2171,1401.02,4657.17,TikTok,332.41281352157716,10.41565373835597,0.6453339474896361,1.6139943945104862
2025-08-18,2303,1243,1156,206556.83,121671.75,84885.08,Retargeting,CA,TikTok - Spark Ads - C08,151852,2265,945.52,3247.24,TikTok,343.43430070225907,6.226589047230197,0.41744812362030903,1.4915839106498434
2025-08-18,2303,1243,1156,206556.83,121671.75,84885.08,Retargeting,CA,TikTok - Spark Ads - C09,187668,3213,1459.72,4546.61,TikTok,311.47137807250704,7.77820406249334,0.4543168378462496,1.7120659888739689
2025-08-18,2303,1243,1156,206556.83,121671.75,84885.08,Retargeting,CA,TikTok - Retargeting - C10,92209,1475,463.56,1612.59,TikTok,347.87082578307013,5.027274994848659,0.3142779661016949,1.5996269344640979
2025-08-19,2358,745,750,241960.59,144644.5,97316.09,Asc,NY,Facebook - ASC - C01,172653,2603,1706.28,4619.34,Facebook,270.72578943666923,9.882712724366215,0.6555051863234729,1.5076482887641687
2025-08-19,2358,745,750,241960.59,144644.5,97316.09,Prospecting,NY,Facebook - Prospecting - C02,146142,1833,1897.27,5341.42,Facebook,281.5318852878083,12.982373308152344,1.03506273867976,1.2542595557745206
2025-08-19,2358,745,750,241960.59,144644.5,97316.09,Prospecting,NY,Facebook - Prospecting - C03,114605,1350,1275.16,2917.42,Facebook,228.7885441826908,11.126565158588194,0.944562962962963,1.1779590768291086
2025-08-19,2358,745,750,241960.59,144644.5,97316.09,Asc,CA,Facebook - Prospecting - C04,101354,1423,951.39,2906.29,Facebook,305.47830017132827,9.386802691556328,0.6685804638088545,1.4039899757286343
2025-08-19,2358,745,750,241960.59,144644.5,97316.09,Prospecting,NY,Facebook - ASC - C05,113899,1390,1685.33,4646.73,Facebook,275.716328552865,14.796705853431549,1.2124676258992806,1.2203794589943722
2025-08-19,2358,745,750,241960.59,144644.5,97316.09,Asc,NY,Facebook - ASC - C06,152107,2492,1037.65,2913.84,Facebook,280.81144894714015,6.821842518753247,0.416392455858748,1.6383203928813268
2025-08-19,2358,745,750,241960.59,144644.5,97316.09,Asc,NY,Facebook - ASC - C07,233194,3550,1665.33,4463.78,Facebook,268.0417694991383,7.141393003250512,0.4691070422535211,1.5223376244671818
2025-08-19,2358,745,750,241960.59,144644.5,97316.09,Asc,CA,Facebook - Prospecting - C08,213009,3042,2230.54,5473.4,Facebook,245.38452572022916,10.471576318371524,0.7332478632478633,1.428108671464586
2025-08-19,2358,745,750,241960.59,144644.5,97316.09,Prospecting,CA,Facebook - Prospecting - C09,117354,1289,1014.27,2760.69,Facebook,272.1849211748351,8.642824275269696,0.7868657874321179,1.098386079724594
2025-08-19,2358,745,750,241960.59,144644.5,97316.09,Prospecting,CA,Facebook - ASC - C10,159958,1860,1264.29,2822.9,Facebook,223.2794691091443,7.903887270408482,0.6797258064516128,1.1628052363745482
2025-08-19,2358,745,750,241960.59,144644.5,97316.09,Non-Branded Search,CA,Google - Display - C01,139977,6121,1172.43,3901.87,Google,332.80195832587015,8.375876036777472,0.19154223166149323,4.372861255777735
2025-08-19,2358,745,750,241960.59,144644.5,97316.09,Non-Branded Search,NY,Google - Non-Branded Search - C02,271005,13087,1627.81,5971.74,Google,366.85731135697654,6.0065681444991785,0.12438373958890502,4.829062194424457
2025-08-19,2358,745,750,241960.59,144644.5,97316.09,Non-Branded Search,CA,Google - Non-Branded Search - C03,136592,5540,565.49,2074.43,Google,366.83760986047497,4.139993557455781,0.1020740072202166,4.055874428956308
2025-08-19,2358,745,750,241960.59,144644.5,97316.09,Non-Branded Search,NY,Google - Non-Branded Search - C04,217424,8995,774.43,2422.32,Google,312.7874694936922,3.5618422989182426,0.08609560867148415,4.137077783501361
2025-08-19,2358,745,750,241960.59,144644.5,97316.09,Non-Branded Search,CA,Google - Non-Branded Search - C05,183321,7736,1798.61,6707.51,Google,372.9274272910748,9.811260030220215,0.23249870734229575,4.219920249180399
2025-08-19,2358,745,750,241960.59,144644.5,97316.09,Display,CA,Google - Non-Branded Search - C06,199092,857,795.08,1399.47,Google,176.01624993711326,3.9935306290559143,0.9277479579929989,0.43045426235107387
2025-08-19,2358,745,750,241960.59,144644.5,97316.09,Non-Branded Search,CA,Google - Display - C07,143665,7096,1038.4,3682.05,Google,354.58879044684124,7.227926078028748,0.14633596392333711,4.939268436988828
2025-08-19,2358,745,750,241960.59,144644.5,97316.09,Non-Branded Search,CA,Google - Display - C08,121712,5902,941.26,3102.11,Google,329.56993816798763,7.73350203759695,0.15948153168417487,4.849152096752991
2025-08-19,2358,745,750,241960.59,144644.5,97316.09,Non-Branded Search,CA,Google - Display - C09,158631,6984,1179.57,4244.95,Google,359.87266546283814,7.435936229362483,0.1688960481099656,4.4026703481665
2025-08-19,2358,745,750,241960.59,144644.5,97316.09,Non-Branded Search,NY,Google - Non-Branded Search - C10,141107,6395,1229.4,4619.1,Google,375.71986334797464,8.712537294393616,0.19224394057857702,4.532021799060288
2025-08-19,2358,745,750,241960.59,144644.5,97316.09,Retargeting,CA,TikTok - Retargeting - C01,164143,2523,1690.18,5228.15,TikTok,309.32504230318665,10.2969971305508,0.6699088386841062,1.5370743802659876
2025-08-19,2358,745,750,241960.59,144644.5,97316.09,Retargeting,CA,TikTok - Retargeting - C02,162734,2441,1605.44,5367.52,TikTok,334.3332668925653,9.86542455786744,0.657697664891438,1.4999938550026424
2025-08-19,2358,745,750,241960.59,144644.5,97316.09,Spark Ads,CA,TikTok - Retargeting - C03,115990,1537,779.68,2061.96,TikTok,264.46234352554893,6.721958789550823,0.5072739102147039,1.3251142339856885
2025-08-19,2358,745,750,241960.59,144644.5,97316.09,Spark Ads,CA,TikTok - Spark Ads - C04,144566,1741,1608.6,3629.17,TikTok,225.6104687305732,11.12709765781719,0.9239517518667432,1.2042942323921253
2025-08-19,2358,745,750,241960.59,144644.5,97316.09,Spark Ads,CA,TikTok - Spark Ads - C05,189719,2684,1226.2,2553.86,TikTok,208.27434350024467,6.463243006762633,0.4568554396423249,1.414723881108376
2025-08-19,2358,745,750,241960.59,144644.5,97316.09,Retargeting,CA,TikTok - Spark Ads - C06,115501,1944,515.56,1486.89,TikTok,288.40290169912333,4.463684297105653,0.2652057613168724,1.6831023108025038
2025-08-19,2358,745,750,241960.59,144644.5,97316.09,Retargeting,CA,TikTok - Retargeting - C07,93462,1631,411.69,1259.92,TikTok,306.0360951201146,4.404891827694677,0.25241569589209073,1.7450942629089898
2025-08-19,2358,745,750,241960.59,144644.5,97316.09,Retargeting,CA,TikTok - Spark Ads - C08,167991,2750,1438.71,4967.0,TikTok,345.23983290586705,8.564208796899834,0.5231672727272727,1.6369924579292938
2025-08-19,2358,745,750,241960.59,144644.5,97316.09,Retargeting,CA,TikTok - Spark Ads - C09,149349,2352,1132.94,3630.3,TikTok,320.43179691775384,7.585855948148297,0.48169217687074833,1.574834782958038
2025-08-19,2358,745,750,241960.59,144644.5,97316.09,Retargeting,CA,TikTok - Retargeting - C10,141228,2187,1395.92,3862.05,TikTok,276.66700097426786,9.884158948650411,0.6382807498856882,1.548559775681876
2025-08-20,3105,1069,1015,238645.09,127445.31,111199.78,Asc,NY,Facebook - ASC - C01,160306,2465,1462.36,3786.93,Facebook,258.96017396537104,9.122303594375754,0.5932494929006085,1.5376841790076479
2025-08-20,3105,1069,1015,238645.09,127445.31,111199.78,Prospecting,NY,Facebook - Prospecting - C02,119915,1365,869.86,2466.38,Facebook,283.5375807601223,7.253971563190594,0.6372600732600733,1.1383063002960432
2025-08-20,3105,1069,1015,238645.09,127445.31,111199.78,Prospecting,NY,Facebook - Prospecting - C03,164798,1825,2094.7,5018.35,Facebook,239.57368596935126,12.710712508646948,1.147780821917808,1.1074163521401958
2025-08-20,3105,1069,1015,238645.09,127445.31,111199.78,Asc,CA,Facebook - Prospecting - C04,229679,3335,2182.39,5431.94,Facebook,248.89868446977857,9.501913540201759,0.6543898050974513,1.4520265239747647
2025-08-20,3105,1069,1015,238645.09,127445.31,111199.78,Prospecting,NY,Facebook - ASC - C05,221025,2413,1705.64,4292.59,Facebook,251.67034075185853,7.716955095577424,0.7068545379196022,1.091731704558308
2025-08-20,3105,1069,1015,238645.09,127445.31,111199.78,Asc,NY,Facebook - ASC - C06,230341,3218,2079.05,5374.08,Facebook,258.4872898679685,9.025965850630154,0.6460689869484152,1.3970591427492285
2025-08-20,3105,1069,1015,238645.09,127445.31,111199.78,Asc,NY,Facebook - ASC - C07,79298,1217,981.43,2970.67,Facebook,302.6879145736324,12.376478599712476,0.8064338537387017,1.5347171429292037
2025-08-20,3105,1069,1015,238645.09,127445.31,111199.78,Asc,CA,Facebook - Prospecting - C08,254158,3980,2826.65,8707.5,Facebook,308.0501653901261,11.121625130824134,0.710213567839196,1.565955035843845
2025-08-20,3105,1069,1015,238645.09,127445.31,111199.78,Prospecting,CA,Facebook - Prospecting - C09,102662,1271,666.42,1744.17,Facebook,261.722337264788,6.491398959692972,0.5243273013375295,1.2380432876819076
2025-08-20,3105,1069,1015,238645.09,127445.31,111199.78,Prospecting,CA,Facebook - ASC - C10,167635,2152,1985.84,4363.39,Facebook,219.72515409096408,11.846213499567511,0.9227881040892193,1.283741462105169
2025-08-20,3105,1069,1015,238645.09,127445.31,111199.78,Non-Branded Search,CA,Google - Display - C01,182474,7691,749.13,2712.13,Google,362.03729659738633,4.105406797680766,0.09740345858795996,4.214847046702544
2025-08-20,3105,1069,1015,238645.09,127445.31,111199.78,Non-Branded Search,NY,Google - Non-Branded Search - C02,106885,4981,674.58,2474.19,Google,366.77488214889263,6.311269121017917,0.1354306364183899,4.660148758010947
2025-08-20,3105,1069,1015,238645.09,127445.31,111199.78,Non-Branded Search,CA,Google - Non-Branded Search - C03,261279,10870,2449.5,8261.49,Google,337.272504592774,9.375035881184482,0.225344986200552,4.160303736618711
2025-08-20,3105,1069,1015,238645.09,127445.31,111199.78,Non-Branded Search,NY,Google - Non-Branded Search - C04,137198,5801,711.69,2274.16,Google,319.5436215206058,5.18732051487631,0.12268401999655233,4.228195746293677
2025-08-20,3105,1069,1015,238645.09,127445.31,111199.78,Non-Branded Search,CA,Google - Non-Branded Search - C05,202120,9201,1604.4,5442.26,Google,339.2084268262279,7.937858697803287,0.17437235083143138,4.552246190381951
2025-08-20,3105,1069,1015,238645.09,127445.31,111199.78,Display,CA,Google - Non-Branded Search - C06,123209,531,1233.24,2071.55,Google,167.97622522785508,10.009333733736984,2.3224858757062146,0.43097500994245547
2025-08-20,3105,1069,1015,238645.09,127445.31,111199.78,Non-Branded Search,CA,Google - Display - C07,130136,6298,768.59,2411.52,Google,313.7589612146918,5.906052130079302,0.12203715465227057,4.839552468187127
2025-08-20,3105,1069,1015,238645.09,127445.31,111199.78,Non-Branded Search,CA,Google - Display - C08,149283,7050,1279.93,3694.93,Google,288.68219355746015,8.57384966808009,0.18155035460992908,4.722573903257571
2025-08-20,3105,1069,1015,238645.09,127445.31,111199.78,Non-Branded Search,CA,Google - Display - C09,130355,6087,424.97,1501.24,Google,353.25787702661364,3.260097426259062,0.06981600131427633,4.669556211882935
2025-08-20,3105,1069,1015,238645.09,127445.31,111199.78,Non-Branded Search,NY,Google - Non-Branded Search - C10,108921,4501,894.95,3018.14,Google,337.2411866584725,8.216505540712994,0.19883359253499222,4.132352806162264
2025-08-20,3105,1069,1015,238645.09,127445.31,111199.78,Retargeting,CA,TikTok - Retargeting - C01,177774,2743,1273.32,3747.59,TikTok,294.31643263280245,7.162577204765601,0.46420707254830473,1.5429702881186225
2025-08-20,3105,1069,1015,238645.09,127445.31,111199.78,Retargeting,CA,TikTok - Retargeting - C02,152373,2646,971.72,2510.3,TikTok,258.3357345737455,6.377245312489746,0.3672411186696901,1.7365281250615268
2025-08-20,3105,1069,1015,238645.09,127445.31,111199.78,Spark Ads,CA,TikTok - Retargeting - C03,236723,3010,1349.07,3404.08,TikTok,252.3278999607137,5.698939266568943,0.4481960132890365,1.2715283263561208
2025-08-20,3105,1069,1015,238645.09,127445.31,111199.78,Spark Ads,CA,TikTok - Spark Ads - C04,144712,1842,1035.22,2429.32,TikTok,234.66702729854524,7.153656918569297,0.5620086862106406,1.2728730167505113
2025-08-20,3105,1069,1015,238645.09,127445.31,111199.78,Spark Ads,CA,TikTok - Spark Ads - C05,123186,1540,1430.1,3549.47,TikTok,248.1973288581218,11.60927378111149,0.9286363636363636,1.2501420615979089
2025-08-20,3105,1069,1015,238645.09,127445.31,111199.78,Retargeting,CA,TikTok - Spark Ads - C06,139480,2372,906.6,2711.89,TikTok,299.1275093756894,6.499856610266705,0.38220910623946036,1.7006022368798395
2025-08-20,3105,1069,1015,238645.09,127445.31,111199.78,Retargeting,CA,TikTok - Retargeting - C07,142755,2182,1381.9,4354.55,TikTok,315.11324987336275,9.680221358271163,0.6333180568285977,1.5284928724037687
2025-08-20,3105,1069,1015,238645.09,127445.31,111199.78,Retargeting,CA,TikTok - Spark Ads - C08,181879,3124,1983.05,6380.63,TikTok,321.7584024608558,10.903127903716207,0.6347791293213828,1.7176254542855416
2025-08-20,3105,1069,1015,238645.09,127445.31,111199.78,Retargeting,CA,TikTok - Spark Ads - C09,104983,1813,1120.1,3412.33,TikTok,304.64512097134184,10.669346465618242,0.617815774958632,1.726946267490927
2025-08-20,3105,1069,1015,238645.09,127445.31,111199.78,Retargeting,CA,TikTok - Retargeting - C10,94519,1459,794.11,2306.85,TikTok,290.49501958167,8.401591214464817,0.5442837559972584,1.543604989473016
2025-08-21,2530,1303,1329,205032.67,102612.53,102420.14,Asc,NY,Facebook - ASC - C01,230522,3573,1728.74,5260.78,Facebook,304.3129678262781,7.499240853367574,0.483834312902323,1.5499605243751138
2025-08-21,2530,1303,1329,205032.67,102612.53,102420.14,Prospecting,NY,Facebook - Prospecting - C02,120633,1329,841.73,1999.41,Facebook,237.5357893861452,6.977609775102998,0.6333559066967644,1.1016885926736466
2025-08-21,2530,1303,1329,205032.67,102612.53,102420.14,Prospecting,NY,Facebook - Prospecting - C03,179670,2252,1328.97,3163.82,Facebook,238.06556957643892,7.396727333444648,0.5901287744227354,1.2534090276618246
2025-08-21,2530,1303,1329,205032.67,102612.53,102420.14,Asc,CA,Facebook - Prospecting - C04,89920,1439,854.8,2264.35,Facebook,264.8982218062705,9.506227758007116,0.5940236275191104,1.600311387900356
2025-08-21,2530,1303,1329,205032.67,102612.53,102420.14,Prospecting,NY,Facebook - ASC - C05,190933,2403,1702.26,4489.79,Facebook,263.754655575529,8.915483441835619,0.7083895131086142,1.2585566664746273
2025-08-21,2530,1303,1329,205032.67,102612.53,102420.14,Asc,NY,Facebook - ASC - C06,108124,1667,999.94,2946.51,Facebook,294.66868012080727,9.24808553142688,0.5998440311937613,1.5417483629906403
2025-08-21,2530,1303,1329,205032.67,102612.53,102420.14,Asc,NY,Facebook - ASC - C07,141993,1989,1105.08,3399.21,Facebook,307.5985449017266,7.78263717225497,0.5555957767722474,1.4007732775559358
2025-08-21,2530,1303,1329,205032.67,102612.53,102420.14,Asc,CA,Facebook - Prospecting - C08,172227,2458,2259.42,5947.33,Facebook,263.2237476874596,13.118848960964309,0.9192107404393817,1.4271862135437532
2025-08-21,2530,1303,1329,205032.67,102612.53,102420.14,Prospecting,CA,Facebook - Prospecting - C09,197244,2219,1582.88,3741.97,Facebook,236.40263317497218,8.024984283425605,0.7133303289770168,1.125002534931354
2025-08-21,2530,1303,1329,205032.67,102612.53,102420.14,Prospecting,CA,Facebook - ASC - C10,208882,2702,2159.34,5355.36,Facebook,248.00911389591263,10.337606878524717,0.7991635825314582,1.293553298034297
2025-08-21,2530,1303,1329,205032.67,102612.53,102420.14,Non-Branded Search,CA,Google - Display - C01,158967,6738,494.6,1658.87,Google,335.39627982207844,3.111337573207018,0.07340457108934402,4.238615561720357
2025-08-21,2530,1303,1329,205032.67,102612.53,102420.14,Non-Branded Search,NY,Google - Non-Branded Search - C02,208106,8716,1578.61,4605.95,Google,291.7725087260311,7.585605412626258,0.18111633776961908,4.188250218638578
2025-08-21,2530,1303,1329,205032.67,102612.53,102420.14,Non-Branded Search,CA,Google - Non-Branded Search - C03,127192,5774,921.31,2598.89,Google,282.08637700665355,7.243458708094848,0.15956182888811915,4.53959368513743
2025-08-21,2530,1303,1329,205032.67,102612.53,102420.14,Non-Branded Search,NY,Google - Non-Branded Search - C04,226554,9239,1391.07,4248.13,Google,305.3857821676839,6.140125532985513,0.1505649962117112,4.078056445703894
2025-08-21,2530,1303,1329,205032.67,102612.53,102420.14,Non-Branded Search,CA,Google - Non-Branded Search - C05,117738,5809,1039.19,2872.86,Google,276.45185192313244,8.826292276070598,0.17889309691857463,4.9338361446601775
2025-08-21,2530,1303,1329,205032.67,102612.53,102420.14,Display,CA,Google - Non-Branded Search - C06,69292,253,412.05,560.35,Google,135.99077781822595,5.946573919067137,1.6286561264822135,0.36512151474917737
2025-08-21,2530,1303,1329,205032.67,102612.53,102420.14,Non-Branded Search,CA,Google - Display - C07,233562,11404,1091.51,3527.09,Google,323.1385878278715,4.6733201462566685,0.09571290775166608,4.882643580719467
2025-08-21,2530,1303,1329,205032.67,102612.53,102420.14,Non-Branded Search,CA,Google - Display - C08,198541,9800,1586.57,4648.91,Google,293.0163812501182,7.991145405734835,0.16189489795918366,4.936008179670698
2025-08-21,2530,1303,1329,205032.67,102612.53,102420.14,Non-Branded Search,CA,Google - Display - C09,164898,7827,786.43,2318.99,Google,294.8755769744287,4.769190651190432,0.10047655551296793,4.746570607284503
2025-08-21,2530,1303,1329,205032.67,102612.53,102420.14,Non-Branded Search,NY,Google - Non-Branded Search - C10,151451,6171,1200.17,4333.43,Google,361.06801536449,7.924477223656497,0.19448549667801007,4.074585179364943
2025-08-21,2530,1303,1329,205032.67,102612.53,102420.14,Retargeting,CA,TikTok - Retargeting - C01,150453,2269,1639.4,4808.84,TikTok,293.32926680492864,10.89642612643151,0.722520934332305,1.5081121679195497
2025-08-21,2530,1303,1329,205032.67,102612.53,102420.14,Retargeting,CA,TikTok - Retargeting - C02,187329,3038,2033.62,5605.48,TikTok,275.6404834728218,10.855873890321307,0.6693943383805134,1.6217456987439212
2025-08-21,2530,1303,1329,205032.67,102612.53,102420.14,Spark Ads,CA,TikTok - Retargeting - C03,121916,1742,954.83,2743.77,TikTok,287.35691170155945,7.831867843433184,0.5481228473019518,1.428852652646084
2025-08-21,2530,1303,1329,205032.67,102612.53,102420.14,Spark Ads,CA,TikTok - Spark Ads - C04,211123,2731,1565.14,3478.47,TikTok,222.246572191625,7.413403560957357,0.573101428048334,1.2935587311661922
2025-08-21,2530,1303,1329,205032.67,102612.53,102420.14,Spark Ads,CA,TikTok - Spark Ads - C05,226686,3208,1225.99,3118.06,TikTok,254.32997006500867,5.4083181140432135,0.3821664588528678,1.4151734116795922
2025-08-21,2530,1303,1329,205032.67,102612.53,102420.14,Retargeting,CA,TikTok - Spark Ads - C06,65787,1155,716.58,2182.32,TikTok,304.5465963325797,10.892425555200875,0.6204155844155844,1.7556660130420905
2025-08-21,2530,1303,1329,205032.67,102612.53,102420.14,Retargeting,CA,TikTok - Retargeting - C07,102779,1649,1133.79,3592.16,TikTok,316.8276312191852,11.031339086778427,0.6875621588841722,1.6044133529222897
2025-08-21,2530,1303,1329,205032.67,102612.53,102420.14,Retargeting,CA,TikTok - Spark Ads - C08,95461,1632,920.31,2883.0,TikTok,313.26400886657757,9.640690962801562,0.5639154411764705,1.709598684279444
2025-08-21,2530,1303,1329,205032.67,102612.53,102420.14,Retargeting,CA,TikTok - Spark Ads - C09,206456,3034,1236.15,4054.99,TikTok,328.03381466650484,5.987474328670516,0.4074324324324325,1.4695625217964117
2025-08-21,2530,1303,1329,205032.67,102612.53,102420.14,Retargeting,CA,TikTok - Retargeting - C10,91740,1579,712.51,2232.56,TikTok,313.33735666867835,7.766623065184216,0.45124129195693474,1.7211685197296707
2025-08-22,2168,668,645,215178.34,113944.49,101233.85,Asc,NY,Facebook - ASC - C01,135923,2219,1681.86,5524.03,Facebook,328.4476710308825,12.373623301428013,0.7579360072104551,1.63254195390037
2025-08-22,2168,668,645,215178.34,113944.49,101233.85,Prospecting,NY,Facebook - Prospecting - C02,120231,1582,908.48,2532.38,Facebook,278.74911940824234,7.556121133484709,0.5742604298356511,1.3158004175295888
2025-08-22,2168,668,645,215178.34,113944.49,101233.85,Prospecting,NY,Facebook - Prospecting - C03,115893,1380,1020.09,2445.96,Facebook,239.7788430432609,8.801998395071315,0.739195652173913,1.1907535399031866
2025-08-22,2168,668,645,215178.34,113944.49,101233.85,Asc,CA,Facebook - Prospecting - C04,151661,2458,1775.12,5222.74,Facebook,294.2189823786561,11.70452522401936,0.7221806346623271,1.620719895029045
2025-08-22,2168,668,645,215178.34,113944.49,101233.85,Prospecting,NY,Facebook - ASC - C05,170459,1995,1321.51,3035.39,Facebook,229.69103525512483,7.752656063921529,0.6624110275689223,1.1703694143459717
2025-08-22,2168,668,645,215178.34,113944.49,101233.85,Asc,NY,Facebook - ASC - C06,124851,1957,1251.09,3419.79,Facebook,273.34484329664537,10.020664632241632,0.6392897291773122,1.5674684223594526
2025-08-22,2168,668,645,215178.34,113944.49,101233.85,Asc,NY,Facebook - ASC - C07,218411,3472,2579.65,7767.01,Facebook,301.087744461458,11.810989373245853,0.7429867511520738,1.589663524273045
2025-08-22,2168,668,645,215178.34,113944.49,101233.85,Asc,CA,Facebook - Prospecting - C08,151649,2290,978.77,2573.11,Facebook,262.89220143649686,6.454180377054909,0.427410480349345,1.5100660076888077
2025-08-22,2168,668,645,215178.34,113944.49,101233.85,Prospecting,CA,Facebook - Prospecting - C09,119898,1502,1114.33,2980.69,Facebook,267.48718961169493,9.293983219069542,0.7418974700399467,1.2527314884318337
2025-08-22,2168,668,645,215178.34,113944.49,101233.85,Prospecting,CA,Facebook - ASC - C10,90226,1061,1174.48,3190.56,Facebook,271.65724405694436,13.017090417396316,1.1069557021677663,1.1759359829760823
2025-08-22,2168,668,645,215178.34,113944.49,101233.85,Non-Branded Search,CA,Google - Display - C01,95947,4495,535.98,1664.62,Google,310.57502145602444,5.58620905291463,0.11923915461624027,4.68487810978978
2025-08-22,2168,668,645,215178.34,113944.49,101233.85,Non-Branded Search,NY,Google - Non-Branded Search - C02,266287,12085,1753.57,5151.32,Google,293.76186864510686,6.585263268578639,0.1451030202730658,4.538336456529985
2025-08-22,2168,668,645,215178.34,113944.49,101233.85,Non-Branded Search,CA,Google - Non-Branded Search - C03,106315,4393,964.07,2942.78,Google,305.24546972730195,9.068052485538258,0.21945595265194628,4.132060386587029
2025-08-22,2168,668,645,215178.34,113944.49,101233.85,Non-Branded Search,NY,Google - Non-Branded Search - C04,273659,12059,2045.22,7001.13,Google,342.3167189837768,7.473607665013758,0.16960112778837383,4.406578990641638
2025-08-22,2168,668,645,215178.34,113944.49,101233.85,Non-Branded Search,CA,Google - Non-Branded Search - C05,179373,7635,565.02,1935.3,Google,342.51884889030475,3.1499724038734924,0.07400392927308448,4.256493452191801
2025-08-22,2168,668,645,215178.34,113944.49,101233.85,Display,CA,Google - Non-Branded Search - C06,174263,676,553.56,816.08,Google,147.42394681696655,3.176577931058228,0.8188757396449703,0.3879194091688999
2025-08-22,2168,668,645,215178.34,113944.49,101233.85,Non-Branded Search,CA,Google - Display - C07,188428,7711,599.02,2163.45,Google,361.1649026743681,3.1790392086101855,0.0776838282972377,4.092279279088033
2025-08-22,2168,668,645,215178.34,113944.49,101233.85,Non-Branded Search,CA,Google - Display - C08,198911,9131,1567.06,4949.25,Google,315.8302809081975,7.878196781475132,0.1716197568721936,4.5904952466178335
2025-08-22,2168,668,645,215178.34,113944.49,101233.85,Non-Branded Search,CA,Google - Display - C09,215884,10000,1960.44,7044.85,Google,359.3504519393606,9.080987937966686,0.196044,4.632117248151785
2025-08-22,2168,668,645,215178.34,113944.49,101233.85,Non-Branded Search,NY,Google - Non-Branded Search - C10,200819,9835,644.14,2274.33,Google,353.0800757599279,3.2075650212380302,0.06549466192170818,4.897444962877018
2025-08-22,2168,668,645,215178.34,113944.49,101233.85,Retargeting,CA,TikTok - Retargeting - C01,163056,2593,1209.53,4105.35,TikTok,339.4169636139658,7.417880973407909,0.46645969919012725,1.5902512020410167
2025-08-22,2168,668,645,215178.34,113944.49,101233.85,Retargeting,CA,TikTok - Retargeting - C02,127225,1873,1043.55,3591.53,TikTok,344.16463034833026,8.202397327569267,0.5571542979177789,1.472194930241698
2025-08-22,2168,668,645,215178.34,113944.49,101233.85,Spark Ads,CA,TikTok - Retargeting - C03,195129,2737,1220.36,2721.99,TikTok,223.048116949097,6.254119069948598,0.44587504567044206,1.4026618288414332
2025-08-22,2168,668,645,215178.34,113944.49,101233.85,Spark Ads,CA,TikTok - Spark Ads - C04,73134,858,328.27,887.72,TikTok,270.4237365583209,4.4886099488609945,0.3825990675990676,1.1731889408483058
2025-08-22,2168,668,645,215178.34,113944.49,101233.85,Spark Ads,CA,TikTok - Spark Ads - C05,80124,1045,901.75,1879.07,TikTok,208.38037149986138,11.254430632519595,0.8629186602870813,1.3042284459088413
2025-08-22,2168,668,645,215178.34,113944.49,101233.85,Retargeting,CA,TikTok - Spark Ads - C06,85721,1343,326.4,987.99,TikTok,302.6930147058824,3.8077017300311473,0.2430379746835443,1.566710607669066
2025-08-22,2168,668,645,215178.34,113944.49,101233.85,Retargeting,CA,TikTok - Retargeting - C07,160149,2542,832.2,2622.68,TikTok,315.1502042778178,5.196410842403012,0.32738001573564124,1.5872718530868128
2025-08-22,2168,668,645,215178.34,113944.49,101233.85,Retargeting,CA,TikTok - Spark Ads - C08,104711,1774,873.76,2303.6,TikTok,263.64219007507785,8.344491027685725,0.4925366403607666,1.6941868571592287
2025-08-22,2168,668,645,215178.34,113944.49,101233.85,Retargeting,CA,TikTok - Spark Ads - C09,323926,5571,2612.27,7875.28,TikTok,301.4726655361046,8.06440359835271,0.46890504397774185,1.7198372467785852
2025-08-22,2168,668,645,215178.34,113944.49,101233.85,Retargeting,CA,TikTok - Retargeting - C10,247915,3928,2080.1,6010.66,TikTok,288.96014614681985,8.390375733618376,0.5295570264765784,1.5844140128673134
2025-08-23,3550,1568,1548,320310.11,188007.73,132302.38,Asc,NY,Facebook - ASC - C01,129750,1962,1878.48,5167.81,Facebook,275.1059367147907,14.477687861271678,0.9574311926605504,1.5121387283236996
2025-08-23,3550,1568,1548,320310.11,188007.73,132302.38,Prospecting,NY,Facebook - Prospecting - C02,166072,1829,1648.26,4467.19,Facebook,271.0245956341839,9.924972301170577,0.901180973209404,1.1013295438123223
2025-08-23,3550,1568,1548,320310.11,188007.73,132302.38,Prospecting,NY,Facebook - Prospecting - C03,124055,1583,1061.54,2409.92,Facebook,227.02112025924603,8.557011003184071,0.6705874921036007,1.2760469146749425
2025-08-23,3550,1568,1548,320310.11,188007.73,132302.38,Asc,CA,Facebook - Prospecting - C04,195154,2643,2339.44,7115.51,Facebook,304.15441302191977,11.987661026676367,0.8851456678017404,1.3543150537524211
2025-08-23,3550,1568,1548,320310.11,188007.73,132302.38,Prospecting,NY,Facebook - ASC - C05,186085,2015,1880.98,4343.1,Facebook,230.8955969760444,10.108176371013245,0.9334888337468983,1.082838487787839
2025-08-23,3550,1568,1548,320310.11,188007.73,132302.38,Asc,NY,Facebook - ASC - C06,293524,3971,3166.03,9079.04,Facebook,286.7641810090239,10.78627301345035,0.7972878368169227,1.352870634087843
2025-08-23,3550,1568,1548,320310.11,188007.73,132302.38,Asc,NY,Facebook - ASC - C07,184654,2682,2412.59,7054.21,Facebook,292.3915791742484,13.065462973994608,0.8995488441461597,1.4524461966705298
2025-08-23,3550,1568,1548,320310.11,188007.73,132302.38,Asc,CA,Facebook - Prospecting - C08,165620,2387,2046.26,5829.61,Facebook,284.8909718217626,12.355150344161334,0.8572517804775869,1.441251056635672
2025-08-23,3550,1568,1548,320310.11,188007.73,132302.38,Prospecting,CA,Facebook - Prospecting - C09,107202,1366,957.0,2649.73,Facebook,276.8787878787879,8.927072256114625,0.7005856515373353,1.2742299583962986
2025-08-23,3550,1568,1548,320310.11,188007.73,132302.38,Prospecting,CA,Facebook - ASC - C10,156021,1931,1150.22,2768.34,Facebook,240.67917441880687,7.3722127149550385,0.5956602796478508,1.2376539055639946
2025-08-23,3550,1568,1548,320310.11,188007.73,132302.38,Non-Branded Search,CA,Google - Display - C01,152443,7092,1375.86,4268.68,Google,310.255403892838,9.02540621740585,0.1940016920473773,4.652230669824132
2025-08-23,3550,1568,1548,320310.11,188007.73,132302.38,Non-Branded Search,NY,Google - Non-Branded Search - C02,202861,8523,1638.47,5177.69,Google,316.0076168620725,8.076811215561396,0.1922409949548281,4.201398987484041
2025-08-23,3550,1568,1548,320310.11,188007.73,132302.38,Non-Branded Search,CA,Google - Non-Branded Search - C03,158823,7690,753.98,2760.79,Google,366.1622324199581,4.747297305805834,0.09804681404421327,4.8418679914118234
2025-08-23,3550,1568,1548,320310.11,188007.73,132302.38,Non-Branded Search,NY,Google - Non-Branded Search - C04,129132,6239,1232.24,3309.25,Google,268.5556385119782,9.542483660130719,0.19750601057861836,4.831490258030542
2025-08-23,3550,1568,1548,320310.11,188007.73,132302.38,Non-Branded Search,CA,Google - Non-Branded Search - C05,431053,21090,3271.99,9628.28,Google,294.2637355248641,7.590690703927359,0.15514414414414412,4.892669810904923
2025-08-23,3550,1568,1548,320310.11,188007.73,132302.38,Display,CA,Google - Non-Branded Search - C06,171464,625,1651.9,2274.48,Google,137.6887220776076,9.634092287593896,2.64304,0.36450800167965286
2025-08-23,3550,1568,1548,320310.11,188007.73,132302.38,Non-Branded Search,CA,Google - Display - C07,95440,4181,709.49,2401.03,Google,338.4163272209616,7.433885163453478,0.16969385314518057,4.380762782900251
2025-08-23,3550,1568,1548,320310.11,188007.73,132302.38,Non-Branded Search,CA,Google - Display - C08,261669,12011,1722.07,6420.55,Google,372.8390831963858,6.5811005506957265,0.14337440679377236,4.590150151527311
2025-08-23,3550,1568,1548,320310.11,188007.73,132302.38,Non-Branded Search,CA,Google - Display - C09,133639,6516,842.93,2913.28,Google,345.61351476397806,6.3075150218124945,0.12936310620012276,4.87582217765772
2025-08-23,3550,1568,1548,320310.11,188007.73,132302.38,Non-Branded Search,NY,Google - Non-Branded Search - C10,195159,9577,1132.27,3295.67,Google,291.0675015676473,5.80178213661681,0.1182280463610734,4.907280730071378
2025-08-23,3550,1568,1548,320310.11,188007.73,132302.38,Retargeting,CA,TikTok - Retargeting - C01,209217,3301,1623.95,5678.25,TikTok,349.65670125311743,7.762036545787388,0.4919569827325053,1.5777876558788244
2025-08-23,3550,1568,1548,320310.11,188007.73,132302.38,Retargeting,CA,TikTok - Retargeting - C02,160166,2483,695.81,1750.68,TikTok,251.60316753136635,4.344305283268609,0.2802295610149013,1.5502665984041557
2025-08-23,3550,1568,1548,320310.11,188007.73,132302.38,Spark Ads,CA,TikTok - Retargeting - C03,85246,1160,663.91,1787.57,TikTok,269.2488439698152,7.7881660136546,0.5723362068965517,1.3607676606526993
2025-08-23,3550,1568,1548,320310.11,188007.73,132302.38,Spark Ads,CA,TikTok - Spark Ads - C04,242447,2964,2721.45,6751.46,TikTok,248.08319094600307,11.224927509930005,0.918168016194332,1.2225352345048608
2025-08-23,3550,1568,1548,320310.11,188007.73,132302.38,Spark Ads,CA,TikTok - Spark Ads - C05,246239,3066,1666.41,3848.31,TikTok,230.9341638612346,6.767449510434984,0.5435127201565558,1.2451317622310032
2025-08-23,3550,1568,1548,320310.11,188007.73,132302.38,Retargeting,CA,TikTok - Spark Ads - C06,104105,1742,476.69,1325.55,TikTok,278.07380058318824,4.578934729359781,0.27364523536165325,1.673310599875126
2025-08-23,3550,1568,1548,320310.11,188007.73,132302.38,Retargeting,CA,TikTok - Retargeting - C07,201498,3535,2386.83,8110.21,TikTok,339.79001437052494,11.845427746181104,0.6751994342291372,1.7543598447627273
2025-08-23,3550,1568,1548,320310.11,188007.73,132302.38,Retargeting,CA,TikTok - Spark Ads - C08,152580,2660,1660.53,4437.66,TikTok,267.24359090170003,10.883012190326387,0.6242593984962406,1.7433477519989513
2025-08-23,3550,1568,1548,320310.11,188007.73,132302.38,Retargeting,CA,TikTok - Spark Ads - C09,113900,1958,1038.9,3432.73,TikTok,330.419674655886,9.121158911325725,0.5305924412665987,1.7190517998244073
2025-08-23,3550,1568,1548,320310.11,188007.73,132302.38,Retargeting,CA,TikTok - Retargeting - C10,141720,2119,1218.92,3803.76,TikTok,312.05985626620287,8.600903189387525,0.5752336007550731,1.495201806378775
2025-08-24,2523,1256,1178,258953.2,128419.08,130534.12,Asc,NY,Facebook - ASC - C01,108025,1516,1001.78,2804.87,Facebook,279.9886202559444,9.273594075445498,0.6608047493403694,1.4033788474890072
2025-08-24,2523,1256,1178,258953.2,128419.08,130534.12,Prospecting,NY,Facebook - Prospecting - C02,341441,3776,3949.42,8967.73,Facebook,227.0644803540773,11.56691785696504,1.045926906779661,1.1059011659408213
2025-08-24,2523,1256,1178,258953.2,128419.08,130534.12,Prospecting,NY,Facebook - Prospecting - C03,149824,1797,1205.01,3146.44,Facebook,261.1131857826906,8.042836928662963,0.6705676126878131,1.1994073045706963
2025-08-24,2523,1256,1178,258953.2,128419.08,130534.12,Asc,CA,Facebook - Prospecting - C04,226692,3081,2916.0,8197.43,Facebook,281.1189986282579,12.863268222963315,0.9464459591041869,1.3591128050394368
2025-08-24,2523,1256,1178,258953.2,128419.08,130534.12,Prospecting,NY,Facebook - ASC - C05,144572,1889,1276.12,2955.06,Facebook,231.5659969281886,8.826882107185346,0.6755532027527792,1.3066153888719807
2025-08-24,2523,1256,1178,258953.2,128419.08,130534.12,Asc,NY,Facebook - ASC - C06,93022,1401,1349.87,3818.95,Facebook,282.91242860423597,14.511298402528434,0.9635046395431833,1.5060953322869859
2025-08-24,2523,1256,1178,258953.2,128419.08,130534.12,Asc,NY,Facebook - ASC - C07,121557,1883,1623.22,4281.97,Facebook,263.794802922586,13.353570752815552,0.8620392989909719,1.5490675156510936
2025-08-24,2523,1256,1178,258953.2,128419.08,130534.12,Asc,CA,Facebook - Prospecting - C08,186210,2820,2200.1,6132.53,Facebook,278.73869369574106,11.815154932602976,0.780177304964539,1.5144192041243758
2025-08-24,2523,1256,1178,258953.2,128419.08,130534.12,Prospecting,CA,Facebook - Prospecting - C09,96976,1162,1076.9,2277.54,Facebook,211.49038907976598,11.104809437386571,0.926764199655766,1.1982346147500413
2025-08-24,2523,1256,1178,258953.2,128419.08,130534.12,Prospecting,CA,Facebook - ASC - C10,186987,2058,1595.14,4247.84,Facebook,266.29888285667715,8.530753474840497,0.775092322643343,1.1006112724413997
2025-08-24,2523,1256,1178,258953.2,128419.08,130534.12,Non-Branded Search,CA,Google - Display - C01,155282,7041,1612.5,5727.79,Google,355.21178294573645,10.38433301992504,0.2290157648061355,4.534331087956105
2025-08-24,2523,1256,1178,258953.2,128419.08,130534.12,Non-Branded Search,NY,Google - Non-Branded Search - C02,306829,13409,2053.73,5887.25,Google,286.66134301977377,6.693402514103947,0.15316056380043255,4.370186651196595
2025-08-24,2523,1256,1178,258953.2,128419.08,130534.12,Non-Branded Search,CA,Google - Non-Branded Search - C03,398692,17218,3761.92,11992.22,Google,318.77924038788706,9.435654590510971,0.2184876292252294,4.318621893592046
2025-08-24,2523,1256,1178,258953.2,128419.08,130534.12,Non-Branded Search,NY,Google - Non-Branded Search - C04,128053,6285,592.36,1672.84,Google,282.40259301775944,4.625897089486385,0.09424980111376292,4.908123979914566
2025-08-24,2523,1256,1178,258953.2,128419.08,130534.12,Non-Branded Search,CA,Google - Non-Branded Search - C05,144743,6347,1287.39,4224.84,Google,328.17095052781207,8.894316132731808,0.20283440995746024,4.385013437610109
2025-08-24,2523,1256,1178,258953.2,128419.08,130534.12,Display,CA,Google - Non-Branded Search - C06,230771,997,1915.07,2986.29,Google,155.93633653077956,8.298573044273326,1.9208324974924773,0.43203002110317157
2025-08-24,2523,1256,1178,258953.2,128419.08,130534.12,Non-Branded Search,CA,Google - Display - C07,255334,11710,1229.16,3779.5,Google,307.48641348563245,4.813929989738931,0.1049666951323655,4.586149905613823
2025-08-24,2523,1256,1178,258953.2,128419.08,130534.12,Non-Branded Search,CA,Google - Display - C08,316930,15656,1996.95,5500.84,Google,275.46207967149905,6.300918183826082,0.12755173735309147,4.939892089735904
2025-08-24,2523,1256,1178,258953.2,128419.08,130534.12,Non-Branded Search,CA,Google - Display - C09,162661,7936,691.74,1925.63,Google,278.37482291034206,4.25264814552966,0.0871648185483871,4.878858484824267
2025-08-24,2523,1256,1178,258953.2,128419.08,130534.12,Non-Branded Search,NY,Google - Non-Branded Search - C10,292343,12822,1248.59,3472.86,Google,278.14254479052374,4.270976216293874,0.0973787240680081,4.3859439083542275
2025-08-24,2523,1256,1178,258953.2,128419.08,130534.12,Retargeting,CA,TikTok - Retargeting - C01,78851,1194,488.72,1423.1,TikTok,291.189229006384,6.198019048585307,0.4093132328308208,1.5142483925378245
2025-08-24,2523,1256,1178,258953.2,128419.08,130534.12,Retargeting,CA,TikTok - Retargeting - C02,104101,1705,401.21,1437.26,TikTok,358.2313501657486,3.8540455903401503,0.23531378299120234,1.6378324896014447
2025-08-24,2523,1256,1178,258953.2,128419.08,130534.12,Spark Ads,CA,TikTok - Retargeting - C03,174172,2402,1546.7,3871.7,TikTok,250.32003620611624,8.880302229979561,0.6439217318900916,1.3790965252738672
2025-08-24,2523,1256,1178,258953.2,128419.08,130534.12,Spark Ads,CA,TikTok - Spark Ads - C04,116172,1361,774.53,1704.86,TikTok,220.11542483828902,6.6670970629755875,0.5690889052167524,1.1715387528836554
2025-08-24,2523,1256,1178,258953.2,128419.08,130534.12,Spark Ads,CA,TikTok - Spark Ads - C05,158870,2144,1845.06,5110.11,TikTok,276.961724821957,11.613646377541386,0.8605690298507462,1.3495310631333794
2025-08-24,2523,1256,1178,258953.2,128419.08,130534.12,Retargeting,CA,TikTok - Spark Ads - C06,127598,1886,1393.06,4951.87,TikTok,355.46710120167114,10.917569240897192,0.7386320254506893,1.4780795937240396
2025-08-24,2523,1256,1178,258953.2,128419.08,130534.12,Retargeting,CA,TikTok - Retargeting - C07,134905,2024,832.97,2527.62,TikTok,303.44670276240436,6.174493161854639,0.41154644268774704,1.5003150365071718
2025-08-24,2523,1256,1178,258953.2,128419.08,130534.12,Retargeting,CA,TikTok - Spark Ads - C08,160568,2561,1013.32,2774.57,TikTok,273.80985276122055,6.310846494942953,0.3956735650136666,1.5949628817697175
2025-08-24,2523,1256,1178,258953.2,128419.08,130534.12,Retargeting,CA,TikTok - Spark Ads - C09,178486,2749,1277.65,3392.32,TikTok,265.51246428990726,7.158264513743375,0.4647690069116043,1.5401768205909707
2025-08-24,2523,1256,1178,258953.2,128419.08,130534.12,Retargeting,CA,TikTok - Retargeting - C10,179043,2796,1575.01,5077.15,TikTok,322.3566834496289,8.796825343632536,0.5633082975679542,1.5616360315678357
2025-08-25,3242,1491,1514,268195.98,149466.13,118729.85,Asc,NY,Facebook - ASC - C01,250772,3732,2784.36,9098.13,Facebook,326.7583933112097,11.103153462109008,0.7460771704180065,1.4882044247364141
2025-08-25,3242,1491,1514,268195.98,149466.13,118729.85,Prospecting,NY,Facebook - Prospecting - C02,79697,1013,772.1,1997.53,Facebook,258.7138971635798,9.687943084432288,0.7621915103652518,1.2710641554889144
2025-08-25,3242,1491,1514,268195.98,149466.13,118729.85,Prospecting,NY,Facebook - Prospecting - C03,191345,2087,1426.72,3363.43,Facebook,235.7456263317259,7.456270088060833,0.6836224245328223,1.0907000444223784
2025-08-25,3242,1491,1514,268195.98,149466.13,118729.85,Asc,CA,Facebook - Prospecting - C04,134564,1901,1318.28,3114.82,Facebook,236.27909093667506,9.796676674296247,0.693466596528143,1.412710680419726
2025-08-25,3242,1491,1514,268195.98,149466.13,118729.85,Prospecting,NY,Facebook - ASC - C05,189197,2059,1624.51,4431.39,Facebook,272.7831776966593,8.586341221055301,0.7889800874210782,1.0882836408611132
2025-08-25,3242,1491,1514,268195.98,149466.13,118729.85,Asc,NY,Facebook - ASC - C06,136829,2063,2079.0,4834.65,Facebook,232.54689754689753,15.194147439504784,1.0077556955889482,1.5077213163876078
2025-08-25,3242,1491,1514,268195.98,149466.13,118729.85,Asc,NY,Facebook - ASC - C07,122684,1987,1547.19,4909.99,Facebook,317.34887117936387,12.611179941964723,0.778656265727227,1.6196080988555965
2025-08-25,3242,1491,1514,268195.98,149466.13,118729.85,Asc,CA,Facebook - Prospecting - C08,137118,1875,987.77,2761.12,Facebook,279.53065997145086,7.203795271226243,0.5268106666666666,1.3674353476567627
2025-08-25,3242,1491,1514,268195.98,149466.13,118729.85,Prospecting,CA,Facebook - Prospecting - C09,104804,1301,1127.93,2651.09,Facebook,235.04029505377108,10.762280065646351,0.8669715603382014,1.2413648334033052
2025-08-25,3242,1491,1514,268195.98,149466.13,118729.85,Prospecting,CA,Facebook - ASC - C10,53416,613,708.75,1913.45,Facebook,269.9753086419753,13.268496330687436,1.1561990212071778,1.1475962258499326
2025-08-25,3242,1491,1514,268195.98,149466.13,118729.85,Non-Branded Search,CA,Google - Display - C01,159593,7445,775.94,2445.71,Google,315.1931850400804,4.8619926939151465,0.10422296843519141,4.6649915723120685
2025-08-25,3242,1491,1514,268195.98,149466.13,118729.85,Non-Branded Search,NY,Google - Non-Branded Search - C02,195223,8295,1011.13,3567.93,Google,352.86560580736403,5.179358989463331,0.12189632308619651,4.248987055828462
2025-08-25,3242,1491,1514,268195.98,149466.13,118729.85,Non-Branded Search,CA,Google - Non-Branded Search - C03,259033,12812,1920.62,6054.87,Google,315.25601107975547,7.414576521138233,0.14990789884483297,4.946087950183953
2025-08-25,3242,1491,1514,268195.98,149466.13,118729.85,Non-Branded Search,NY,Google - Non-Branded Search - C04,243465,11528,1881.68,5610.66,Google,298.1729093150801,7.728749512250221,0.16322692574600972,4.734972172591543
2025-08-25,3242,1491,1514,268195.98,149466.13,118729.85,Non-Branded Search,CA,Google - Non-Branded Search - C05,149169,6137,875.29,2983.74,Google,340.88587782335,5.867774135376653,0.14262506110477433,4.11412558909693
2025-08-25,3242,1491,1514,268195.98,149466.13,118729.85,Display,CA,Google - Non-Branded Search - C06,203315,857,2082.84,3036.66,Google,145.79420406752317,10.244399085163417,2.430385064177363,0.4215134151439884
2025-08-25,3242,1491,1514,268195.98,149466.13,118729.85,Non-Branded Search,CA,Google - Display - C07,221332,9624,658.0,2254.75,Google,342.66717325227967,2.9729094753582856,0.06837073981712385,4.348218965174489
2025-08-25,3242,1491,1514,268195.98,149466.13,118729.85,Non-Branded Search,CA,Google - Display - C08,312186,15310,2164.39,7453.41,Google,344.36538701435506,6.933014292761366,0.14137099934683212,4.904127667480284
2025-08-25,3242,1491,1514,268195.98,149466.13,118729.85,Non-Branded Search,CA,Google - Display - C09,181111,8073,1482.91,4171.98,Google,281.33737044055266,8.187851648988742,0.1836876006441224,4.457487397231532
2025-08-25,3242,1491,1514,268195.98,149466.13,118729.85,Non-Branded Search,NY,Google - Non-Branded Search - C10,250692,11543,1011.8,3378.23,Google,333.88317849377347,4.036028273738292,0.08765485575673568,4.604454868922821
2025-08-25,3242,1491,1514,268195.98,149466.13,118729.85,Retargeting,CA,TikTok - Retargeting - C01,223266,3580,2109.73,6367.9,TikTok,301.83483194532,9.449401162738617,0.5893100558659218,1.6034685084159703
2025-08-25,3242,1491,1514,268195.98,149466.13,118729.85,Retargeting,CA,TikTok - Retargeting - C02,165465,2534,1332.59,4114.76,TikTok,308.77914437298796,8.053606502885806,0.5258839779005524,1.5314416946181972
2025-08-25,3242,1491,1514,268195.98,149466.13,118729.85,Spark Ads,CA,TikTok - Retargeting - C03,119055,1670,964.34,2452.34,TikTok,254.3024244561047,8.099953802864222,0.5774491017964072,1.4027130317920289
2025-08-25,3242,1491,1514,268195.98,149466.13,118729.85,Spark Ads,CA,TikTok - Spark Ads - C04,136404,1782,854.57,1945.04,TikTok,227.6045262529693,6.264992228966893,0.4795566778900113,1.3064133016627077
2025-08-25,3242,1491,1514,268195.98,149466.13,118729.85,Spark Ads,CA,TikTok - Spark Ads - C05,131625,1786,1413.46,3093.12,TikTok,218.833217777652,10.738537511870845,0.791410974244121,1.3568850902184235
2025-08-25,3242,1491,1514,268195.98,149466.13,118729.85,Retargeting,CA,TikTok - Spark Ads - C06,102779,1773,1022.6,2896.96,TikTok,283.2935654214747,9.949503303203961,0.5767625493513818,1.7250605668473133
2025-08-25,3242,1491,1514,268195.98,149466.13,118729.85,Retargeting,CA,TikTok - Retargeting - C07,126133,1904,739.38,2054.38,TikTok,277.8517135978793,5.861907668889188,0.3883298319327731,1.509517731283645
2025-08-25,3242,1491,1514,268195.98,149466.13,118729.85,Retargeting,CA,TikTok - Spark Ads - C08,82633,1196,790.2,2709.46,TikTok,342.8828144773475,9.562765481103192,0.6607023411371238,1.44736364406472
2025-08-25,3242,1491,1514,268195.98,149466.13,118729.85,Retargeting,CA,TikTok - Spark Ads - C09,78097,1238,767.25,2234.2,TikTok,291.19582926034536,9.824321036659539,0.6197495961227787,1.585208138596873
2025-08-25,3242,1491,1514,268195.98,149466.13,118729.85,Retargeting,CA,TikTok - Retargeting - C10,159525,2368,1876.77,6010.42,TikTok,320.25341411041313,11.764739069111425,0.7925548986486486,1.4844068327848299
2025-08-26,3386,1325,1290,295071.75,179926.24,115145.51,Asc,NY,Facebook - ASC - C01,169995,2410,2268.09,6178.77,Facebook,272.4217292964565,13.342098297008738,0.9411161825726142,1.4176887555516338
2025-08-26,3386,1325,1290,295071.75,179926.24,115145.51,Prospecting,NY,Facebook - Prospecting - C02,204284,2233,2972.93,8173.3,Facebook,274.9240648114823,14.55292631826281,1.3313613972234661,1.0930860958273776
2025-08-26,3386,1325,1290,295071.75,179926.24,115145.51,Prospecting,NY,Facebook - Prospecting - C03,141788,1681,1713.61,4608.42,Facebook,268.930503440106,12.085719524924535,1.0193991671624032,1.185572827037549
2025-08-26,3386,1325,1290,295071.75,179926.24,115145.51,Asc,CA,Facebook - Prospecting - C04,298736,4592,2520.39,7401.79,Facebook,293.67637548157234,8.436847249745595,0.5488654181184669,1.5371431631942585
2025-08-26,3386,1325,1290,295071.75,179926.24,115145.51,Prospecting,NY,Facebook - ASC - C05,146738,1803,1859.41,4199.65,Facebook,225.8592779430034,12.671632433316523,1.0312867443150306,1.2287205768103695
2025-08-26,3386,1325,1290,295071.75,179926.24,115145.51,Asc,NY,Facebook - ASC - C06,155848,2219,1659.33,4547.52,Facebook,274.0576015620763,10.647104871413172,0.7477827850383055,1.4238232123607617
2025-08-26,3386,1325,1290,295071.75,179926.24,115145.51,Asc,NY,Facebook - ASC - C07,95043,1342,1159.43,2863.53,Facebook,246.97739406432473,12.199004661048159,0.8639567809239941,1.4119924665677641
2025-08-26,3386,1325,1290,295071.75,179926.24,115145.51,Asc,CA,Facebook - Prospecting - C08,211336,3099,1626.35,5245.12,Facebook,322.5086850923848,7.6955653556421995,0.5247983220393675,1.466385282204641
2025-08-26,3386,1325,1290,295071.75,179926.24,115145.51,Prospecting,CA,Facebook - Prospecting - C09,142423,1636,1742.75,3573.55,Facebook,205.05235977621575,12.236436530616544,1.0652506112469438,1.1486908715586668
2025-08-26,3386,1325,1290,295071.75,179926.24,115145.51,Prospecting,CA,Facebook - ASC - C10,83594,1025,649.98,1642.21,Facebook,252.65546632204067,7.775438428595353,0.6341268292682927,1.2261645572648754
2025-08-26,3386,1325,1290,295071.75,179926.24,115145.51,Non-Branded Search,CA,Google - Display - C01,184407,8878,1375.99,4007.08,Google,291.2143256855064,7.461701562305119,0.15498873620184728,4.814350865205768
2025-08-26,3386,1325,1290,295071.75,179926.24,115145.51,Non-Branded Search,NY,Google - Non-Branded Search - C02,271792,12411,2048.07,5546.18,Google,270.80031444237744,7.535431506446107,0.16502054628958185,4.566359569082239
2025-08-26,3386,1325,1290,295071.75,179926.24,115145.51,Non-Branded Search,CA,Google - Non-Branded Search - C03,192188,8660,1184.2,3434.45,Google,290.02280020266846,6.161675026536516,0.13674364896073904,4.506004537223968
2025-08-26,3386,1325,1290,295071.75,179926.24,115145.51,Non-Branded Search,NY,Google - Non-Branded Search - C04,297499,14111,2753.89,8718.08,Google,316.57328360973025,9.256804224552015,0.19515909574091134,4.74320922087133
2025-08-26,3386,1325,1290,295071.75,179926.24,115145.51,Non-Branded Search,CA,Google - Non-Branded Search - C05,279257,13351,1366.39,4350.83,Google,318.41787483807695,4.892948072922076,0.10234364467081118,4.780900747340263
2025-08-26,3386,1325,1290,295071.75,179926.24,115145.51,Display,CA,Google - Non-Branded Search - C06,210027,800,1906.29,3121.36,Google,163.7400395532684,9.07640446228342,2.3828625,0.3809034076571108
2025-08-26,3386,1325,1290,295071.75,179926.24,115145.51,Non-Branded Search,CA,Google - Display - C07,267822,12230,1291.91,3908.49,Google,302.5357803562167,4.823763544443698,0.10563450531479968,4.566465786977918
2025-08-26,3386,1325,1290,295071.75,179926.24,115145.51,Non-Branded Search,CA,Google - Display - C08,178512,8014,780.9,2489.06,Google,318.74247662953,4.37449583221296,0.09744197654105316,4.489334050371964
2025-08-26,3386,1325,1290,295071.75,179926.24,115145.51,Non-Branded Search,CA,Google - Display - C09,214745,10587,1871.27,6117.35,Google,326.9089976326239,8.713916505622949,0.17675167658449042,4.9300332953037325
2025-08-26,3386,1325,1290,295071.75,179926.24,115145.51,Non-Branded Search,NY,Google - Non-Branded Search - C10,195220,8177,1170.05,3387.06,Google,289.47993675483957,5.9934945190042,0.14309037544331663,4.188607724618379
2025-08-26,3386,1325,1290,295071.75,179926.24,115145.51,Retargeting,CA,TikTok - Retargeting - C01,138101,2160,785.21,2217.15,TikTok,282.3639535920327,5.685766214582081,0.3635231481481482,1.5640726714506048
2025-08-26,3386,1325,1290,295071.75,179926.24,115145.51,Retargeting,CA,TikTok - Retargeting - C02,131999,2230,1020.26,3170.73,TikTok,310.7766647717249,7.7293009795528755,0.4575156950672646,1.6894067379298328
2025-08-26,3386,1325,1290,295071.75,179926.24,115145.51,Spark Ads,CA,TikTok - Retargeting - C03,316384,3770,1330.78,3471.64,TikTok,260.8725709734141,4.206217760695863,0.3529920424403183,1.191589966622838
2025-08-26,3386,1325,1290,295071.75,179926.24,115145.51,Spark Ads,CA,TikTok - Spark Ads - C04,124152,1567,1162.84,2467.76,TikTok,212.2183619414537,9.366260712674785,0.7420804084237396,1.2621625104710357
2025-08-26,3386,1325,1290,295071.75,179926.24,115145.51,Spark Ads,CA,TikTok - Spark Ads - C05,97001,1291,609.68,1238.65,TikTok,203.16395486156676,6.285296027876001,0.47225406661502706,1.3309141142874816
2025-08-26,3386,1325,1290,295071.75,179926.24,115145.51,Retargeting,CA,TikTok - Spark Ads - C06,97456,1652,905.39,2800.56,TikTok,309.320845160649,9.29024380233131,0.5480569007263922,1.6951239533738303
2025-08-26,3386,1325,1290,295071.75,179926.24,115145.51,Retargeting,CA,TikTok - Retargeting - C07,109282,1759,729.07,2109.87,TikTok,289.39196510623117,6.671455500448382,0.4144798180784537,1.6095971889240681
2025-08-26,3386,1325,1290,295071.75,179926.24,115145.51,Retargeting,CA,TikTok - Spark Ads - C08,159026,2304,800.2,2617.69,TikTok,327.12946763309174,5.0318815791128495,0.3473090277777778,1.4488196898620351
2025-08-26,3386,1325,1290,295071.75,179926.24,115145.51,Retargeting,CA,TikTok - Spark Ads - C09,171216,2486,1609.37,5463.17,TikTok,339.46016142962776,9.399647229230913,0.6473732904263877,1.4519671058779553
2025-08-26,3386,1325,1290,295071.75,179926.24,115145.51,Retargeting,CA,TikTok - Retargeting - C10,142750,2282,1152.39,3409.89,TikTok,295.89722229453565,8.072784588441332,0.504991235758107,1.5985989492119088
2025-08-27,2601,1214,1136,216104.95,113084.41,103020.54,Asc,NY,Facebook - ASC - C01,181302,2597,1160.83,3805.58,Facebook,327.8326714506,6.402742385632811,0.44698883326915667,1.4324166308148834
2025-08-27,2601,1214,1136,216104.95,113084.41,103020.54,Prospecting,NY,Facebook - Prospecting - C02,241419,3141,2035.35,4383.41,Facebook,215.3639423195028,8.430778024927616,0.6479942693409741,1.3010574975457607
2025-08-27,2601,1214,1136,216104.95,113084.41,103020.54,Prospecting,NY,Facebook - Prospecting - C03,85633,1011,695.38,1896.84,Facebook,272.7774741867756,8.120467576751953,0.6878140454995054,1.1806196209405253
2025-08-27,2601,1214,1136,216104.95,113084.41,103020.54,Asc,CA,Facebook - Prospecting - C04,263600,3780,2342.26,7015.31,Facebook,299.5103020160016,8.885660091047042,0.6196455026455027,1.4339908952959028
2025-08-27,2601,1214,1136,216104.95,113084.41,103020.54,Prospecting,NY,Facebook - ASC - C05,113586,1375,916.87,2190.27,Facebook,238.88555629478554,8.072033525258394,0.6668145454545454,1.210536509781135
2025-08-27,2601,1214,1136,216104.95,113084.41,103020.54,Asc,NY,Facebook - ASC - C06,262725,3942,2135.28,5718.56,Facebook,267.8131205275186,8.127433628318585,0.5416742770167429,1.5004282043962318
2025-08-27,2601,1214,1136,216104.95,113084.41,103020.54,Asc,NY,Facebook - ASC - C07,102184,1594,1294.21,3806.86,Facebook,294.1454632555768,12.665485790338996,0.8119259723964869,1.5599311046739217
2025-08-27,2601,1214,1136,216104.95,113084.41,103020.54,Asc,CA,Facebook - Prospecting - C08,135835,1903,764.07,1939.15,Facebook,253.79219181488608,5.624986196488387,0.4015081450341566,1.4009644053447197
2025-08-27,2601,1214,1136,216104.95,113084.41,103020.54,Prospecting,CA,Facebook - Prospecting - C09,141332,1654,1332.36,3093.02,Facebook,232.1459665555856,9.427164407211388,0.8055380894800483,1.1702940593779185
2025-08-27,2601,1214,1136,216104.95,113084.41,103020.54,Prospecting,CA,Facebook - ASC - C10,113843,1290,698.18,1797.4,Facebook,257.4407745853505,6.132832058185396,0.5412248062015503,1.1331394991347732
2025-08-27,2601,1214,1136,216104.95,113084.41,103020.54,Non-Branded Search,CA,Google - Display - C01,117797,4936,724.51,2307.78,Google,318.52976494458323,6.150496192602528,0.14678079416531603,4.19025951424909
2025-08-27,2601,1214,1136,216104.95,113084.41,103020.54,Non-Branded Search,NY,Google - Non-Branded Search - C02,215790,10374,1544.28,5613.7,Google,363.51568368430594,7.156402057555957,0.14886061307113937,4.807451689142222
2025-08-27,2601,1214,1136,216104.95,113084.41,103020.54,Non-Branded Search,CA,Google - Non-Branded Search - C03,156407,7500,1101.95,3468.22,Google,314.734788329779,7.045400781294955,0.14692666666666668,4.795181801326027
2025-08-27,2601,1214,1136,216104.95,113084.41,103020.54,Non-Branded Search,NY,Google - Non-Branded Search - C04,165744,7102,908.97,2765.69,Google,304.2663674268678,5.484180422820736,0.12798789073500422,4.284921324452167
2025-08-27,2601,1214,1136,216104.95,113084.41,103020.54,Non-Branded Search,CA,Google - Non-Branded Search - C05,182727,8287,1275.69,3716.9,Google,291.3638893461578,6.981398479699224,0.15393869916737057,4.535180898279948
2025-08-27,2601,1214,1136,216104.95,113084.41,103020.54,Display,CA,Google - Non-Branded Search - C06,153714,592,1505.13,2443.56,Google,162.34876721612085,9.791756118505798,2.5424493243243247,0.38513082738072
2025-08-27,2601,1214,1136,216104.95,113084.41,103020.54,Non-Branded Search,CA,Google - Display - C07,107098,5119,905.07,3255.05,Google,359.6462152098733,8.450858092588097,0.17680601680015628,4.779734448822573
2025-08-27,2601,1214,1136,216104.95,113084.41,103020.54,Non-Branded Search,CA,Google - Display - C08,336119,15017,3210.56,9547.37,Google,297.3739783713745,9.551855146540364,0.21379503229673036,4.467762905399575
2025-08-27,2601,1214,1136,216104.95,113084.41,103020.54,Non-Branded Search,CA,Google - Display - C09,92083,4114,438.11,1535.63,Google,350.5124283855653,4.757772878815851,0.10649246475449685,4.467708480392689
2025-08-27,2601,1214,1136,216104.95,113084.41,103020.54,Non-Branded Search,NY,Google - Non-Branded Search - C10,213781,10526,1100.92,4106.93,Google,373.0452712277005,5.149756058770424,0.10459053771613148,4.923730359573582
2025-08-27,2601,1214,1136,216104.95,113084.41,103020.54,Retargeting,CA,TikTok - Retargeting - C01,202892,3231,913.48,3084.49,TikTok,337.663659850243,4.50229678843917,0.2827236149798824,1.5924728426946355
2025-08-27,2601,1214,1136,216104.95,113084.41,103020.54,Retargeting,CA,TikTok - Retargeting - C02,76533,1234,363.67,1187.59,TikTok,326.55704347347864,4.751806410306665,0.29470826580226905,1.6123763605242183
2025-08-27,2601,1214,1136,216104.95,113084.41,103020.54,Spark Ads,CA,TikTok - Retargeting - C03,138967,1887,1644.23,3730.33,TikTok,226.87397748490176,11.831801794670678,0.8713460519342873,1.3578763303518102
2025-08-27,2601,1214,1136,216104.95,113084.41,103020.54,Spark Ads,CA,TikTok - Spark Ads - C04,156851,1924,990.5,2181.58,TikTok,220.25037859666833,6.314910328910877,0.5148128898128899,1.22664184480813
2025-08-27,2601,1214,1136,216104.95,113084.41,103020.54,Spark Ads,CA,TikTok - Spark Ads - C05,159518,2209,1202.68,2810.07,TikTok,233.6506801476702,7.53946263117642,0.5444454504300589,1.3847967000589274
2025-08-27,2601,1214,1136,216104.95,113084.41,103020.54,Retargeting,CA,TikTok - Spark Ads - C06,144724,2391,1662.67,4247.07,TikTok,255.43673729603586,11.488557530195406,0.6953868674194897,1.652110223598021
2025-08-27,2601,1214,1136,216104.95,113084.41,103020.54,Retargeting,CA,TikTok - Retargeting - C07,136555,2237,1307.94,3282.4,TikTok,250.95952413719283,9.578118706748196,0.5846848457755923,1.6381677712277105
2025-08-27,2601,1214,1136,216104.95,113084.41,103020.54,Retargeting,CA,TikTok - Spark Ads - C08,109396,1767,1139.25,3612.54,TikTok,317.09809084924296,10.414000511901715,0.6447368421052632,1.6152327324582252
2025-08-27,2601,1214,1136,216104.95,113084.41,103020.54,Retargeting,CA,TikTok - Spark Ads - C09,339506,5264,3291.85,11153.93,TikTok,338.834697814299,9.695999481599737,0.625351443768997,1.5504880620666497
2025-08-27,2601,1214,1136,216104.95,113084.41,103020.54,Retargeting,CA,TikTok - Retargeting - C10,65847,1077,431.66,1302.18,TikTok,301.6679794282537,6.5554998709128744,0.4007985143918292,1.635609822770969
2025-08-28,3236,1724,1652,247519.4,145793.47,101725.93,Asc,NY,Facebook - ASC - C01,151500,2343,1949.71,5145.42,Facebook,263.9069400064625,12.869372937293729,0.8321425522833974,1.5465346534653466
2025-08-28,3236,1724,1652,247519.4,145793.47,101725.93,Prospecting,NY,Facebook - Prospecting - C02,272435,3121,3479.69,7603.91,Facebook,218.52262701562495,12.772551250757061,1.114927907721884,1.145594361957898
2025-08-28,3236,1724,1652,247519.4,145793.47,101725.93,Prospecting,NY,Facebook - Prospecting - C03,132655,1569,1067.14,2140.85,Facebook,200.6156642989673,8.044476273039088,0.6801402166985342,1.1827673287851947
2025-08-28,3236,1724,1652,247519.4,145793.47,101725.93,Asc,CA,Facebook - Prospecting - C04,358043,5131,4706.77,14412.15,Facebook,306.20043044380753,13.145823267037759,0.9173202104852856,1.4330680951729262
2025-08-28,3236,1724,1652,247519.4,145793.47,101725.93,Prospecting,NY,Facebook - ASC - C05,207068,2428,3100.91,6688.06,Facebook,215.68055828772845,14.975322116406204,1.277145799011532,1.1725616705623272
2025-08-28,3236,1724,1652,247519.4,145793.47,101725.93,Asc,NY,Facebook - ASC - C06,191242,2619,2480.49,7816.64,Facebook,315.1248342061448,12.970424906662762,0.9471134020618556,1.3694690496857385
2025-08-28,3236,1724,1652,247519.4,145793.47,101725.93,Asc,NY,Facebook - ASC - C07,197396,2737,1225.5,3183.5,Facebook,259.7715218278254,6.208332489006869,0.4477530142491779,1.386552919005451
2025-08-28,3236,1724,1652,247519.4,145793.47,101725.93,Asc,CA,Facebook - Prospecting - C08,99199,1468,1223.24,3688.43,Facebook,301.5295444884078,12.331172693273118,0.8332697547683924,1.4798536275567293
2025-08-28,3236,1724,1652,247519.4,145793.47,101725.93,Prospecting,CA,Facebook - Prospecting - C09,118737,1379,1174.79,2699.42,Facebook,229.77893921466816,9.8940515593286,0.8519144307469181,1.1613902995696372
2025-08-28,3236,1724,1652,247519.4,145793.47,101725.93,Prospecting,CA,Facebook - ASC - C10,172568,2025,984.78,2028.16,Facebook,205.95056763947278,5.70661999907283,0.4863111111111111,1.1734504659032963
2025-08-28,3236,1724,1652,247519.4,145793.47,101725.93,Non-Branded Search,CA,Google - Display - C01,134577,5597,790.8,2667.68,Google,337.3394031360648,5.876189839274169,0.14128997677327138,4.15895732554597
2025-08-28,3236,1724,1652,247519.4,145793.47,101725.93,Non-Branded Search,NY,Google - Non-Branded Search - C02,226615,11114,1215.74,3680.33,Google,302.72344415746784,5.3647816781766435,0.10938815907863955,4.904353198155461
2025-08-28,3236,1724,1652,247519.4,145793.47,101725.93,Non-Branded Search,CA,Google - Non-Branded Search - C03,320550,14198,1048.44,3381.42,Google,322.519171340277,3.2707533926064576,0.07384420340893084,4.429262205584152
2025-08-28,3236,1724,1652,247519.4,145793.47,101725.93,Non-Branded Search,NY,Google - Non-Branded Search - C04,316891,13063,2192.87,7205.56,Google,328.590386115,6.919950393037353,0.1678687897113986,4.12223761482655
2025-08-28,3236,1724,1652,247519.4,145793.47,101725.93,Non-Branded Search,CA,Google - Non-Branded Search - C05,211572,9026,1883.96,6062.84,Google,321.8136266162764,8.904580946439037,0.20872590294704188,4.266159983362638
2025-08-28,3236,1724,1652,247519.4,145793.47,101725.93,Display,CA,Google - Non-Branded Search - C06,126280,471,1185.59,1830.55,Google,154.39991902765712,9.388580931263858,2.517176220806794,0.37298067785872663
2025-08-28,3236,1724,1652,247519.4,145793.47,101725.93,Non-Branded Search,CA,Google - Display - C07,199425,8913,1612.78,4597.72,Google,285.08042014409904,8.08715055785383,0.1809469314484461,4.469349379465965
2025-08-28,3236,1724,1652,247519.4,145793.47,101725.93,Non-Branded Search,CA,Google - Display - C08,203103,9727,1321.3,4419.78,Google,334.5023840157421,6.505566141317459,0.1358383879921867,4.789195629803597
2025-08-28,3236,1724,1652,247519.4,145793.47,101725.93,Non-Branded Search,CA,Google - Display - C09,241129,10846,1357.59,4501.32,Google,331.56696793582745,5.630139883630753,0.12516964779642265,4.498007290703317
2025-08-28,3236,1724,1652,247519.4,145793.47,101725.93,Non-Branded Search,NY,Google - Non-Branded Search - C10,165233,8090,1306.55,4512.55,Google,345.3790517010448,7.907318755938585,0.1615018541409147,4.896116393214431
2025-08-28,3236,1724,1652,247519.4,145793.47,101725.93,Retargeting,CA,TikTok - Retargeting - C01,86366,1512,477.15,1578.51,TikTok,330.8204966991512,5.524743533334877,0.3155753968253968,1.7506889285135354
2025-08-28,3236,1724,1652,247519.4,145793.47,101725.93,Retargeting,CA,TikTok - Retargeting - C02,126656,2097,896.55,2577.9,TikTok,287.53555295298645,7.078622410308236,0.4275393419170243,1.6556657402728652
2025-08-28,3236,1724,1652,247519.4,145793.47,101725.93,Spark Ads,CA,TikTok - Retargeting - C03,157727,1910,1605.12,4416.43,TikTok,275.1464064992026,10.17657091049725,0.8403769633507853,1.210953102512569
2025-08-28,3236,1724,1652,247519.4,145793.47,101725.93,Spark Ads,CA,TikTok - Spark Ads - C04,224154,3067,2410.52,4945.29,TikTok,205.15448948774537,10.753856723502592,0.7859537006847082,1.3682557527414188
2025-08-28,3236,1724,1652,247519.4,145793.47,101725.93,Spark Ads,CA,TikTok - Spark Ads - C05,146354,1885,714.77,1742.74,TikTok,243.8182911985674,4.883843284091996,0.37918832891246684,1.2879729969799254
2025-08-28,3236,1724,1652,247519.4,145793.47,101725.93,Retargeting,CA,TikTok - Spark Ads - C06,231457,3829,1886.21,6038.6,TikTok,320.1446286468633,8.14928906881192,0.49261164794985635,1.6543029590809524
2025-08-28,3236,1724,1652,247519.4,145793.47,101725.93,Retargeting,CA,TikTok - Retargeting - C07,121834,1977,593.8,1645.48,TikTok,277.11013809363425,4.873844739563668,0.300354071825999,1.6226997389891165
2025-08-28,3236,1724,1652,247519.4,145793.47,101725.93,Retargeting,CA,TikTok - Spark Ads - C08,172358,2730,1531.69,5403.89,TikTok,352.8057243959287,8.886677728913076,0.5610586080586081,1.5839125541025074
2025-08-28,3236,1724,1652,247519.4,145793.47,101725.93,Retargeting,CA,TikTok - Spark Ads - C09,118132,1921,1109.63,3206.73,TikTok,288.99092490289553,9.39313649138252,0.577631441957314,1.6261470219754173
2025-08-28,3236,1724,1652,247519.4,145793.47,101725.93,Retargeting,CA,TikTok - Retargeting - C10,158516,2706,1404.36,4707.39,TikTok,335.198239767581,8.859421130989931,0.518980044345898,1.7070831966489188
2025-08-29,3154,1088,1040,226107.82,117891.11,108216.71,Asc,NY,Facebook - ASC - C01,151762,2152,1654.67,5365.97,Facebook,324.29245710625077,10.903058736706159,0.7688986988847584,1.4180097784689185
2025-08-29,3154,1088,1040,226107.82,117891.11,108216.71,Prospecting,NY,Facebook - Prospecting - C02,169564,2164,1901.04,4338.64,Facebook,228.22455077220894,11.21134203014791,0.8784842883548983,1.276214290769267
2025-08-29,3154,1088,1040,226107.82,117891.11,108216.71,Prospecting,NY,Facebook - Prospecting - C03,156650,1990,1410.65,3571.25,Facebook,253.16343529578563,9.005106926268754,0.7088693467336684,1.2703479093520587
2025-08-29,3154,1088,1040,226107.82,117891.11,108216.71,Asc,CA,Facebook - Prospecting - C04,263784,3653,1805.63,5153.97,Facebook,285.43887728936716,6.845108118763838,0.4942868874897345,1.384845176356413
2025-08-29,3154,1088,1040,226107.82,117891.11,108216.71,Prospecting,NY,Facebook - ASC - C05,90785,1045,873.67,2159.57,Facebook,247.183719253265,9.623506085807126,0.8360478468899522,1.1510712122046594
2025-08-29,3154,1088,1040,226107.82,117891.11,108216.71,Asc,NY,Facebook - ASC - C06,144756,2357,1475.53,3788.24,Facebook,256.737579039396,10.193221697200807,0.6260203648705982,1.6282572052281081
2025-08-29,3154,1088,1040,226107.82,117891.11,108216.71,Asc,NY,Facebook - ASC - C07,126343,2021,1458.56,4684.49,Facebook,321.1722520842475,11.544446467156867,0.7217021276595744,1.5996137498713818
2025-08-29,3154,1088,1040,226107.82,117891.11,108216.71,Asc,CA,Facebook - Prospecting - C08,121552,1752,970.62,2955.36,Facebook,304.48167150893244,7.985224430696328,0.5540068493150685,1.4413584309595893
2025-08-29,3154,1088,1040,226107.82,117891.11,108216.71,Prospecting,CA,Facebook - Prospecting - C09,107935,1167,845.03,1953.15,Facebook,231.13380590038224,7.82906378839116,0.7241045415595544,1.0812062815583452
2025-08-29,3154,1088,1040,226107.82,117891.11,108216.71,Prospecting,CA,Facebook - ASC - C10,95260,1196,590.38,1181.25,Facebook,200.08299739151053,6.197564560151165,0.49362876254180604,1.255511232416544
2025-08-29,3154,1088,1040,226107.82,117891.11,108216.71,Non-Branded Search,CA,Google - Display - C01,90786,4121,736.01,2610.44,Google,354.6745288786837,8.107086995792303,0.1785998544042708,4.539246139272575
2025-08-29,3154,1088,1040,226107.82,117891.11,108216.71,Non-Branded Search,NY,Google - Non-Branded Search - C02,220637,9462,703.25,2275.62,Google,323.5862068965517,3.18736204716344,0.07432361023039527,4.288491957377956
2025-08-29,3154,1088,1040,226107.82,117891.11,108216.71,Non-Branded Search,CA,Google - Non-Branded Search - C03,110963,5351,916.15,3014.44,Google,329.03345522021505,8.256355722177663,0.17121098860026163,4.822328163441868
2025-08-29,3154,1088,1040,226107.82,117891.11,108216.71,Non-Branded Search,NY,Google - Non-Branded Search - C04,298521,12773,2415.85,7139.64,Google,295.53324916695993,8.092730494672066,0.189137242621154,4.278760958190546
2025-08-29,3154,1088,1040,226107.82,117891.11,108216.71,Non-Branded Search,CA,Google - Non-Branded Search - C05,313312,14967,1143.33,3763.69,Google,329.1866740136269,3.6491739863139614,0.07639005812788133,4.777027372076397
2025-08-29,3154,1088,1040,226107.82,117891.11,108216.71,Display,CA,Google - Non-Branded Search - C06,172838,719,597.38,969.67,Google,162.32046603501956,3.4563001191867526,0.8308484005563282,0.41599648225505964
2025-08-29,3154,1088,1040,226107.82,117891.11,108216.71,Non-Branded Search,CA,Google - Display - C07,118002,4796,834.55,2800.55,Google,335.5760589539273,7.07233775698717,0.17400959132610508,4.0643378925780915
2025-08-29,3154,1088,1040,226107.82,117891.11,108216.71,Non-Branded Search,CA,Google - Display - C08,288098,13584,1620.7,6074.63,Google,374.8152033072129,5.62551631736423,0.11930948174322734,4.715062235766996
2025-08-29,3154,1088,1040,226107.82,117891.11,108216.71,Non-Branded Search,CA,Google - Display - C09,181968,8728,1524.24,4734.68,Google,310.62562326142864,8.376417831706675,0.1746379468377635,4.796447727072891
2025-08-29,3154,1088,1040,226107.82,117891.11,108216.71,Non-Branded Search,NY,Google - Non-Branded Search - C10,190930,8060,583.91,2142.04,Google,366.84420544261957,3.0582412402451156,0.07244540942928039,4.221442413449956
2025-08-29,3154,1088,1040,226107.82,117891.11,108216.71,Retargeting,CA,TikTok - Retargeting - C01,100056,1754,1050.71,3319.13,TikTok,315.8940145235127,10.501219317182379,0.5990364880273661,1.753018309746542
2025-08-29,3154,1088,1040,226107.82,117891.11,108216.71,Retargeting,CA,TikTok - Retargeting - C02,148121,2514,1103.09,3288.74,TikTok,298.1388644625552,7.447222203468785,0.4387788385043755,1.6972610230824798
2025-08-29,3154,1088,1040,226107.82,117891.11,108216.71,Spark Ads,CA,TikTok - Retargeting - C03,96308,1316,407.33,944.61,TikTok,231.9028797289667,4.2294513436059304,0.3095212765957447,1.366449308468663
2025-08-29,3154,1088,1040,226107.82,117891.11,108216.71,Spark Ads,CA,TikTok - Spark Ads - C04,189633,2461,2098.12,5507.16,TikTok,262.4806970049378,11.064108040267252,0.8525477448191792,1.2977699029177412
2025-08-29,3154,1088,1040,226107.82,117891.11,108216.71,Spark Ads,CA,TikTok - Spark Ads - C05,147836,1928,686.98,1463.9,TikTok,213.09208419459083,4.646906031007332,0.3563174273858921,1.3041478394978219
2025-08-29,3154,1088,1040,226107.82,117891.11,108216.71,Retargeting,CA,TikTok - Spark Ads - C06,158169,2362,755.35,2325.02,TikTok,307.80697689812666,4.775588136739817,0.3197925486875529,1.4933394027906859
2025-08-29,3154,1088,1040,226107.82,117891.11,108216.71,Retargeting,CA,TikTok - Retargeting - C07,106704,1635,515.9,1477.95,TikTok,286.4799379724753,4.834870295396611,0.31553516819571864,1.532276203328835
2025-08-29,3154,1088,1040,226107.82,117891.11,108216.71,Retargeting,CA,TikTok - Spark Ads - C08,259502,4043,2571.3,6809.17,TikTok,264.814296270369,9.90859415341693,0.6359881276279991,1.5579841388505675
2025-08-29,3154,1088,1040,226107.82,117891.11,108216.71,Retargeting,CA,TikTok - Spark Ads - C09,199923,3358,1575.94,4443.38,TikTok,281.95108950848385,7.882734852918373,0.4693091125670042,1.679646663965627
2025-08-29,3154,1088,1040,226107.82,117891.11,108216.71,Retargeting,CA,TikTok - Retargeting - C10,135526,2132,996.89,2446.72,TikTok,245.43530379480183,7.355710343402742,0.4675844277673546,1.5731298791375823
2025-08-30,3000,1426,1353,305078.01,175947.47,129130.54,Asc,NY,Facebook - ASC - C01,240992,3806,1486.07,4725.19,Facebook,317.9655063355023,6.166470256274067,0.39045454545454544,1.5793055371132652
2025-08-30,3000,1426,1353,305078.01,175947.47,129130.54,Prospecting,NY,Facebook - Prospecting - C02,195142,2474,1892.86,5110.79,Facebook,270.00359244740764,9.69991083416179,0.7651010509296685,1.2677947340910722
2025-08-30,3000,1426,1353,305078.01,175947.47,129130.54,Prospecting,NY,Facebook - Prospecting - C03,102874,1351,1205.93,2643.3,Facebook,219.19182705463834,11.72239827361627,0.8926202812731311,1.3132569939926513
2025-08-30,3000,1426,1353,305078.01,175947.47,129130.54,Asc,CA,Facebook - Prospecting - C04,230291,3743,2303.78,5534.86,Facebook,240.25123926763837,10.0037778289208,0.6154902484637992,1.6253349023626629
2025-08-30,3000,1426,1353,305078.01,175947.47,129130.54,Prospecting,NY,Facebook - ASC - C05,208069,2392,2243.21,4819.44,Facebook,214.84568988191026,10.781087043240463,0.9377968227424749,1.149618636125516
2025-08-30,3000,1426,1353,305078.01,175947.47,129130.54,Asc,NY,Facebook - ASC - C06,347848,5317,2708.58,7988.47,Facebook,294.9320308058097,7.78667693935282,0.5094188452134663,1.5285412019042801
2025-08-30,3000,1426,1353,305078.01,175947.47,129130.54,Asc,NY,Facebook - ASC - C07,189857,2821,2268.35,6256.17,Facebook,275.80267595388716,11.947676409086839,0.8040942928039702,1.485855143608084
2025-08-30,3000,1426,1353,305078.01,175947.47,129130.54,Asc,CA,Facebook - Prospecting - C08,268600,4421,2274.62,6728.45,Facebook,295.8054532185596,8.468428890543558,0.514503505994119,1.6459419210722261
2025-08-30,3000,1426,1353,305078.01,175947.47,129130.54,Prospecting,CA,Facebook - Prospecting - C09,151864,1641,1409.14,2868.73,Facebook,203.58019785117162,9.278960122214615,0.8587081048141377,1.0805720908181005
2025-08-30,3000,1426,1353,305078.01,175947.47,129130.54,Prospecting,CA,Facebook - ASC - C10,118293,1348,897.41,2305.01,Facebook,256.851383425636,7.586332242820792,0.6657344213649852,1.1395433373065187
2025-08-30,3000,1426,1353,305078.01,175947.47,129130.54,Non-Branded Search,CA,Google - Display - C01,211730,10173,1863.73,6177.7,Google,331.4696871327928,8.80238983611203,0.1832035780988892,4.804704104283758
2025-08-30,3000,1426,1353,305078.01,175947.47,129130.54,Non-Branded Search,NY,Google - Non-Branded Search - C02,190201,9303,830.55,2576.93,Google,310.2678947685269,4.366696284456969,0.08927765237020316,4.891141476648388
2025-08-30,3000,1426,1353,305078.01,175947.47,129130.54,Non-Branded Search,CA,Google - Non-Branded Search - C03,202780,8857,1612.9,5766.0,Google,357.4927149854299,7.953940230791991,0.1821045500733883,4.36778775027123
2025-08-30,3000,1426,1353,305078.01,175947.47,129130.54,Non-Branded Search,NY,Google - Non-Branded Search - C04,153904,6582,1026.11,3180.83,Google,309.9891824463264,6.667208129743216,0.1558963840777879,4.2766919638216025
2025-08-30,3000,1426,1353,305078.01,175947.47,129130.54,Non-Branded Search,CA,Google - Non-Branded Search - C05,261275,12277,2177.81,7958.32,Google,365.42765438674627,8.335317194526839,0.1773894273845402,4.698880489905273
2025-08-30,3000,1426,1353,305078.01,175947.47,129130.54,Display,CA,Google - Non-Branded Search - C06,204501,765,1019.62,1681.26,Google,164.89084168611836,4.985892489523279,1.3328366013071895,0.37408130033593967
2025-08-30,3000,1426,1353,305078.01,175947.47,129130.54,Non-Branded Search,CA,Google - Display - C07,156189,6995,1414.59,3762.71,Google,265.9929732289922,9.056911818373893,0.202228734810579,4.478548425305239
2025-08-30,3000,1426,1353,305078.01,175947.47,129130.54,Non-Branded Search,CA,Google - Display - C08,129408,6038,854.62,2713.63,Google,317.52474784114577,6.604073936696341,0.14154024511427626,4.665863006923838
2025-08-30,3000,1426,1353,305078.01,175947.47,129130.54,Non-Branded Search,CA,Google - Display - C09,278931,11695,1512.44,4778.56,Google,315.95038480865355,5.4222728918621454,0.12932364258230014,4.192793199751909
2025-08-30,3000,1426,1353,305078.01,175947.47,129130.54,Non-Branded Search,NY,Google - Non-Branded Search - C10,251860,11147,1740.87,5183.1,Google,297.7304451222665,6.91205431588978,0.15617385843724768,4.425871515921544
2025-08-30,3000,1426,1353,305078.01,175947.47,129130.54,Retargeting,CA,TikTok - Retargeting - C01,115405,2011,1254.61,4200.62,TikTok,334.81480300651197,10.87136605866297,0.623873694679264,1.742558814609419
2025-08-30,3000,1426,1353,305078.01,175947.47,129130.54,Retargeting,CA,TikTok - Retargeting - C02,119041,1983,1227.98,3226.33,TikTok,262.7347350934054,10.31560554766845,0.6192536560766515,1.6658126191816267
2025-08-30,3000,1426,1353,305078.01,175947.47,129130.54,Spark Ads,CA,TikTok - Retargeting - C03,141181,1691,1519.77,3733.61,TikTok,245.66941050290504,10.764692132794073,0.8987403903015967,1.1977532387502567
2025-08-30,3000,1426,1353,305078.01,175947.47,129130.54,Spark Ads,CA,TikTok - Spark Ads - C04,208160,2474,953.28,2231.49,TikTok,234.08547331319232,4.579554189085319,0.3853193209377526,1.1885088393543428
2025-08-30,3000,1426,1353,305078.01,175947.47,129130.54,Spark Ads,CA,TikTok - Spark Ads - C05,109850,1314,1225.68,3372.02,TikTok,275.11422230924876,11.157760582612653,0.9327853881278539,1.1961766044606281
2025-08-30,3000,1426,1353,305078.01,175947.47,129130.54,Retargeting,CA,TikTok - Spark Ads - C06,157086,2522,1128.46,2902.66,TikTok,257.22311823192666,7.183708287180272,0.44744647105471846,1.605489986376889
2025-08-30,3000,1426,1353,305078.01,175947.47,129130.54,Retargeting,CA,TikTok - Retargeting - C07,112814,1756,1204.1,3831.93,TikTok,318.2401793870941,10.673320687148758,0.6857061503416856,1.5565444005176663
2025-08-30,3000,1426,1353,305078.01,175947.47,129130.54,Retargeting,CA,TikTok - Spark Ads - C08,86409,1397,952.33,2834.92,TikTok,297.6825260151418,11.021189922346053,0.6816964924838941,1.6167297388003563
2025-08-30,3000,1426,1353,305078.01,175947.47,129130.54,Retargeting,CA,TikTok - Spark Ads - C09,115925,1741,873.94,2778.41,TikTok,317.91770602100826,7.538839767090792,0.5019758759333717,1.5018330817338796
2025-08-30,3000,1426,1353,305078.01,175947.47,129130.54,Retargeting,CA,TikTok - Retargeting - C10,195659,3429,1052.48,3425.77,TikTok,325.4950212830647,5.379154549496829,0.30693496646252555,1.7525388558665842
2025-08-31,2395,1079,1038,238354.78,114496.24,123858.54,Asc,NY,Facebook - ASC - C01,490463,7104,4653.5,12909.59,Facebook,277.4167830665091,9.48797360861064,0.655053490990991,1.448427302365316
2025-08-31,2395,1079,1038,238354.78,114496.24,123858.54,Prospecting,NY,Facebook - Prospecting - C02,129890,1414,1733.73,4125.71,Facebook,237.9672728740923,13.347678805142813,1.2261173974540311,1.088613442143352
2025-08-31,2395,1079,1038,238354.78,114496.24,123858.54,Prospecting,NY,Facebook - Prospecting - C03,111387,1407,1590.01,3260.42,Facebook,205.05657197124546,14.274646053848294,1.1300710732054016,1.2631635648684316
2025-08-31,2395,1079,1038,238354.78,114496.24,123858.54,Asc,CA,Facebook - Prospecting - C04,153554,2180,1607.31,4996.4,Facebook,310.85478221376087,10.467392578506583,0.7372981651376147,1.4196960027091448
2025-08-31,2395,1079,1038,238354.78,114496.24,123858.54,Prospecting,NY,Facebook - ASC - C05,147095,1714,1222.42,3219.88,Facebook,263.40210402316717,8.310411638736872,0.7131971995332556,1.1652333525952616
2025-08-31,2395,1079,1038,238354.78,114496.24,123858.54,Asc,NY,Facebook - ASC - C06,101421,1577,964.02,3023.0,Facebook,313.5827057529927,9.50513207323927,0.611299936588459,1.5549048027528816
2025-08-31,2395,1079,1038,238354.78,114496.24,123858.54,Asc,NY,Facebook - ASC - C07,94815,1372,871.06,2531.32,Facebook,290.60225472412924,9.186942994251964,0.6348833819241982,1.4470284237726097
2025-08-31,2395,1079,1038,238354.78,114496.24,123858.54,Asc,CA,Facebook - Prospecting - C08,169501,2463,2095.79,5272.14,Facebook,251.5586008140129,12.36446982613672,0.8509094600081202,1.4530887723376262
2025-08-31,2395,1079,1038,238354.78,114496.24,123858.54,Prospecting,CA,Facebook - Prospecting - C09,89136,963,1057.68,2866.3,Facebook,270.99878980409954,11.865912762520194,1.0983177570093459,1.0803715670436187
2025-08-31,2395,1079,1038,238354.78,114496.24,123858.54,Prospecting,CA,Facebook - ASC - C10,352152,4294,3037.87,7476.15,Facebook,246.09841764130786,8.626587382721098,0.7074685607824872,1.2193598218950907
2025-08-31,2395,1079,1038,238354.78,114496.24,123858.54,Non-Branded Search,CA,Google - Display - C01,153897,7100,926.67,3257.3,Google,351.5059298347848,6.0213649388876975,0.1305169014084507,4.613475246431054
2025-08-31,2395,1079,1038,238354.78,114496.24,123858.54,Non-Branded Search,NY,Google - Non-Branded Search - C02,154339,6469,818.93,2135.68,Google,260.789078431612,5.306047078185034,0.12659298191374246,4.191422777133453
2025-08-31,2395,1079,1038,238354.78,114496.24,123858.54,Non-Branded Search,CA,Google - Non-Branded Search - C03,204412,8347,1254.13,4032.21,Google,321.5145160390071,6.135305167994051,0.150249191326225,4.0834197600923625
2025-08-31,2395,1079,1038,238354.78,114496.24,123858.54,Non-Branded Search,NY,Google - Non-Branded Search - C04,148230,6244,924.7,2885.81,Google,312.08067481345296,6.238278351210956,0.14809417040358744,4.212372664103083
2025-08-31,2395,1079,1038,238354.78,114496.24,123858.54,Non-Branded Search,CA,Google - Non-Branded Search - C05,347571,15537,2851.61,8237.22,Google,288.8620814206711,8.204395648658835,0.18353671880028322,4.470165807849331
2025-08-31,2395,1079,1038,238354.78,114496.24,123858.54,Display,CA,Google - Non-Branded Search - C06,131660,495,483.22,689.1,Google,142.60585240677125,3.6702111499316423,0.9762020202020203,0.3759684034634665
2025-08-31,2395,1079,1038,238354.78,114496.24,123858.54,Non-Branded Search,CA,Google - Display - C07,147550,6547,901.23,3110.47,Google,345.13609178567066,6.10796340223653,0.13765541469375286,4.4371399525584545
2025-08-31,2395,1079,1038,238354.78,114496.24,123858.54,Non-Branded Search,CA,Google - Display - C08,271104,12536,2164.35,7883.12,Google,364.2257490701597,7.983467599150142,0.1726507657945118,4.624055712936733
2025-08-31,2395,1079,1038,238354.78,114496.24,123858.54,Non-Branded Search,CA,Google - Display - C09,162331,7135,1466.54,4297.15,Google,293.0128056513972,9.034257165914088,0.20554169586545198,4.395340384769391
2025-08-31,2395,1079,1038,238354.78,114496.24,123858.54,Non-Branded Search,NY,Google - Non-Branded Search - C10,237918,10917,1026.09,3571.8,Google,348.09812004794907,4.312788439714523,0.09399010717230008,4.588555720878622
2025-08-31,2395,1079,1038,238354.78,114496.24,123858.54,Retargeting,CA,TikTok - Retargeting - C01,231548,4010,1178.03,3996.42,TikTok,339.24602938804617,5.08762761932731,0.2937730673316708,1.7318223435313629
2025-08-31,2395,1079,1038,238354.78,114496.24,123858.54,Retargeting,CA,TikTok - Retargeting - C02,245766,4265,1395.62,3929.53,TikTok,281.5615998624268,5.6786536787025055,0.32722626025791324,1.735390574774379
2025-08-31,2395,1079,1038,238354.78,114496.24,123858.54,Spark Ads,CA,TikTok - Retargeting - C03,209909,2464,2270.01,5034.98,TikTok,221.8043092321179,10.81425760686774,0.9212702922077923,1.1738419981992196
2025-08-31,2395,1079,1038,238354.78,114496.24,123858.54,Spark Ads,CA,TikTok - Spark Ads - C04,287992,3484,1557.77,3298.86,TikTok,211.76810440565683,5.409073863162865,0.4471211251435132,1.2097558265507375
2025-08-31,2395,1079,1038,238354.78,114496.24,123858.54,Spark Ads,CA,TikTok - Spark Ads - C05,125810,1476,670.97,1511.85,TikTok,225.3230397782315,5.333200858437326,0.4545867208672087,1.173197679039822
2025-08-31,2395,1079,1038,238354.78,114496.24,123858.54,Retargeting,CA,TikTok - Spark Ads - C06,154476,2520,1553.22,5130.36,TikTok,330.30478618611653,10.054765788860406,0.6163571428571428,1.631321370309951
2025-08-31,2395,1079,1038,238354.78,114496.24,123858.54,Retargeting,CA,TikTok - Retargeting - C07,189079,3065,1619.47,4829.93,TikTok,298.24139996418586,8.565044240767088,0.5283752039151713,1.621015554345009
2025-08-31,2395,1079,1038,238354.78,114496.24,123858.54,Retargeting,CA,TikTok - Spark Ads - C08,123602,2125,1321.47,3806.55,TikTok,288.0542123544235,10.691331855471594,0.6218682352941176,1.7192278442096407
2025-08-31,2395,1079,1038,238354.78,114496.24,123858.54,Retargeting,CA,TikTok - Spark Ads - C09,121441,1883,925.96,2950.02,TikTok,318.59043587195987,7.624772523282911,0.4917472118959108,1.550547179288708
2025-08-31,2395,1079,1038,238354.78,114496.24,123858.54,Retargeting,CA,TikTok - Retargeting - C10,223263,3638,1190.7,3778.54,TikTok,317.3377005123036,5.333172088523401,0.3272952171522815,1.629468384819697
2025-09-01,3757,1322,1316,296533.91,172492.17,124041.74,Asc,NY,Facebook - ASC - C01,288032,3954,2818.02,7657.88,Facebook,271.74682933407144,9.783704588379068,0.712701062215478,1.3727641373180757
2025-09-01,3757,1322,1316,296533.91,172492.17,124041.74,Prospecting,NY,Facebook - Prospecting - C02,234122,2781,2817.06,7546.77,Facebook,267.8952524972844,12.03244462288892,1.0129665587918015,1.1878422360991279
2025-09-01,3757,1322,1316,296533.91,172492.17,124041.74,Prospecting,NY,Facebook - Prospecting - C03,158001,1837,2068.06,4963.06,Facebook,239.9862673229984,13.088904500604427,1.1257811649428415,1.1626508692982958
2025-09-01,3757,1322,1316,296533.91,172492.17,124041.74,Asc,CA,Facebook - Prospecting - C04,200284,3121,1812.28,5389.9,Facebook,297.40989251109096,9.048551057498353,0.5806728612624159,1.558287232130375
2025-09-01,3757,1322,1316,296533.91,172492.17,124041.74,Prospecting,NY,Facebook - ASC - C05,153291,1764,977.43,2237.3,Facebook,228.89618693921818,6.376303892596434,0.5540986394557823,1.1507524903614694
2025-09-01,3757,1322,1316,296533.91,172492.17,124041.74,Asc,NY,Facebook - ASC - C06,312071,4229,2891.9,7152.82,Facebook,247.339811196791,9.266801465051223,0.6838259635847719,1.3551403366541588
2025-09-01,3757,1322,1316,296533.91,172492.17,124041.74,Asc,NY,Facebook - ASC - C07,179878,2537,1902.77,5100.71,Facebook,268.06760669970623,10.578114055081777,0.7500078833267639,1.4104003824814597
2025-09-01,3757,1322,1316,296533.91,172492.17,124041.74,Asc,CA,Facebook - Prospecting - C08,116495,1920,905.2,2243.08,Facebook,247.79938135218737,7.770290570410747,0.47145833333333337,1.6481394051246834
2025-09-01,3757,1322,1316,296533.91,172492.17,124041.74,Prospecting,CA,Facebook - Prospecting - C09,171875,1933,1861.76,4283.44,Facebook,230.07476796149876,10.832058181818182,0.9631453698913606,1.1246545454545456
2025-09-01,3757,1322,1316,296533.91,172492.17,124041.74,Prospecting,CA,Facebook - ASC - C10,218640,2382,2082.48,5400.56,Facebook,259.33310283892285,9.52469813391877,0.8742569269521411,1.0894621295279912
2025-09-01,3757,1322,1316,296533.91,172492.17,124041.74,Non-Branded Search,CA,Google - Display - C01,175598,7946,566.63,1724.24,Google,304.2973368865044,3.2268590758436884,0.07131009312861818,4.525108486429231
2025-09-01,3757,1322,1316,296533.91,172492.17,124041.74,Non-Branded Search,NY,Google - Non-Branded Search - C02,262041,11815,1329.74,4452.85,Google,334.8662144479372,5.074549402574406,0.11254676258992806,4.50883640346358
2025-09-01,3757,1322,1316,296533.91,172492.17,124041.74,Non-Branded Search,CA,Google - Non-Branded Search - C03,224525,9887,2160.79,6787.53,Google,314.1226125629978,9.623828081505401,0.2185485991706281,4.40351853913818
2025-09-01,3757,1322,1316,296533.91,172492.17,124041.74,Non-Branded Search,NY,Google - Non-Branded Search - C04,227923,10240,1147.56,3674.01,Google,320.15842308898885,5.0348582635363694,0.11206640625,4.492745356984596
2025-09-01,3757,1322,1316,296533.91,172492.17,124041.74,Non-Branded Search,CA,Google - Non-Branded Search - C05,311189,14258,1177.62,3184.24,Google,270.39622289023623,3.7842597264042106,0.08259363164539205,4.581781489705613
2025-09-01,3757,1322,1316,296533.91,172492.17,124041.74,Display,CA,Google - Non-Branded Search - C06,134378,534,572.56,909.08,Google,158.7746262400447,4.260816502701334,1.0722097378277153,0.3973864769530727
2025-09-01,3757,1322,1316,296533.91,172492.17,124041.74,Non-Branded Search,CA,Google - Display - C07,176339,7462,1006.7,3398.81,Google,337.6189530148008,5.708890262505743,0.13491021173948003,4.231622046172429
2025-09-01,3757,1322,1316,296533.91,172492.17,124041.74,Non-Branded Search,CA,Google - Display - C08,285790,14052,856.6,2374.23,Google,277.16904039224846,2.9973057139857935,0.060959294050668945,4.916897022289094
2025-09-01,3757,1322,1316,296533.91,172492.17,124041.74,Non-Branded Search,CA,Google - Display - C09,196082,9247,1630.25,4718.58,Google,289.4390430915504,8.314123682948969,0.17630042175840813,4.715884170908089
2025-09-01,3757,1322,1316,296533.91,172492.17,124041.74,Non-Branded Search,NY,Google - Non-Branded Search - C10,237529,11705,951.31,2994.98,Google,314.8269228747727,4.005026754627856,0.08127381460914139,4.927819339954279
2025-09-01,3757,1322,1316,296533.91,172492.17,124041.74,Retargeting,CA,TikTok - Retargeting - C01,118457,1777,1263.66,4340.78,TikTok,343.50853868920433,10.667668436647899,0.7111198649409117,1.5001224072870325
2025-09-01,3757,1322,1316,296533.91,172492.17,124041.74,Retargeting,CA,TikTok - Retargeting - C02,93600,1426,891.94,2443.62,TikTok,273.9668587573155,9.529273504273505,0.6254838709677419,1.5235042735042736
2025-09-01,3757,1322,1316,296533.91,172492.17,124041.74,Spark Ads,CA,TikTok - Retargeting - C03,218108,2797,1251.97,2522.61,TikTok,201.49124979033047,5.7401379133273425,0.4476117268501966,1.2823922093641682
2025-09-01,3757,1322,1316,296533.91,172492.17,124041.74,Spark Ads,CA,TikTok - Spark Ads - C04,133236,1667,1102.5,2623.48,TikTok,237.9573696145125,8.27479059713591,0.6613677264547091,1.2511633492449488
2025-09-01,3757,1322,1316,296533.91,172492.17,124041.74,Spark Ads,CA,TikTok - Spark Ads - C05,375272,5066,3150.06,7069.08,TikTok,224.41096360069332,8.394071500138566,0.6218041847611527,1.3499541665778423
2025-09-01,3757,1322,1316,296533.91,172492.17,124041.74,Retargeting,CA,TikTok - Spark Ads - C06,127287,1916,800.96,2458.33,TikTok,306.92294246903714,6.292551478155664,0.41803757828810023,1.5052597672975243
2025-09-01,3757,1322,1316,296533.91,172492.17,124041.74,Retargeting,CA,TikTok - Retargeting - C07,187117,2825,1069.72,3237.0,TikTok,302.60255020005235,5.716850954215811,0.37866194690265487,1.5097505838592966
2025-09-01,3757,1322,1316,296533.91,172492.17,124041.74,Retargeting,CA,TikTok - Spark Ads - C08,170595,2695,697.4,2382.3,TikTok,341.59736162890744,4.088044784430962,0.2587755102040816,1.5797649403558136
2025-09-01,3757,1322,1316,296533.91,172492.17,124041.74,Retargeting,CA,TikTok - Spark Ads - C09,115292,1968,1114.94,3197.41,TikTok,286.77866073510677,9.670575582000486,0.5665345528455284,1.7069701280227598
2025-09-01,3757,1322,1316,296533.91,172492.17,124041.74,Retargeting,CA,TikTok - Retargeting - C10,167470,2665,2000.53,6373.74,TikTok,318.60257031886545,11.94560219740849,0.7506679174484052,1.5913297904102226
2025-09-02,2619,1273,1283,287607.96,152559.86,135048.1,Asc,NY,Facebook - ASC - C01,186019,3016,1633.14,4075.26,Facebook,249.53525111135605,8.779425757583905,0.5414920424403183,1.6213397556163616
2025-09-02,2619,1273,1283,287607.96,152559.86,135048.1,Prospecting,NY,Facebook - Prospecting - C02,180465,2182,1521.57,3388.53,Facebook,222.69958003903864,8.431385587232981,0.6973281393217231,1.2090987172027816
2025-09-02,2619,1273,1283,287607.96,152559.86,135048.1,Prospecting,NY,Facebook - Prospecting - C03,257264,3199,2513.91,5465.18,Facebook,217.3975997549634,9.771713104048759,0.7858424507658643,1.2434697431432302
2025-09-02,2619,1273,1283,287607.96,152559.86,135048.1,Asc,CA,Facebook - Prospecting - C04,244209,3664,2430.69,6289.6,Facebook,258.75780128276335,9.953318673758952,0.6633979257641922,1.500354204799987
2025-09-02,2619,1273,1283,287607.96,152559.86,135048.1,Prospecting,NY,Facebook - ASC - C05,244353,2705,2298.7,5908.41,Facebook,257.03267063992695,9.407291909655294,0.849796672828096,1.1070050296088036
2025-09-02,2619,1273,1283,287607.96,152559.86,135048.1,Asc,NY,Facebook - ASC - C06,172487,2353,2120.76,6496.83,Facebook,306.3444236971651,12.29518746340304,0.9013004674883129,1.364160777333944
2025-09-02,2619,1273,1283,287607.96,152559.86,135048.1,Asc,NY,Facebook - ASC - C07,156990,2506,1855.65,5694.42,Facebook,306.86929108398675,11.820179629275751,0.7404828411811653,1.596280017835531
2025-09-02,2619,1273,1283,287607.96,152559.86,135048.1,Asc,CA,Facebook - Prospecting - C08,208362,3205,2984.39,7366.02,Facebook,246.81827777200704,14.323101141282958,0.931166926677067,1.538188345283689
2025-09-02,2619,1273,1283,287607.96,152559.86,135048.1,Prospecting,CA,Facebook - Prospecting - C09,112887,1419,1349.32,3267.96,Facebook,242.1931046749474,11.952837793545758,0.9508949964763918,1.2570092216109914
2025-09-02,2619,1273,1283,287607.96,152559.86,135048.1,Prospecting,CA,Facebook - ASC - C10,122117,1443,722.82,1957.27,Facebook,270.7824907999225,5.919077605902537,0.500914760914761,1.1816536600145762
2025-09-02,2619,1273,1283,287607.96,152559.86,135048.1,Non-Branded Search,CA,Google - Display - C01,168983,7806,1450.1,4905.51,Google,338.28770429625547,8.581336584153435,0.18576735844222392,4.619399584573596
2025-09-02,2619,1273,1283,287607.96,152559.86,135048.1,Non-Branded Search,NY,Google - Non-Branded Search - C02,191601,9429,1738.93,5655.76,Google,325.2436843346196,9.075787704657074,0.18442358680666032,4.9211642945496115
2025-09-02,2619,1273,1283,287607.96,152559.86,135048.1,Non-Branded Search,CA,Google - Non-Branded Search - C03,368489,15650,3107.66,9247.4,Google,297.5679450132898,8.433521760486745,0.19857252396166133,4.24707386109219
2025-09-02,2619,1273,1283,287607.96,152559.86,135048.1,Non-Branded Search,NY,Google - Non-Branded Search - C04,159232,7165,745.97,2162.19,Google,289.84945775299275,4.684799537781351,0.10411304954640614,4.499723673633441
2025-09-02,2619,1273,1283,287607.96,152559.86,135048.1,Non-Branded Search,CA,Google - Non-Branded Search - C05,514597,22732,3078.48,10538.33,Google,342.32250981003614,5.982312372594477,0.1354249516100651,4.417437334457838
2025-09-02,2619,1273,1283,287607.96,152559.86,135048.1,Display,CA,Google - Non-Branded Search - C06,349941,1485,2710.48,4654.94,Google,171.73858504766682,7.745534247201672,1.8252390572390573,0.42435724879336806
2025-09-02,2619,1273,1283,287607.96,152559.86,135048.1,Non-Branded Search,CA,Google - Display - C07,331827,13765,1801.84,6079.78,Google,337.42063668250233,5.430058434063533,0.1309001089720305,4.148245923327517
2025-09-02,2619,1273,1283,287607.96,152559.86,135048.1,Non-Branded Search,CA,Google - Display - C08,165148,7640,1537.26,4327.54,Google,281.5099592781963,9.308377939787343,0.20121204188481676,4.6261535107903216
2025-09-02,2619,1273,1283,287607.96,152559.86,135048.1,Non-Branded Search,CA,Google - Display - C09,120707,5317,1096.58,4006.12,Google,365.32856699921575,9.084642978451953,0.20624036110588675,4.404881241353029
2025-09-02,2619,1273,1283,287607.96,152559.86,135048.1,Non-Branded Search,NY,Google - Non-Branded Search - C10,319599,14836,2461.31,7752.24,Google,314.96398259463456,7.701244371853479,0.16590118630358586,4.64206709032256
2025-09-02,2619,1273,1283,287607.96,152559.86,135048.1,Retargeting,CA,TikTok - Retargeting - C01,184348,2918,1668.14,5199.19,TikTok,311.6758785233853,9.048864104845185,0.5716723783413297,1.5828758652114479
2025-09-02,2619,1273,1283,287607.96,152559.86,135048.1,Retargeting,CA,TikTok - Retargeting - C02,140751,2381,847.66,2754.23,TikTok,324.9215487341623,6.022408366548017,0.35601007979840404,1.6916398462533127
2025-09-02,2619,1273,1283,287607.96,152559.86,135048.1,Spark Ads,CA,TikTok - Retargeting - C03,151881,2019,1397.26,2932.68,TikTok,209.88792350743597,9.199702398588368,0.6920554730064389,1.3293301993007685
2025-09-02,2619,1273,1283,287607.96,152559.86,135048.1,Spark Ads,CA,TikTok - Spark Ads - C04,189715,2250,1083.47,2377.88,TikTok,219.46892853516943,5.711040244577393,0.48154222222222226,1.185989510581662
2025-09-02,2619,1273,1283,287607.96,152559.86,135048.1,Spark Ads,CA,TikTok - Spark Ads - C05,126512,1594,1543.59,3457.07,TikTok,223.96296944136722,12.20113507019097,0.968375156838143,1.2599595295307955
2025-09-02,2619,1273,1283,287607.96,152559.86,135048.1,Retargeting,CA,TikTok - Spark Ads - C06,116754,1975,1385.98,3799.94,TikTok,274.1699014415792,11.870942323175223,0.7017620253164557,1.6915908662658237
2025-09-02,2619,1273,1283,287607.96,152559.86,135048.1,Retargeting,CA,TikTok - Retargeting - C07,133298,1981,643.19,1627.72,TikTok,253.06985494177457,4.825203678974929,0.32467945482079763,1.4861438281144503
2025-09-02,2619,1273,1283,287607.96,152559.86,135048.1,Retargeting,CA,TikTok - Spark Ads - C08,130479,2231,864.6,2980.47,TikTok,344.7224149895905,6.62635366610719,0.3875392200806813,1.7098536929314296
2025-09-02,2619,1273,1283,287607.96,152559.86,135048.1,Retargeting,CA,TikTok - Spark Ads - C09,53357,847,471.16,1406.39,TikTok,298.4952033279566,8.830331540378957,0.5562691853600945,1.5874205821166856
2025-09-02,2619,1273,1283,287607.96,152559.86,135048.1,Retargeting,CA,TikTok - Retargeting - C10,109683,1788,611.2,1966.91,TikTok,321.81119109947645,5.572422344392477,0.341834451901566,1.6301523481305216
2025-09-03,3681,1452,1383,303803.33,162377.28,141426.05,Asc,NY,Facebook - ASC - C01,95505,1511,1006.12,3145.47,Facebook,312.6336818669741,10.534736401235538,0.6658636664460622,1.5821161195748914
2025-09-03,3681,1452,1383,303803.33,162377.28,141426.05,Prospecting,NY,Facebook - Prospecting - C02,244905,3045,2929.81,6539.89,Facebook,223.2189118065677,11.963046895735081,0.9621707717569786,1.2433392539964476
2025-09-03,3681,1452,1383,303803.33,162377.28,141426.05,Prospecting,NY,Facebook - Prospecting - C03,134995,1499,991.34,2269.5,Facebook,228.93255593439181,7.343531241897849,0.6613342228152101,1.1104114967221008
2025-09-03,3681,1452,1383,303803.33,162377.28,141426.05,Asc,CA,Facebook - Prospecting - C04,251491,3682,3180.75,8670.71,Facebook,272.5995441326731,12.647569893157211,0.8638647474198805,1.4640682966786087
2025-09-03,3681,1452,1383,303803.33,162377.28,141426.05,Prospecting,NY,Facebook - ASC - C05,201896,2606,2764.69,6367.02,Facebook,230.2977910724168,13.693634346396165,1.0608940905602455,1.2907635614375716
2025-09-03,3681,1452,1383,303803.33,162377.28,141426.05,Asc,NY,Facebook - ASC - C06,335098,4857,2242.79,6574.83,Facebook,293.15406257384774,6.6929375884069735,0.4617644636606959,1.4494267348656213
2025-09-03,3681,1452,1383,303803.33,162377.28,141426.05,Asc,NY,Facebook - ASC - C07,198997,3157,2032.55,5278.83,Facebook,259.71464416619517,10.213973074970978,0.6438232499208109,1.586456077227295
2025-09-03,3681,1452,1383,303803.33,162377.28,141426.05,Asc,CA,Facebook - Prospecting - C08,147377,2411,863.52,2174.14,Facebook,251.7764498795627,5.859258907427889,0.35815844048112816,1.6359404791792476
2025-09-03,3681,1452,1383,303803.33,162377.28,141426.05,Prospecting,CA,Facebook - Prospecting - C09,264130,2917,2630.23,5646.42,Facebook,214.67400189337056,9.958088819899293,0.9016900925608502,1.1043804187331996
2025-09-03,3681,1452,1383,303803.33,162377.28,141426.05,Prospecting,CA,Facebook - ASC - C10,163572,1887,1344.06,3501.77,Facebook,260.5367319911314,8.216931993250679,0.7122734499205087,1.153620424033453
2025-09-03,3681,1452,1383,303803.33,162377.28,141426.05,Non-Branded Search,CA,Google - Display - C01,333428,15296,2269.48,6413.23,Google,282.5858787034915,6.806506952025624,0.1483708158995816,4.58749715080917
2025-09-03,3681,1452,1383,303803.33,162377.28,141426.05,Non-Branded Search,NY,Google - Non-Branded Search - C02,378409,16345,3342.96,10959.95,Google,327.85166439323234,8.834250770991176,0.2045249311716121,4.319400437093198
2025-09-03,3681,1452,1383,303803.33,162377.28,141426.05,Non-Branded Search,CA,Google - Non-Branded Search - C03,360562,15192,2680.49,7382.48,Google,275.41531585642923,7.434199943421658,0.17644088994207477,4.213422379507546
2025-09-03,3681,1452,1383,303803.33,162377.28,141426.05,Non-Branded Search,NY,Google - Non-Branded Search - C04,359147,15766,2772.23,8612.2,Google,310.6596494518853,7.718928461047984,0.17583597615121146,4.389845940520177
2025-09-03,3681,1452,1383,303803.33,162377.28,141426.05,Non-Branded Search,CA,Google - Non-Branded Search - C05,203225,9263,764.24,2938.04,Google,384.43944310687743,3.760560954606963,0.08250458814638886,4.558002214294501
2025-09-03,3681,1452,1383,303803.33,162377.28,141426.05,Display,CA,Google - Non-Branded Search - C06,104933,444,891.78,1277.64,Google,143.2685191414923,8.498565751479516,2.0085135135135133,0.4231271382691813
2025-09-03,3681,1452,1383,303803.33,162377.28,141426.05,Non-Branded Search,CA,Google - Display - C07,281014,13861,1480.5,4222.68,Google,285.2198581560284,5.268420790423253,0.10681047543467283,4.932494466467863
2025-09-03,3681,1452,1383,303803.33,162377.28,141426.05,Non-Branded Search,CA,Google - Display - C08,238179,10127,1410.5,4559.57,Google,323.2591279688054,5.9220166345479655,0.1392811296534018,4.251844201210014
2025-09-03,3681,1452,1383,303803.33,162377.28,141426.05,Non-Branded Search,CA,Google - Display - C09,188665,8530,1958.76,5499.39,Google,280.7587453286773,10.382211856995204,0.22963188745603752,4.521241353722206
2025-09-03,3681,1452,1383,303803.33,162377.28,141426.05,Non-Branded Search,NY,Google - Non-Branded Search - C10,116061,5594,806.27,2936.55,Google,364.2142210425788,6.9469503106125226,0.14413121201287094,4.819879201454408
2025-09-03,3681,1452,1383,303803.33,162377.28,141426.05,Retargeting,CA,TikTok - Retargeting - C01,163152,2352,1217.26,4006.31,TikTok,329.12524850894636,7.460895361380798,0.5175425170068028,1.4416004707266843
2025-09-03,3681,1452,1383,303803.33,162377.28,141426.05,Retargeting,CA,TikTok - Retargeting - C02,63115,1062,789.92,2490.17,TikTok,315.2433157788131,12.515566822466925,0.7438041431261769,1.6826427948982017
2025-09-03,3681,1452,1383,303803.33,162377.28,141426.05,Spark Ads,CA,TikTok - Retargeting - C03,182004,2393,1031.16,2567.15,TikTok,248.9574847744288,5.665589767257862,0.4309068115336398,1.31480626799411
2025-09-03,3681,1452,1383,303803.33,162377.28,141426.05,Spark Ads,CA,TikTok - Spark Ads - C04,153147,1929,1368.59,3507.9,TikTok,256.31489343046496,8.936446681946103,0.7094815966822188,1.2595741346549394
2025-09-03,3681,1452,1383,303803.33,162377.28,141426.05,Spark Ads,CA,TikTok - Spark Ads - C05,208495,2742,1991.97,4757.25,TikTok,238.8213677916836,9.554042063358834,0.7264660831509847,1.3151394517854145
2025-09-03,3681,1452,1383,303803.33,162377.28,141426.05,Retargeting,CA,TikTok - Spark Ads - C06,193245,2892,2158.81,6816.11,TikTok,315.734594521982,11.1713627778209,0.7464764868603043,1.4965458355972987
2025-09-03,3681,1452,1383,303803.33,162377.28,141426.05,Retargeting,CA,TikTok - Retargeting - C07,122589,1926,1305.91,3799.77,TikTok,290.96721826159535,10.652750246759497,0.678042575285566,1.5711034432126865
2025-09-03,3681,1452,1383,303803.33,162377.28,141426.05,Retargeting,CA,TikTok - Spark Ads - C08,189765,2922,1710.51,4649.91,TikTok,271.8434852763211,9.013832898585093,0.5853901437371664,1.5397992253576793
2025-09-03,3681,1452,1383,303803.33,162377.28,141426.05,Retargeting,CA,TikTok - Spark Ads - C09,132477,1980,767.57,2537.91,TikTok,330.6421564157015,5.7939868807415635,0.3876616161616162,1.4945990624787697
2025-09-03,3681,1452,1383,303803.33,162377.28,141426.05,Retargeting,CA,TikTok - Retargeting - C10,162018,2699,1203.04,3992.37,TikTok,331.8567961165049,7.4253478008616325,0.4457354575768803,1.6658642866841957
2025-09-04,2756,1383,1361,282378.04,158394.37,123983.67,Asc,NY,Facebook - ASC - C01,181497,2783,2526.09,6778.1,Facebook,268.32377310388785,13.918081290599845,0.9076859504132232,1.5333586781048723
2025-09-04,2756,1383,1361,282378.04,158394.37,123983.67,Prospecting,NY,Facebook - Prospecting - C02,305086,3594,3689.35,9892.0,Facebook,268.12311111713444,12.092819729518888,1.026530328324986,1.1780284903273175
2025-09-04,2756,1383,1361,282378.04,158394.37,123983.67,Prospecting,NY,Facebook - Prospecting - C03,223549,2602,2229.97,4962.19,Facebook,222.5227245209577,9.975307427007055,0.8570215219062259,1.163950632747183
2025-09-04,2756,1383,1361,282378.04,158394.37,123983.67,Asc,CA,Facebook - Prospecting - C04,119718,1904,1066.6,3358.36,Facebook,314.86592912057006,8.909270118110893,0.560189075630252,1.5904041163400657
2025-09-04,2756,1383,1361,282378.04,158394.37,123983.67,Prospecting,NY,Facebook - ASC - C05,198091,2370,1489.7,3884.22,Facebook,260.738403705444,7.52028108293663,0.6285654008438819,1.1964198272511117
2025-09-04,2756,1383,1361,282378.04,158394.37,123983.67,Asc,NY,Facebook - ASC - C06,212623,2991,2988.04,8702.17,Facebook,291.23338375657625,14.053230365482568,0.9990103644266132,1.4067151719240156
2025-09-04,2756,1383,1361,282378.04,158394.37,123983.67,Asc,NY,Facebook - ASC - C07,108378,1736,867.22,2419.63,Facebook,279.0099398076613,8.001808485116905,0.4995506912442396,1.601801103545
2025-09-04,2756,1383,1361,282378.04,158394.37,123983.67,Asc,CA,Facebook - Prospecting - C08,267068,3625,2937.76,7031.19,Facebook,239.33847557322582,11.000044932376774,0.810416551724138,1.3573322150164002
2025-09-04,2756,1383,1361,282378.04,158394.37,123983.67,Prospecting,CA,Facebook - Prospecting - C09,122081,1426,1452.89,3625.46,Facebook,249.5343763120401,11.90103292076572,1.0188569424964937,1.1680769325284033
2025-09-04,2756,1383,1361,282378.04,158394.37,123983.67,Prospecting,CA,Facebook - ASC - C10,228164,2805,1664.77,3760.46,Facebook,225.8846567393694,7.296374537613295,0.5935008912655971,1.2293788678319104
2025-09-04,2756,1383,1361,282378.04,158394.37,123983.67,Non-Branded Search,CA,Google - Display - C01,202604,9835,2056.16,6823.67,Google,331.86473815267294,10.148664389646797,0.209065582104728,4.854297052378038
2025-09-04,2756,1383,1361,282378.04,158394.37,123983.67,Non-Branded Search,NY,Google - Non-Branded Search - C02,159146,7017,1353.95,4317.47,Google,318.87957457808636,8.507596797908839,0.19295282884423542,4.409158885551632
2025-09-04,2756,1383,1361,282378.04,158394.37,123983.67,Non-Branded Search,CA,Google - Non-Branded Search - C03,134128,5519,985.3,3314.68,Google,336.413275144626,7.3459680305379935,0.17852871897082803,4.1147262316593105
2025-09-04,2756,1383,1361,282378.04,158394.37,123983.67,Non-Branded Search,NY,Google - Non-Branded Search - C04,312518,12911,1096.44,3382.15,Google,308.4664915544854,3.508405915819249,0.0849229339323058,4.131282038154603
2025-09-04,2756,1383,1361,282378.04,158394.37,123983.67,Non-Branded Search,CA,Google - Non-Branded Search - C05,222271,9109,1164.67,3839.7,Google,329.6813689714683,5.239864849665499,0.12785926007245582,4.098150455974913
2025-09-04,2756,1383,1361,282378.04,158394.37,123983.67,Display,CA,Google - Non-Branded Search - C06,155067,670,1435.3,2611.87,Google,181.97380338605169,9.255999019778548,2.142238805970149,0.4320712982130305
2025-09-04,2756,1383,1361,282378.04,158394.37,123983.67,Non-Branded Search,CA,Google - Display - C07,215587,9977,1921.12,5591.81,Google,291.0703131506621,8.911112451121822,0.19255487621529516,4.627830063964896
2025-09-04,2756,1383,1361,282378.04,158394.37,123983.67,Non-Branded Search,CA,Google - Display - C08,230955,9625,1624.44,5603.07,Google,344.92317352441455,7.033577969734364,0.168772987012987,4.167478513130264
2025-09-04,2756,1383,1361,282378.04,158394.37,123983.67,Non-Branded Search,CA,Google - Display - C09,166673,8090,1512.74,4212.75,Google,278.48473630630514,9.07609510838588,0.18698887515451174,4.85381555500891
2025-09-04,2756,1383,1361,282378.04,158394.37,123983.67,Non-Branded Search,NY,Google - Non-Branded Search - C10,247869,10934,1904.95,5543.78,Google,291.01971180345936,7.685309578850118,0.17422260837753795,4.4112010779887765
2025-09-04,2756,1383,1361,282378.04,158394.37,123983.67,Retargeting,CA,TikTok - Retargeting - C01,59551,925,652.21,1895.99,TikTok,290.7023811349105,10.952125069268359,0.7050918918918919,1.5532904569192791
2025-09-04,2756,1383,1361,282378.04,158394.37,123983.67,Retargeting,CA,TikTok - Retargeting - C02,98910,1657,503.91,1522.59,TikTok,302.1551467523962,5.094631483166515,0.30410983705491856,1.6752603376807198
2025-09-04,2756,1383,1361,282378.04,158394.37,123983.67,Spark Ads,CA,TikTok - Retargeting - C03,74259,891,866.96,1956.3,TikTok,225.65054904493863,11.674813827280195,0.9730190796857464,1.1998545630832627
2025-09-04,2756,1383,1361,282378.04,158394.37,123983.67,Spark Ads,CA,TikTok - Spark Ads - C04,223093,3019,1430.38,3187.95,TikTok,222.8743410841874,6.411586199477348,0.47379264657171255,1.3532473004531742
2025-09-04,2756,1383,1361,282378.04,158394.37,123983.67,Spark Ads,CA,TikTok - Spark Ads - C05,222783,2836,1216.61,3322.35,TikTok,273.0825819284734,5.4609642566982215,0.42898801128349784,1.2729876157516509
2025-09-04,2756,1383,1361,282378.04,158394.37,123983.67,Retargeting,CA,TikTok - Spark Ads - C06,159856,2713,985.61,3258.01,TikTok,330.5577256724262,6.165611550395356,0.36329155915960193,1.697152437193474
2025-09-04,2756,1383,1361,282378.04,158394.37,123983.67,Retargeting,CA,TikTok - Retargeting - C07,167281,2719,1909.48,6001.85,TikTok,314.3185579320024,11.414805028664343,0.7022728944464877,1.625408743371931
2025-09-04,2756,1383,1361,282378.04,158394.37,123983.67,Retargeting,CA,TikTok - Spark Ads - C08,195777,2931,1410.98,3911.04,TikTok,277.18606925682855,7.2070774401487405,0.4813988399863528,1.4971115095235905
2025-09-04,2756,1383,1361,282378.04,158394.37,123983.67,Retargeting,CA,TikTok - Spark Ads - C09,183072,2695,1175.01,3438.23,TikTok,292.6128288269887,6.418294441531201,0.43599628942486085,1.4720984093689915
2025-09-04,2756,1383,1361,282378.04,158394.37,123983.67,Retargeting,CA,TikTok - Retargeting - C10,86945,1272,833.83,2819.67,TikTok,338.15885732103663,9.59031571683248,0.6555267295597484,1.4629938466846857
2025-09-05,2640,908,863,221288.67,122521.82,98766.85,Asc,NY,Facebook - ASC - C01,203139,3349,1915.12,5583.06,Facebook,291.5253352270354,9.427633295428253,0.5718483129292325,1.6486248332422626
2025-09-05,2640,908,863,221288.67,122521.82,98766.85,Prospecting,NY,Facebook - Prospecting - C02,227391,2839,1252.12,2591.91,Facebook,207.00172507427402,5.506462436947812,0.44104262064107075,1.2485102752527586
2025-09-05,2640,908,863,221288.67,122521.82,98766.85,Prospecting,NY,Facebook - Prospecting - C03,122124,1410,1569.16,3497.36,Facebook,222.88103188967347,12.84890766761652,1.1128794326241136,1.154564213422423
2025-09-05,2640,908,863,221288.67,122521.82,98766.85,Asc,CA,Facebook - Prospecting - C04,193536,2963,1241.75,3458.43,Facebook,278.51258304811756,6.41611896494709,0.41908538643266957,1.530981316137566
2025-09-05,2640,908,863,221288.67,122521.82,98766.85,Prospecting,NY,Facebook - ASC - C05,131527,1459,1144.65,3159.22,Facebook,275.99877691870876,8.702775855907914,0.7845442083618918,1.1092779429318695
2025-09-05,2640,908,863,221288.67,122521.82,98766.85,Asc,NY,Facebook - ASC - C06,193470,2760,2080.78,5170.79,Facebook,248.50248464518108,10.755052462914147,0.7539057971014493,1.4265777639944177
2025-09-05,2640,908,863,221288.67,122521.82,98766.85,Asc,NY,Facebook - ASC - C07,139059,1953,1211.93,4031.66,Facebook,332.6644278134876,8.7152215965885,0.6205478750640041,1.4044398420814186
2025-09-05,2640,908,863,221288.67,122521.82,98766.85,Asc,CA,Facebook - Prospecting - C08,197061,3104,1724.32,4264.34,Facebook,247.30560452816187,8.75018395319216,0.5555154639175257,1.5751467819609157
2025-09-05,2640,908,863,221288.67,122521.82,98766.85,Prospecting,CA,Facebook - Prospecting - C09,106614,1364,770.84,1594.85,Facebook,206.89767007420477,7.2301949087361885,0.5651319648093842,1.279381694711764
2025-09-05,2640,908,863,221288.67,122521.82,98766.85,Prospecting,CA,Facebook - ASC - C10,138625,1528,1736.77,3572.48,Facebook,205.69678195731157,12.528548241659152,1.1366295811518325,1.102254283137962
2025-09-05,2640,908,863,221288.67,122521.82,98766.85,Non-Branded Search,CA,Google - Display - C01,159720,6737,1119.02,3447.07,Google,308.0436453325231,7.0061357375406965,0.16610063826629062,4.2180065113949405
2025-09-05,2640,908,863,221288.67,122521.82,98766.85,Non-Branded Search,NY,Google - Non-Branded Search - C02,227580,9989,2389.01,7078.68,Google,296.3018153963357,10.497451445645488,0.2391640804885374,4.389225766763336
2025-09-05,2640,908,863,221288.67,122521.82,98766.85,Non-Branded Search,CA,Google - Non-Branded Search - C03,162082,7718,1441.09,4017.75,Google,278.79938102408596,8.891116842092273,0.1867180616740088,4.761787243494034
2025-09-05,2640,908,863,221288.67,122521.82,98766.85,Non-Branded Search,NY,Google - Non-Branded Search - C04,190153,8976,1631.3,4440.96,Google,272.23441427082696,8.578881216704442,0.18174019607843137,4.720409354572371
2025-09-05,2640,908,863,221288.67,122521.82,98766.85,Non-Branded Search,CA,Google - Non-Branded Search - C05,222694,9326,1485.69,4250.35,Google,286.08592640456624,6.671441529632591,0.15930624061762813,4.187809280896657
2025-09-05,2640,908,863,221288.67,122521.82,98766.85,Display,CA,Google - Non-Branded Search - C06,179711,708,544.56,857.99,Google,157.55655942412227,3.0301984853459163,0.7691525423728813,0.3939658674204695
2025-09-05,2640,908,863,221288.67,122521.82,98766.85,Non-Branded Search,CA,Google - Display - C07,156073,7723,1100.21,3323.05,Google,302.0377927850138,7.049329480435437,0.1424588890327593,4.948325463084583
2025-09-05,2640,908,863,221288.67,122521.82,98766.85,Non-Branded Search,CA,Google - Display - C08,266230,10882,1794.74,4840.74,Google,269.71817644895634,6.7413139015137284,0.16492740305090975,4.087443188220711
2025-09-05,2640,908,863,221288.67,122521.82,98766.85,Non-Branded Search,CA,Google - Display - C09,232304,9590,1549.84,5238.09,Google,337.97617818613537,6.671602727460569,0.16161001042752868,4.128211309318823
2025-09-05,2640,908,863,221288.67,122521.82,98766.85,Non-Branded Search,NY,Google - Non-Branded Search - C10,183126,7741,1010.33,3696.75,Google,365.895301535142,5.5171302818824195,0.13051672910476683,4.227144152113845
2025-09-05,2640,908,863,221288.67,122521.82,98766.85,Retargeting,CA,TikTok - Retargeting - C01,202506,3049,1424.9,4257.03,TikTok,298.7599129763492,7.036334725884665,0.4673335519842572,1.5056344009560212
2025-09-05,2640,908,863,221288.67,122521.82,98766.85,Retargeting,CA,TikTok - Retargeting - C02,192759,2805,1519.8,4035.29,TikTok,265.5145413870246,7.884456756882947,0.5418181818181818,1.4551849719079266
2025-09-05,2640,908,863,221288.67,122521.82,98766.85,Spark Ads,CA,TikTok - Retargeting - C03,91667,1275,977.59,2121.61,TikTok,217.02451948158225,10.66457940152945,0.7667372549019608,1.3909040330762434
2025-09-05,2640,908,863,221288.67,122521.82,98766.85,Spark Ads,CA,TikTok - Spark Ads - C04,169351,2174,1777.19,4000.06,TikTok,225.07779134476334,10.494121676281805,0.8174747010119595,1.2837243358468506
2025-09-05,2640,908,863,221288.67,122521.82,98766.85,Spark Ads,CA,TikTok - Spark Ads - C05,137546,1897,537.39,1541.05,TikTok,286.76566367070467,3.9069838454044463,0.2832841328413284,1.3791749669201576
2025-09-05,2640,908,863,221288.67,122521.82,98766.85,Retargeting,CA,TikTok - Spark Ads - C06,158184,2598,1243.76,4165.79,TikTok,334.93519650093265,7.862742123097153,0.47873749037721325,1.6423911394325597
2025-09-05,2640,908,863,221288.67,122521.82,98766.85,Retargeting,CA,TikTok - Retargeting - C07,151390,2596,1731.96,4698.57,TikTok,271.28628836693684,11.440385758636634,0.6671648690292759,1.7147764053107868
2025-09-05,2640,908,863,221288.67,122521.82,98766.85,Retargeting,CA,TikTok - Spark Ads - C08,179284,3144,1999.19,5846.04,TikTok,292.42043027426104,11.150967180562683,0.6358746819338422,1.753642265902144
2025-09-05,2640,908,863,221288.67,122521.82,98766.85,Retargeting,CA,TikTok - Spark Ads - C09,188814,2989,2032.82,6968.92,TikTok,342.8203185722297,10.766256739436693,0.6801003680160589,1.58303939326533
2025-09-05,2640,908,863,221288.67,122521.82,98766.85,Retargeting,CA,TikTok - Retargeting - C10,156652,2717,978.16,2549.96,TikTok,260.6894577574221,6.2441590276536525,0.36001472211998525,1.734417690166739
2025-09-06,3845,1440,1411,332048.9,199746.55,132302.35,Asc,NY,Facebook - ASC - C01,195151,3026,1555.25,4306.78,Facebook,276.91882334029896,7.969469795184241,0.5139623265036352,1.5505941552951306
2025-09-06,3845,1440,1411,332048.9,199746.55,132302.35,Prospecting,NY,Facebook - Prospecting - C02,166069,2103,1382.44,3128.57,Facebook,226.307832527994,8.32449162697433,0.6573656680932002,1.2663410991816655
2025-09-06,3845,1440,1411,332048.9,199746.55,132302.35,Prospecting,NY,Facebook - Prospecting - C03,169383,2053,1588.4,3637.25,Facebook,228.98829010324854,9.37756445452023,0.7736970287384316,1.2120460731006062
2025-09-06,3845,1440,1411,332048.9,199746.55,132302.35,Asc,CA,Facebook - Prospecting - C04,423817,6614,5898.04,17309.61,Facebook,293.4807156275644,13.916478102577292,0.8917508315693983,1.5605792122543456
2025-09-06,3845,1440,1411,332048.9,199746.55,132302.35,Prospecting,NY,Facebook - ASC - C05,191977,2138,1613.35,3303.76,Facebook,204.77639693804818,8.403871297082462,0.7546071094480823,1.1136750756601053
2025-09-06,3845,1440,1411,332048.9,199746.55,132302.35,Asc,NY,Facebook - ASC - C06,276317,4536,1580.83,3837.59,Facebook,242.75791830873658,5.721073983866356,0.3485074955908289,1.641592808260078
2025-09-06,3845,1440,1411,332048.9,199746.55,132302.35,Asc,NY,Facebook - ASC - C07,358904,5304,2919.73,7613.49,Facebook,260.76007028047115,8.13512805652765,0.5504769984917044,1.477832512315271
2025-09-06,3845,1440,1411,332048.9,199746.55,132302.35,Asc,CA,Facebook - Prospecting - C08,209252,2833,3139.13,7238.82,Facebook,230.59956102486993,15.001672624395466,1.1080585951288386,1.3538699749584233
2025-09-06,3845,1440,1411,332048.9,199746.55,132302.35,Prospecting,CA,Facebook - Prospecting - C09,243257,2696,3225.37,6992.73,Facebook,216.80396357627188,13.259104568419408,1.1963538575667656,1.108292875436267
2025-09-06,3845,1440,1411,332048.9,199746.55,132302.35,Prospecting,CA,Facebook - ASC - C10,131124,1540,976.98,2810.98,Facebook,287.72134537042723,7.450809920380708,0.6344025974025974,1.1744608157164211
2025-09-06,3845,1440,1411,332048.9,199746.55,132302.35,Non-Branded Search,CA,Google - Display - C01,193441,9141,1573.58,5239.55,Google,332.97004283226784,8.134676723135218,0.17214527950990044,4.725471849297719
2025-09-06,3845,1440,1411,332048.9,199746.55,132302.35,Non-Branded Search,NY,Google - Non-Branded Search - C02,242696,10769,1588.59,5494.62,Google,345.88030895322265,6.545596136730724,0.14751508960906304,4.437238355803145
2025-09-06,3845,1440,1411,332048.9,199746.55,132302.35,Non-Branded Search,CA,Google - Non-Branded Search - C03,245460,11542,1083.8,3002.01,Google,276.9892969182506,4.415383361851218,0.09390053716860162,4.702191803145115
2025-09-06,3845,1440,1411,332048.9,199746.55,132302.35,Non-Branded Search,NY,Google - Non-Branded Search - C04,165457,7113,1019.63,3430.51,Google,336.44655414218886,6.162507479284648,0.1433473920989737,4.299002157660299
2025-09-06,3845,1440,1411,332048.9,199746.55,132302.35,Non-Branded Search,CA,Google - Non-Branded Search - C05,318794,14540,2318.73,6843.38,Google,295.1348367425271,7.273443038451163,0.15947248968363137,4.560939039003244
2025-09-06,3845,1440,1411,332048.9,199746.55,132302.35,Display,CA,Google - Non-Branded Search - C06,258529,993,1029.71,1663.27,Google,161.52800302997932,3.9829574245055683,1.0369687814702921,0.3840961748972069
2025-09-06,3845,1440,1411,332048.9,199746.55,132302.35,Non-Branded Search,CA,Google - Display - C07,133206,5401,986.06,3214.03,Google,325.9466969555605,7.402519406032761,0.18256989446398814,4.05462216416678
2025-09-06,3845,1440,1411,332048.9,199746.55,132302.35,Non-Branded Search,CA,Google - Display - C08,184221,8302,1218.97,4243.27,Google,348.10290655225316,6.616889496854322,0.1468284750662491,4.506543770797032
2025-09-06,3845,1440,1411,332048.9,199746.55,132302.35,Non-Branded Search,CA,Google - Display - C09,168039,7612,725.47,2405.53,Google,331.58228458792235,4.317271585762829,0.09530609563846558,4.529900796838829
2025-09-06,3845,1440,1411,332048.9,199746.55,132302.35,Non-Branded Search,NY,Google - Non-Branded Search - C10,149644,7311,1081.34,3567.54,Google,329.9184345349289,7.226083237550453,0.1479058952263712,4.8855951458127285
2025-09-06,3845,1440,1411,332048.9,199746.55,132302.35,Retargeting,CA,TikTok - Retargeting - C01,129478,2033,879.85,2290.59,TikTok,260.33869409558446,6.795362918797016,0.4327840629611412,1.5701509136687313
2025-09-06,3845,1440,1411,332048.9,199746.55,132302.35,Retargeting,CA,TikTok - Retargeting - C02,244112,4073,2197.91,5949.09,TikTok,270.6703186208716,9.003695025234318,0.5396292658973729,1.6684964278691747
2025-09-06,3845,1440,1411,332048.9,199746.55,132302.35,Spark Ads,CA,TikTok - Retargeting - C03,97461,1349,429.84,1073.62,TikTok,249.77200818909358,4.410379536429957,0.31863602668643437,1.3841434009501237
2025-09-06,3845,1440,1411,332048.9,199746.55,132302.35,Spark Ads,CA,TikTok - Spark Ads - C04,222316,2877,2276.33,4612.05,TikTok,202.60902417487802,10.239164072761294,0.7912165450121654,1.2941038881591969
2025-09-06,3845,1440,1411,332048.9,199746.55,132302.35,Spark Ads,CA,TikTok - Spark Ads - C05,134091,1774,1123.71,2483.34,TikTok,220.99474063592922,8.380204487996957,0.6334329199549041,1.322982153910404
2025-09-06,3845,1440,1411,332048.9,199746.55,132302.35,Retargeting,CA,TikTok - Spark Ads - C06,140233,2455,1217.98,3913.34,TikTok,321.2975582521881,8.685402152132522,0.496122199592668,1.7506578337481191
2025-09-06,3845,1440,1411,332048.9,199746.55,132302.35,Retargeting,CA,TikTok - Retargeting - C07,148429,2580,1174.78,3521.93,TikTok,299.79485520693237,7.914760592606566,0.45534108527131784,1.7382047982537105
2025-09-06,3845,1440,1411,332048.9,199746.55,132302.35,Retargeting,CA,TikTok - Spark Ads - C08,233449,3952,2455.75,7476.27,TikTok,304.4393769724117,10.519428226293536,0.6213942307692307,1.6928751033416294
2025-09-06,3845,1440,1411,332048.9,199746.55,132302.35,Retargeting,CA,TikTok - Spark Ads - C09,132709,2030,1215.36,3722.31,TikTok,306.27221563981044,9.158082722347391,0.5986995073891626,1.5296626453367896
2025-09-06,3845,1440,1411,332048.9,199746.55,132302.35,Retargeting,CA,TikTok - Retargeting - C10,337283,4862,2376.19,7571.72,TikTok,318.6496029357922,7.045092696637542,0.4887268613739202,1.4415194362004609
2025-09-07,5009,2491,2339,376324.45,183087.68,193236.77,Asc,NY,Facebook - ASC - C01,143682,1951,1589.09,4734.45,Facebook,297.93466701067905,11.059770882922008,0.8145002562788314,1.3578597179883354
2025-09-07,5009,2491,2339,376324.45,183087.68,193236.77,Prospecting,NY,Facebook - Prospecting - C02,248776,2908,2524.95,5323.16,Facebook,210.8223925226242,10.149491912403125,0.8682771664374139,1.1689230472392835
2025-09-07,5009,2491,2339,376324.45,183087.68,193236.77,Prospecting,NY,Facebook - Prospecting - C03,137694,1500,2038.32,4125.52,Facebook,202.3980532987951,14.803259401281101,1.3588799999999999,1.08937208592967
2025-09-07,5009,2491,2339,376324.45,183087.68,193236.77,Asc,CA,Facebook - Prospecting - C04,250901,3535,1508.14,3788.45,Facebook,251.20015383187234,6.010896728191598,0.42663083451202266,1.4089222442317886
2025-09-07,5009,2491,2339,376324.45,183087.68,193236.77,Prospecting,NY,Facebook - ASC - C05,388467,4353,2919.63,7489.79,Facebook,256.5321633220648,7.5157735406096275,0.6707167470709855,1.1205585030388683
2025-09-07,5009,2491,2339,376324.45,183087.68,193236.77,Asc,NY,Facebook - ASC - C06,160245,2502,1852.1,5288.77,Facebook,285.5553155877113,11.557926924397018,0.7402478017585931,1.5613591687728166
2025-09-07,5009,2491,2339,376324.45,183087.68,193236.77,Asc,NY,Facebook - ASC - C07,301556,4625,4486.38,14742.53,Facebook,328.6063596931156,14.877435700168459,0.9700281081081081,1.5337118147209805
2025-09-07,5009,2491,2339,376324.45,183087.68,193236.77,Asc,CA,Facebook - Prospecting - C08,102502,1579,1042.31,2720.42,Facebook,260.99912693920237,10.168679635519307,0.6601076630778974,1.5404577471659089
2025-09-07,5009,2491,2339,376324.45,183087.68,193236.77,Prospecting,CA,Facebook - Prospecting - C09,208227,2319,2029.95,5201.78,Facebook,256.2516318135915,9.748735754729214,0.8753557567917206,1.1136884265729228
2025-09-07,5009,2491,2339,376324.45,183087.68,193236.77,Prospecting,CA,Facebook - ASC - C10,213186,2421,2860.06,6934.68,Facebook,242.46624196695174,13.415796534481625,1.1813548120611317,1.1356280431172778
2025-09-07,5009,2491,2339,376324.45,183087.68,193236.77,Non-Branded Search,CA,Google - Display - C01,187099,7944,1572.18,5250.15,Google,333.94077014082353,8.402931068578667,0.19790785498489427,4.2458805231455
2025-09-07,5009,2491,2339,376324.45,183087.68,193236.77,Non-Branded Search,NY,Google - Non-Branded Search - C02,328396,13301,2296.45,7874.11,Google,342.8818393607525,6.99292926832239,0.17265243214795878,4.050292939012656
2025-09-07,5009,2491,2339,376324.45,183087.68,193236.77,Non-Branded Search,CA,Google - Non-Branded Search - C03,130493,5944,644.77,1924.49,Google,298.4769762861176,4.941031319687646,0.10847409152086138,4.555033603335045
2025-09-07,5009,2491,2339,376324.45,183087.68,193236.77,Non-Branded Search,NY,Google - Non-Branded Search - C04,300616,12740,1689.57,5502.5,Google,325.6745799227022,5.620359528434947,0.1326193092621664,4.237964712457088
2025-09-07,5009,2491,2339,376324.45,183087.68,193236.77,Non-Branded Search,CA,Google - Non-Branded Search - C05,201732,8744,648.89,2234.98,Google,344.4312595355145,3.2165942934189915,0.07420974382433669,4.3344635456942875
2025-09-07,5009,2491,2339,376324.45,183087.68,193236.77,Display,CA,Google - Non-Branded Search - C06,258070,973,1790.37,3064.62,Google,171.1724392164748,6.937536327353043,1.8400513874614592,0.3770294881233774
2025-09-07,5009,2491,2339,376324.45,183087.68,193236.77,Non-Branded Search,CA,Google - Display - C07,209825,9050,1460.74,5392.67,Google,369.1738433944439,6.961706183724533,0.16140773480662984,4.313118074585964
2025-09-07,5009,2491,2339,376324.45,183087.68,193236.77,Non-Branded Search,CA,Google - Display - C08,197548,9030,1971.03,5800.45,Google,294.285221432449,9.977473829145321,0.21827574750830564,4.5710409621965296
2025-09-07,5009,2491,2339,376324.45,183087.68,193236.77,Non-Branded Search,CA,Google - Display - C09,201869,9939,1392.3,5008.06,Google,359.6969044027868,6.897047094898176,0.14008451554482343,4.923489986080082
2025-09-07,5009,2491,2339,376324.45,183087.68,193236.77,Non-Branded Search,NY,Google - Non-Branded Search - C10,177664,8121,1274.75,4157.78,Google,326.1643459501863,7.175060788904899,0.15696958502647457,4.570987932276657
2025-09-07,5009,2491,2339,376324.45,183087.68,193236.77,Retargeting,CA,TikTok - Retargeting - C01,119595,1923,560.22,1557.93,TikTok,278.092535075506,4.684309544713408,0.2913260530421217,1.6079267527906684
2025-09-07,5009,2491,2339,376324.45,183087.68,193236.77,Retargeting,CA,TikTok - Retargeting - C02,229758,3543,1847.23,6162.54,TikTok,333.60978329715306,8.039894149496426,0.5213745413491392,1.5420572950669835
2025-09-07,5009,2491,2339,376324.45,183087.68,193236.77,Spark Ads,CA,TikTok - Retargeting - C03,199835,2689,2406.69,6527.79,TikTok,271.2351819303691,12.043385793279457,0.8950130159910747,1.3456101283558937
2025-09-07,5009,2491,2339,376324.45,183087.68,193236.77,Spark Ads,CA,TikTok - Spark Ads - C04,237623,2970,2423.93,5876.34,TikTok,242.43026820081442,10.20073814403488,0.816138047138047,1.2498790100284904
2025-09-07,5009,2491,2339,376324.45,183087.68,193236.77,Spark Ads,CA,TikTok - Spark Ads - C05,246650,3150,1934.05,4116.94,TikTok,212.86626509138853,7.841273058990471,0.613984126984127,1.2771133184674641
2025-09-07,5009,2491,2339,376324.45,183087.68,193236.77,Retargeting,CA,TikTok - Spark Ads - C06,152888,2429,1680.45,5050.21,TikTok,300.52723972745395,10.99137931034483,0.6918279127212845,1.5887447020040815
2025-09-07,5009,2491,2339,376324.45,183087.68,193236.77,Retargeting,CA,TikTok - Retargeting - C07,188386,2879,1639.04,5495.8,TikTok,335.30603279968767,8.70043421485673,0.5693087877735324,1.5282451986878005
2025-09-07,5009,2491,2339,376324.45,183087.68,193236.77,Retargeting,CA,TikTok - Spark Ads - C08,184493,3090,1305.36,3550.8,TikTok,272.01691487405776,7.075390394215498,0.42244660194174755,1.674860292802437
2025-09-07,5009,2491,2339,376324.45,183087.68,193236.77,Retargeting,CA,TikTok - Spark Ads - C09,185531,2730,827.35,2769.07,TikTok,334.69148486130416,4.459362586306331,0.30305860805860807,1.4714522101427794
2025-09-07,5009,2491,2339,376324.45,183087.68,193236.77,Retargeting,CA,TikTok - Retargeting - C10,210782,3540,2064.35,6605.05,TikTok,319.95785598372373,9.79376796880189,0.5831497175141243,1.6794602954711504
2025-09-08,2751,919,907,298644.18,146421.48,152222.7,Asc,NY,Facebook - ASC - C01,235507,3648,2637.82,8243.75,Facebook,312.52132442698894,11.200601256013623,0.7230866228070176,1.548998543567707
2025-09-08,2751,919,907,298644.18,146421.48,152222.7,Prospecting,NY,Facebook - Prospecting - C02,161903,2137,1690.25,4018.86,Facebook,237.76719420204114,10.439893022365244,0.7909452503509593,1.31992612860787
2025-09-08,2751,919,907,298644.18,146421.48,152222.7,Prospecting,NY,Facebook - Prospecting - C03,127846,1508,1649.39,3316.69,Facebook,201.085855983121,12.901381349436042,1.0937599469496022,1.1795441390422852
2025-09-08,2751,919,907,298644.18,146421.48,152222.7,Asc,CA,Facebook - Prospecting - C04,327195,4915,2948.18,7768.13,Facebook,263.48899999321617,9.010467763871697,0.5998331637843336,1.5021623191063433
2025-09-08,2751,919,907,298644.18,146421.48,152222.7,Prospecting,NY,Facebook - ASC - C05,128794,1627,853.24,2006.62,Facebook,235.17650368009,6.6248427721788286,0.5244253226797787,1.2632576051679425
2025-09-08,2751,919,907,298644.18,146421.48,152222.7,Asc,NY,Facebook - ASC - C06,160817,2568,1626.99,5007.26,Facebook,307.7621866145459,10.117027428692241,0.6335630841121496,1.5968461045784959
2025-09-08,2751,919,907,298644.18,146421.48,152222.7,Asc,NY,Facebook - ASC - C07,126448,1867,1657.73,3971.41,Facebook,239.56916988894451,13.109974060483362,0.8879110873058382,1.4764962672402884
2025-09-08,2751,919,907,298644.18,146421.48,152222.7,Asc,CA,Facebook - Prospecting - C08,245563,3461,1578.82,4116.93,Facebook,260.75993463472724,6.429388792285482,0.45617451603582776,1.4094142847253048
2025-09-08,2751,919,907,298644.18,146421.48,152222.7,Prospecting,CA,Facebook - Prospecting - C09,112919,1484,845.69,1757.7,Facebook,207.84211708782178,7.489350773563351,0.5698719676549866,1.3142163851964683
2025-09-08,2751,919,907,298644.18,146421.48,152222.7,Prospecting,CA,Facebook - ASC - C10,128014,1542,956.31,2503.28,Facebook,261.7644905940542,7.4703548049432085,0.6201750972762645,1.2045557517146561
2025-09-08,2751,919,907,298644.18,146421.48,152222.7,Non-Branded Search,CA,Google - Display - C01,235326,9633,2392.66,8980.94,Google,375.35379034212974,10.167427313599006,0.2483816048998235,4.093470334769639
2025-09-08,2751,919,907,298644.18,146421.48,152222.7,Non-Branded Search,NY,Google - Non-Branded Search - C02,203327,8511,1063.07,3566.78,Google,335.5169462029782,5.228375965808771,0.1249054165197979,4.185868084415744
2025-09-08,2751,919,907,298644.18,146421.48,152222.7,Non-Branded Search,CA,Google - Non-Branded Search - C03,150594,6242,1184.42,4114.24,Google,347.3632664088752,7.864987980928856,0.18975008010253125,4.144919452302217
2025-09-08,2751,919,907,298644.18,146421.48,152222.7,Non-Branded Search,NY,Google - Non-Branded Search - C04,304473,13953,2898.48,9597.24,Google,331.11285915376334,9.519661841936724,0.2077316706084713,4.5826723551842035
2025-09-08,2751,919,907,298644.18,146421.48,152222.7,Non-Branded Search,CA,Google - Non-Branded Search - C05,238549,10592,2093.16,7776.89,Google,371.5382483899941,8.774549463632209,0.1976170694864048,4.4401779089411395
2025-09-08,2751,919,907,298644.18,146421.48,152222.7,Display,CA,Google - Non-Branded Search - C06,197326,779,1070.82,1590.43,Google,148.52449524663342,5.426654368912358,1.3746084724005134,0.3947781843244175
2025-09-08,2751,919,907,298644.18,146421.48,152222.7,Non-Branded Search,CA,Google - Display - C07,274453,13236,2315.2,7534.52,Google,325.4371112646856,8.435688442101196,0.17491689332124508,4.822683665327032
2025-09-08,2751,919,907,298644.18,146421.48,152222.7,Non-Branded Search,CA,Google - Display - C08,167491,7754,1109.72,3407.1,Google,307.0233932883971,6.625550029553827,0.14311581119422234,4.629502480730308
2025-09-08,2751,919,907,298644.18,146421.48,152222.7,Non-Branded Search,CA,Google - Display - C09,174839,7345,1389.32,4734.26,Google,340.7609478018024,7.946282008018805,0.1891518039482641,4.201007784304417
2025-09-08,2751,919,907,298644.18,146421.48,152222.7,Non-Branded Search,NY,Google - Non-Branded Search - C10,190363,8382,1561.22,5411.35,Google,346.6103431931439,8.201278609813883,0.18625864948699594,4.4031665817412
2025-09-08,2751,919,907,298644.18,146421.48,152222.7,Retargeting,CA,TikTok - Retargeting - C01,237721,3738,1674.45,4737.62,TikTok,282.93588939651823,7.043761384143597,0.44795345104333867,1.5724315479070001
2025-09-08,2751,919,907,298644.18,146421.48,152222.7,Retargeting,CA,TikTok - Retargeting - C02,170409,2637,1584.53,3967.48,TikTok,250.38844326077765,9.29839386417384,0.6008835798255593,1.547453479569741
2025-09-08,2751,919,907,298644.18,146421.48,152222.7,Spark Ads,CA,TikTok - Retargeting - C03,142648,1712,1075.57,3008.65,TikTok,279.7260987197486,7.540028601873141,0.6282535046728972,1.2001570298917617
2025-09-08,2751,919,907,298644.18,146421.48,152222.7,Spark Ads,CA,TikTok - Spark Ads - C04,155190,1983,1708.45,4202.01,TikTok,245.9545201791097,11.008763451253303,0.8615481593545133,1.2777885173013726
2025-09-08,2751,919,907,298644.18,146421.48,152222.7,Spark Ads,CA,TikTok - Spark Ads - C05,138809,1674,1570.08,4129.04,TikTok,262.9827779476205,11.311082134443732,0.937921146953405,1.205973676058469
2025-09-08,2751,919,907,298644.18,146421.48,152222.7,Retargeting,CA,TikTok - Spark Ads - C06,153899,2568,1424.83,4305.01,TikTok,302.14200992399094,9.258214803215095,0.5548403426791277,1.6686268266850337
2025-09-08,2751,919,907,298644.18,146421.48,152222.7,Retargeting,CA,TikTok - Retargeting - C07,121131,1906,1205.93,3644.37,TikTok,302.2041080328045,9.955585275445593,0.6327019937040924,1.5735030669275414
2025-09-08,2751,919,907,298644.18,146421.48,152222.7,Retargeting,CA,TikTok - Spark Ads - C08,172657,2491,1022.11,2613.4,TikTok,255.6867656123118,5.919887406823935,0.41032115616218384,1.442744864094708
2025-09-08,2751,919,907,298644.18,146421.48,152222.7,Retargeting,CA,TikTok - Spark Ads - C09,170752,2742,1992.64,5730.23,TikTok,287.5697567046731,11.669790104947527,0.7267104303428155,1.6058377061469267
2025-09-08,2751,919,907,298644.18,146421.48,152222.7,Retargeting,CA,TikTok - Retargeting - C10,249199,3953,2697.43,7342.59,TikTok,272.2068783990688,10.824401382028018,0.6823754110801922,1.5862824489664886
2025-09-09,4410,2027,1974,312940.13,151560.16,161379.97,Asc,NY,Facebook - ASC - C01,197297,3074,1519.26,4502.77,Facebook,296.3791582744231,7.700370507407614,0.49422901756668836,1.5580571422778857
2025-09-09,4410,2027,1974,312940.13,151560.16,161379.97,Prospecting,NY,Facebook - Prospecting - C02,344137,3804,2666.59,7169.27,Facebook,268.8553545914445,7.748629179658102,0.7009963196635122,1.1053737319730224
2025-09-09,4410,2027,1974,312940.13,151560.16,161379.97,Prospecting,NY,Facebook - Prospecting - C03,108057,1419,871.01,1815.89,Facebook,208.4809588868096,8.060653173787909,0.6138195912614517,1.3131958133207473
2025-09-09,4410,2027,1974,312940.13,151560.16,161379.97,Asc,CA,Facebook - Prospecting - C04,127824,1943,1336.97,3865.58,Facebook,289.12989820265227,10.459459882338216,0.6880957282552753,1.5200588308924772
2025-09-09,4410,2027,1974,312940.13,151560.16,161379.97,Prospecting,NY,Facebook - ASC - C05,72715,853,899.03,2320.54,Facebook,258.115969433723,12.363748882623941,1.0539624853458383,1.1730729560613353
2025-09-09,4410,2027,1974,312940.13,151560.16,161379.97,Asc,NY,Facebook - ASC - C06,282561,4408,2190.64,5321.8,Facebook,242.93357192418657,7.752803819352281,0.49696914700544464,1.5600171290447018
2025-09-09,4410,2027,1974,312940.13,151560.16,161379.97,Asc,NY,Facebook - ASC - C07,249565,3746,3012.8,7425.69,Facebook,246.47138874137013,12.07220563780979,0.8042712226374801,1.501011760463206
2025-09-09,4410,2027,1974,312940.13,151560.16,161379.97,Asc,CA,Facebook - Prospecting - C08,241289,3859,3166.5,10445.35,Facebook,329.87051950102637,13.123267119512287,0.8205493651204976,1.59932694818247
2025-09-09,4410,2027,1974,312940.13,151560.16,161379.97,Prospecting,CA,Facebook - Prospecting - C09,256181,2958,3527.76,7449.8,Facebook,211.1764972673878,13.770576272245014,1.1926166328600407,1.1546523746882087
2025-09-09,4410,2027,1974,312940.13,151560.16,161379.97,Prospecting,CA,Facebook - ASC - C10,229377,2995,2477.56,6210.14,Facebook,250.65548362098195,10.801257318737274,0.8272320534223706,1.3057106859013763
2025-09-09,4410,2027,1974,312940.13,151560.16,161379.97,Non-Branded Search,CA,Google - Display - C01,410458,19456,2760.34,9376.95,Google,339.7027177811429,6.725024241213474,0.1418760279605263,4.740070847687218
2025-09-09,4410,2027,1974,312940.13,151560.16,161379.97,Non-Branded Search,NY,Google - Non-Branded Search - C02,225865,9700,1348.4,3804.24,Google,282.1299317709878,5.969937794700375,0.13901030927835054,4.294600757089412
2025-09-09,4410,2027,1974,312940.13,151560.16,161379.97,Non-Branded Search,CA,Google - Non-Branded Search - C03,635248,27442,2173.66,5966.1,Google,274.4725486046576,3.4217502455733824,0.0792092413089425,4.3198876659194525
2025-09-09,4410,2027,1974,312940.13,151560.16,161379.97,Non-Branded Search,NY,Google - Non-Branded Search - C04,136542,6648,1098.01,3090.49,Google,281.46282820739333,8.041554979420251,0.16516395908543924,4.868831568308652
2025-09-09,4410,2027,1974,312940.13,151560.16,161379.97,Non-Branded Search,CA,Google - Non-Branded Search - C05,180385,8760,629.08,1994.52,Google,317.05347491575,3.487429664329074,0.07181278538812785,4.8562796241372626
2025-09-09,4410,2027,1974,312940.13,151560.16,161379.97,Display,CA,Google - Non-Branded Search - C06,200899,876,744.26,1036.06,Google,139.20672883132238,3.704647608997556,0.8496118721461187,0.436040000199105
2025-09-09,4410,2027,1974,312940.13,151560.16,161379.97,Non-Branded Search,CA,Google - Display - C07,250256,11720,1354.94,4641.41,Google,342.55465186650326,5.414215842976792,0.11560921501706485,4.683204398695735
2025-09-09,4410,2027,1974,312940.13,151560.16,161379.97,Non-Branded Search,CA,Google - Display - C08,161381,6866,1265.1,4581.25,Google,362.12552367401787,7.839212794566893,0.18425575298572675,4.254528104299762
2025-09-09,4410,2027,1974,312940.13,151560.16,161379.97,Non-Branded Search,CA,Google - Display - C09,127603,6041,1291.99,4796.88,Google,371.278415467612,10.125075429261068,0.2138702201622248,4.734214712820232
2025-09-09,4410,2027,1974,312940.13,151560.16,161379.97,Non-Branded Search,NY,Google - Non-Branded Search - C10,315488,13270,1773.82,5312.06,Google,299.47007024388046,5.622464245866721,0.13367143933685002,4.206182168576935
2025-09-09,4410,2027,1974,312940.13,151560.16,161379.97,Retargeting,CA,TikTok - Retargeting - C01,162682,2832,1142.43,3367.31,TikTok,294.74978773316525,7.022473291452036,0.4034004237288136,1.7408195129147663
2025-09-09,4410,2027,1974,312940.13,151560.16,161379.97,Retargeting,CA,TikTok - Retargeting - C02,185754,3021,870.03,2755.87,TikTok,316.7557440548027,4.6837753157401725,0.28799404170804366,1.62634452017184
2025-09-09,4410,2027,1974,312940.13,151560.16,161379.97,Spark Ads,CA,TikTok - Retargeting - C03,157083,1910,1876.85,4997.3,TikTok,266.25995684258197,11.94814206502295,0.9826439790575916,1.215917699560105
2025-09-09,4410,2027,1974,312940.13,151560.16,161379.97,Spark Ads,CA,TikTok - Spark Ads - C04,88100,1185,1095.7,3061.87,TikTok,279.4441909281737,12.43700340522134,0.9246413502109705,1.3450624290578888
2025-09-09,4410,2027,1974,312940.13,151560.16,161379.97,Spark Ads,CA,TikTok - Spark Ads - C05,198000,2533,1587.73,3928.88,TikTok,247.45265252908243,8.018838383838384,0.6268180023687328,1.2792929292929294
2025-09-09,4410,2027,1974,312940.13,151560.16,161379.97,Retargeting,CA,TikTok - Spark Ads - C06,182200,2679,2285.85,7560.26,TikTok,330.74173720935323,12.545828759604829,0.8532474804031355,1.4703622392974753
2025-09-09,4410,2027,1974,312940.13,151560.16,161379.97,Retargeting,CA,TikTok - Retargeting - C07,225076,3646,1532.91,4814.83,TikTok,314.0973703609474,6.810632852903019,0.4204360943499726,1.6198972791412678
2025-09-09,4410,2027,1974,312940.13,151560.16,161379.97,Retargeting,CA,TikTok - Spark Ads - C08,139923,2122,796.12,2853.94,TikTok,358.4811334974627,5.689700763991624,0.37517436380772856,1.5165483873273158
2025-09-09,4410,2027,1974,312940.13,151560.16,161379.97,Retargeting,CA,TikTok - Spark Ads - C09,181435,3052,2239.15,5816.4,TikTok,259.7592836567447,12.34133436216827,0.7336664482306684,1.682145120842175
2025-09-09,4410,2027,1974,312940.13,151560.16,161379.97,Retargeting,CA,TikTok - Retargeting - C10,253162,3899,2736.44,9418.21,TikTok,344.1774714592682,10.809047171376431,0.7018312387791742,1.5401205552176076
2025-09-10,2649,946,890,235893.29,141579.4,94313.89,Asc,NY,Facebook - ASC - C01,145158,2285,1059.02,3066.82,Facebook,289.5903760080074,7.295636478871299,0.4634660831509847,1.5741467917717245
2025-09-10,2649,946,890,235893.29,141579.4,94313.89,Prospecting,NY,Facebook - Prospecting - C02,222706,2632,2233.39,4712.47,Facebook,211.00076565221482,10.028423122861529,0.8485524316109422,1.181827162267743
2025-09-10,2649,946,890,235893.29,141579.4,94313.89,Prospecting,NY,Facebook - Prospecting - C03,161455,1791,2339.63,5599.35,Facebook,239.32630373178668,14.490910780093525,1.3063260748185372,1.109287417546685
2025-09-10,2649,946,890,235893.29,141579.4,94313.89,Asc,CA,Facebook - Prospecting - C04,232287,3751,2438.35,7142.9,Facebook,292.9398978817643,10.49714361974626,0.6500533191149027,1.6148127101387508
2025-09-10,2649,946,890,235893.29,141579.4,94313.89,Prospecting,NY,Facebook - ASC - C05,179606,2268,1189.2,2890.61,Facebook,243.07181298351833,6.621159649454919,0.5243386243386243,1.2627640501987685
2025-09-10,2649,946,890,235893.29,141579.4,94313.89,Asc,NY,Facebook - ASC - C06,139850,1889,1529.0,4144.66,Facebook,271.0699803793329,10.93314265284233,0.8094229751191107,1.35073292813729
2025-09-10,2649,946,890,235893.29,141579.4,94313.89,Asc,NY,Facebook - ASC - C07,143059,2070,1582.46,4094.82,Facebook,258.76293871567054,11.061589973367632,0.7644734299516909,1.4469554519463996
2025-09-10,2649,946,890,235893.29,141579.4,94313.89,Asc,CA,Facebook - Prospecting - C08,247503,3702,2607.96,6162.88,Facebook,236.31037285847944,10.537084398976981,0.7044732576985413,1.4957394455824777
2025-09-10,2649,946,890,235893.29,141579.4,94313.89,Prospecting,CA,Facebook - Prospecting - C09,166710,1955,1304.34,3676.41,Facebook,281.85979115874693,7.824005758502788,0.6671815856777493,1.1726950992741887
2025-09-10,2649,946,890,235893.29,141579.4,94313.89,Prospecting,CA,Facebook - ASC - C10,219641,2565,2365.55,6093.0,Facebook,257.572234786836,10.77007480388452,0.9222417153996102,1.1678147522548157
2025-09-10,2649,946,890,235893.29,141579.4,94313.89,Non-Branded Search,CA,Google - Display - C01,93577,4556,400.89,1142.81,Google,285.0682232033725,4.284065528922706,0.08799165935030728,4.868717740470415
2025-09-10,2649,946,890,235893.29,141579.4,94313.89,Non-Branded Search,NY,Google - Non-Branded Search - C02,339087,15371,1388.61,3951.42,Google,284.5593795234083,4.095143724176981,0.09033960054648363,4.533054938703047
2025-09-10,2649,946,890,235893.29,141579.4,94313.89,Non-Branded Search,CA,Google - Non-Branded Search - C03,196862,8613,1117.47,3466.07,Google,310.1711902780388,5.6764129186943135,0.12974225008707768,4.375146041389399
2025-09-10,2649,946,890,235893.29,141579.4,94313.89,Non-Branded Search,NY,Google - Non-Branded Search - C04,130713,5627,497.2,1756.95,Google,353.3688656476267,3.8037532609610367,0.08835969433090457,4.304851085966966
2025-09-10,2649,946,890,235893.29,141579.4,94313.89,Non-Branded Search,CA,Google - Non-Branded Search - C05,200725,8649,889.91,2443.64,Google,274.5940600734906,4.433478639930252,0.10289166377615909,4.308880308880309
2025-09-10,2649,946,890,235893.29,141579.4,94313.89,Display,CA,Google - Non-Branded Search - C06,117825,449,997.06,1807.85,Google,181.3180751409143,8.462210906004668,2.220623608017817,0.3810736261404626
2025-09-10,2649,946,890,235893.29,141579.4,94313.89,Non-Branded Search,CA,Google - Display - C07,184448,8546,960.86,3460.5,Google,360.1461191016381,5.209381505898682,0.11243388719868945,4.6332841776544065
2025-09-10,2649,946,890,235893.29,141579.4,94313.89,Non-Branded Search,CA,Google - Display - C08,281140,12475,1085.79,3988.15,Google,367.30399064275787,3.8620971757843066,0.0870372745490982,4.43729102938038
2025-09-10,2649,946,890,235893.29,141579.4,94313.89,Non-Branded Search,CA,Google - Display - C09,301995,13389,2535.05,7277.84,Google,287.0886175815072,8.394344277223134,0.18933826275300622,4.433517111210451
2025-09-10,2649,946,890,235893.29,141579.4,94313.89,Non-Branded Search,NY,Google - Non-Branded Search - C10,212916,8642,1427.96,4891.34,Google,342.540407294322,6.706682447537997,0.16523489932885907,4.058877679460444
2025-09-10,2649,946,890,235893.29,141579.4,94313.89,Retargeting,CA,TikTok - Retargeting - C01,155778,2282,754.11,2514.87,TikTok,333.48848311254324,4.840927473712591,0.3304601226993865,1.464905185584614
2025-09-10,2649,946,890,235893.29,141579.4,94313.89,Retargeting,CA,TikTok - Retargeting - C02,73308,1197,442.19,1275.31,TikTok,288.4076980483502,6.031947400010913,0.3694152046783626,1.6328367981666394
2025-09-10,2649,946,890,235893.29,141579.4,94313.89,Spark Ads,CA,TikTok - Retargeting - C03,97225,1291,904.93,2162.01,TikTok,238.91461217994765,9.307585497557213,0.7009527498063516,1.3278477757778349
2025-09-10,2649,946,890,235893.29,141579.4,94313.89,Spark Ads,CA,TikTok - Spark Ads - C04,180305,2560,1554.15,3373.79,TikTok,217.0826496798893,8.619561298910181,0.6070898437500001,1.4198164221735392
2025-09-10,2649,946,890,235893.29,141579.4,94313.89,Spark Ads,CA,TikTok - Spark Ads - C05,113066,1426,897.66,1964.71,TikTok,218.8701735623733,7.9392567173155495,0.6294950911640953,1.261210266569968
2025-09-10,2649,946,890,235893.29,141579.4,94313.89,Retargeting,CA,TikTok - Spark Ads - C06,163796,2715,759.55,2111.2,TikTok,277.9540517411625,4.637170626877335,0.2797605893186004,1.6575496349117196
2025-09-10,2649,946,890,235893.29,141579.4,94313.89,Retargeting,CA,TikTok - Retargeting - C07,134461,2093,589.81,1952.23,TikTok,330.9930316542616,4.38647637604956,0.2818012422360248,1.556585180833104
2025-09-10,2649,946,890,235893.29,141579.4,94313.89,Retargeting,CA,TikTok - Spark Ads - C08,343917,5692,3127.7,10111.9,TikTok,323.30146753205236,9.09434543799812,0.5494905130007027,1.6550504918337854
2025-09-10,2649,946,890,235893.29,141579.4,94313.89,Retargeting,CA,TikTok - Spark Ads - C09,126991,2182,652.93,2172.92,TikTok,332.79524604475216,5.141545463851768,0.29923464711274056,1.7182320006929626
2025-09-10,2649,946,890,235893.29,141579.4,94313.89,Retargeting,CA,TikTok - Retargeting - C10,165277,2617,1666.43,5064.86,TikTok,303.93475873574044,10.082649128432875,0.6367711119602598,1.583402409288649
2025-09-11,2545,1382,1407,266395.31,133847.87,132547.44,Asc,NY,Facebook - ASC - C01,182675,2793,2217.28,7259.89,Facebook,327.42323928416795,12.13784042698782,0.7938703902613677,1.5289448474065965
2025-09-11,2545,1382,1407,266395.31,133847.87,132547.44,Prospecting,NY,Facebook - Prospecting - C02,271375,3056,2084.7,4767.24,Facebook,228.6775075550439,7.681989866421004,0.682166230366492,1.1261169967756794
2025-09-11,2545,1382,1407,266395.31,133847.87,132547.44,Prospecting,NY,Facebook - Prospecting - C03,178686,2195,1747.65,4119.22,Facebook,235.70051211627043,9.780564789630974,0.7961958997722096,1.2284118509564264
2025-09-11,2545,1382,1407,266395.31,133847.87,132547.44,Asc,CA,Facebook - Prospecting - C04,200050,3163,1335.35,3786.37,Facebook,283.5488823154978,6.675081229692577,0.4221783117293708,1.5811047238190452
2025-09-11,2545,1382,1407,266395.31,133847.87,132547.44,Prospecting,NY,Facebook - ASC - C05,228587,2680,1326.52,3686.64,Facebook,277.9181618068329,5.8031296617917905,0.49497014925373134,1.1724201288787202
2025-09-11,2545,1382,1407,266395.31,133847.87,132547.44,Asc,NY,Facebook - ASC - C06,197201,2696,1959.07,5631.01,Facebook,287.43281250797577,9.934381671492538,0.7266580118694361,1.3671330267087896
2025-09-11,2545,1382,1407,266395.31,133847.87,132547.44,Asc,NY,Facebook - ASC - C07,180255,2881,2288.73,6589.92,Facebook,287.92911352584184,12.697178996421737,0.7944220756681708,1.598291309533716
2025-09-11,2545,1382,1407,266395.31,133847.87,132547.44,Asc,CA,Facebook - Prospecting - C08,116566,1845,1452.68,4264.95,Facebook,293.59184403998125,12.462296038295902,0.787360433604336,1.582794296793233
2025-09-11,2545,1382,1407,266395.31,133847.87,132547.44,Prospecting,CA,Facebook - Prospecting - C09,162754,1923,1068.3,2636.6,Facebook,246.8033323972667,6.563893974956068,0.5555382215288611,1.1815377809454761
2025-09-11,2545,1382,1407,266395.31,133847.87,132547.44,Prospecting,CA,Facebook - ASC - C10,211054,2536,2349.1,5569.92,Facebook,237.10867991996935,11.130326835786102,0.926301261829653,1.201588219128754
2025-09-11,2545,1382,1407,266395.31,133847.87,132547.44,Non-Branded Search,CA,Google - Display - C01,216238,9784,1399.59,5025.33,Google,359.0572953507813,6.472451650496212,0.1430488552739166,4.524644142102683
2025-09-11,2545,1382,1407,266395.31,133847.87,132547.44,Non-Branded Search,NY,Google - Non-Branded Search - C02,299369,13402,1094.01,3567.23,Google,326.06923154267326,3.6543863927126723,0.08163035367855544,4.476749429633663
2025-09-11,2545,1382,1407,266395.31,133847.87,132547.44,Non-Branded Search,CA,Google - Non-Branded Search - C03,131401,5483,1213.27,3653.26,Google,301.1085743486611,9.233339167890655,0.22127849717308043,4.172723190843296
2025-09-11,2545,1382,1407,266395.31,133847.87,132547.44,Non-Branded Search,NY,Google - Non-Branded Search - C04,291815,12861,2658.39,7587.5,Google,285.41711336560854,9.10984699210116,0.2067016561698157,4.407244315747991
2025-09-11,2545,1382,1407,266395.31,133847.87,132547.44,Non-Branded Search,CA,Google - Non-Branded Search - C05,159855,7849,1304.69,3677.29,Google,281.8516275896956,8.161709048825498,0.1662237227672315,4.910074755246942
2025-09-11,2545,1382,1407,266395.31,133847.87,132547.44,Display,CA,Google - Non-Branded Search - C06,99394,403,469.02,672.77,Google,143.44164427956164,4.71879590317323,1.163821339950372,0.4054570698432501
2025-09-11,2545,1382,1407,266395.31,133847.87,132547.44,Non-Branded Search,CA,Google - Display - C07,104294,4560,794.96,2626.77,Google,330.4279460601791,7.622298502310776,0.17433333333333334,4.372255355053982
2025-09-11,2545,1382,1407,266395.31,133847.87,132547.44,Non-Branded Search,CA,Google - Display - C08,174078,8336,1121.19,3765.46,Google,335.8449504544279,6.440733464309103,0.13449976007677544,4.788657957926906
2025-09-11,2545,1382,1407,266395.31,133847.87,132547.44,Non-Branded Search,CA,Google - Display - C09,187398,8656,1311.23,4276.51,Google,326.14491736766246,6.997033052647307,0.15148220887245842,4.6190460944086915
2025-09-11,2545,1382,1407,266395.31,133847.87,132547.44,Non-Branded Search,NY,Google - Non-Branded Search - C10,256393,12244,2014.57,6464.48,Google,320.8863429913083,7.857351799776124,0.16453528258738973,4.77548138989754
2025-09-11,2545,1382,1407,266395.31,133847.87,132547.44,Retargeting,CA,TikTok - Retargeting - C01,155342,2678,1555.29,4302.58,TikTok,276.6416552540041,10.012037954963885,0.580765496639283,1.72393814937364
2025-09-11,2545,1382,1407,266395.31,133847.87,132547.44,Retargeting,CA,TikTok - Retargeting - C02,117434,1737,1361.79,4376.46,TikTok,321.3755424845241,11.596215746717304,0.7839896373056995,1.479128702079466
2025-09-11,2545,1382,1407,266395.31,133847.87,132547.44,Spark Ads,CA,TikTok - Retargeting - C03,172677,2113,1584.42,4167.92,TikTok,263.056512793325,9.175628485553954,0.7498438239469948,1.2236719424127127
2025-09-11,2545,1382,1407,266395.31,133847.87,132547.44,Spark Ads,CA,TikTok - Spark Ads - C04,154856,1932,1401.83,3721.02,TikTok,265.44017462887797,9.0524745570078,0.7255848861283644,1.2476106834736786
2025-09-11,2545,1382,1407,266395.31,133847.87,132547.44,Spark Ads,CA,TikTok - Spark Ads - C05,204798,2600,880.24,2318.95,TikTok,263.44519676451876,4.2980888485239115,0.33855384615384615,1.2695436478871862
2025-09-11,2545,1382,1407,266395.31,133847.87,132547.44,Retargeting,CA,TikTok - Spark Ads - C06,164029,2491,1372.26,4364.65,TikTok,318.06290353140076,8.365959677861841,0.5508871938980329,1.5186339001030307
2025-09-11,2545,1382,1407,266395.31,133847.87,132547.44,Retargeting,CA,TikTok - Retargeting - C07,126861,2034,931.3,2325.94,TikTok,249.7519596263288,7.341105619536343,0.457866273352999,1.6033296284910257
2025-09-11,2545,1382,1407,266395.31,133847.87,132547.44,Retargeting,CA,TikTok - Spark Ads - C08,147800,2527,1487.5,4834.65,TikTok,325.01848739495796,10.06427604871448,0.5886426592797784,1.7097428958051422
2025-09-11,2545,1382,1407,266395.31,133847.87,132547.44,Retargeting,CA,TikTok - Spark Ads - C09,91959,1342,436.39,1207.15,TikTok,276.62182909782535,4.745484400656815,0.3251788375558867,1.459346012897052
2025-09-11,2545,1382,1407,266395.31,133847.87,132547.44,Retargeting,CA,TikTok - Retargeting - C10,148723,2411,1786.55,5209.05,TikTok,291.57034507850324,12.01260060649664,0.7409995852343426,1.6211345924974616
2025-09-12,2624,966,894,263461.73,146803.98,116657.75,Asc,NY,Facebook - ASC - C01,411405,6684,4700.5,12428.81,Facebook,264.41463674077227,11.425480973736343,0.7032465589467385,1.624676413752871
2025-09-12,2624,966,894,263461.73,146803.98,116657.75,Prospecting,NY,Facebook - Prospecting - C02,286259,3157,3929.82,9394.77,Facebook,239.06362123456034,13.728197192053353,1.2447956921127654,1.102847421391118
2025-09-12,2624,966,894,263461.73,146803.98,116657.75,Prospecting,NY,Facebook - Prospecting - C03,134267,1527,994.61,2236.82,Facebook,224.89417962819599,7.407702562803966,0.6513490504256713,1.1372861537086552
2025-09-12,2624,966,894,263461.73,146803.98,116657.75,Asc,CA,Facebook - Prospecting - C04,171025,2414,2352.03,6724.89,Facebook,285.9185469573092,13.752550796667155,0.9743289146644574,1.4114895483116503
2025-09-12,2624,966,894,263461.73,146803.98,116657.75,Prospecting,NY,Facebook - ASC - C05,128778,1593,822.7,1853.73,Facebook,225.32271788015072,6.388513565981768,0.5164469554300063,1.2370125331966642
2025-09-12,2624,966,894,263461.73,146803.98,116657.75,Asc,NY,Facebook - ASC - C06,132393,1848,1395.2,3824.49,Facebook,274.1176892201834,10.538321512466672,0.754978354978355,1.395844191158143
2025-09-12,2624,966,894,263461.73,146803.98,116657.75,Asc,NY,Facebook - ASC - C07,121506,1873,855.1,2451.17,Facebook,286.65302303824114,7.037512550820536,0.45654030966364123,1.5414876631606669
2025-09-12,2624,966,894,263461.73,146803.98,116657.75,Asc,CA,Facebook - Prospecting - C08,176687,2569,1348.35,3476.93,Facebook,257.86553936292506,7.631291492865915,0.5248540288049824,1.4539835981141793
2025-09-12,2624,966,894,263461.73,146803.98,116657.75,Prospecting,CA,Facebook - Prospecting - C09,194197,2301,1310.13,3095.03,Facebook,236.23838855686077,6.7463967002579865,0.5693741851368971,1.1848792720793833
2025-09-12,2624,966,894,263461.73,146803.98,116657.75,Prospecting,CA,Facebook - ASC - C10,198130,2148,1537.68,3933.74,Facebook,255.82305811352165,7.7609650229647205,0.7158659217877096,1.0841366779387271
2025-09-12,2624,966,894,263461.73,146803.98,116657.75,Non-Branded Search,CA,Google - Display - C01,193675,8786,970.38,3130.17,Google,322.5715699004514,5.010352394475281,0.11044616435237878,4.536465728669162
2025-09-12,2624,966,894,263461.73,146803.98,116657.75,Non-Branded Search,NY,Google - Non-Branded Search - C02,141523,6106,623.15,1902.79,Google,305.3502367006339,4.403171215986093,0.10205535538814281,4.314493050599549
2025-09-12,2624,966,894,263461.73,146803.98,116657.75,Non-Branded Search,CA,Google - Non-Branded Search - C03,245476,10513,1872.09,6338.57,Google,338.5825467792681,7.626366732389316,0.178073813373918,4.282699734393587
2025-09-12,2624,966,894,263461.73,146803.98,116657.75,Non-Branded Search,NY,Google - Non-Branded Search - C04,232724,10654,1187.5,4158.02,Google,350.149052631579,5.102610817964628,0.1114604843251361,4.577955002492223
2025-09-12,2624,966,894,263461.73,146803.98,116657.75,Non-Branded Search,CA,Google - Non-Branded Search - C05,200226,9157,1367.82,4787.11,Google,349.9809916509482,6.831380539989811,0.14937424920825598,4.573332134687803
2025-09-12,2624,966,894,263461.73,146803.98,116657.75,Display,CA,Google - Non-Branded Search - C06,143833,562,505.22,834.47,Google,165.16962907248327,3.5125457996426412,0.8989679715302492,0.39073091710525404
2025-09-12,2624,966,894,263461.73,146803.98,116657.75,Non-Branded Search,CA,Google - Display - C07,217149,9034,1906.59,5599.45,Google,293.6892567358478,8.78010029979415,0.21104604826212087,4.160277044794128
2025-09-12,2624,966,894,263461.73,146803.98,116657.75,Non-Branded Search,CA,Google - Display - C08,243627,11528,1746.48,6246.93,Google,357.68689020200634,7.168663571771602,0.15149895905621097,4.73182364844619
2025-09-12,2624,966,894,263461.73,146803.98,116657.75,Non-Branded Search,CA,Google - Display - C09,314713,12869,2158.11,6415.38,Google,297.2684432211518,6.857390702004684,0.16769834485974047,4.089122470314223
2025-09-12,2624,966,894,263461.73,146803.98,116657.75,Non-Branded Search,NY,Google - Non-Branded Search - C10,353241,15606,2845.06,9637.26,Google,338.73661715394405,8.054161323289199,0.18230552351659618,4.417946954062524
2025-09-12,2624,966,894,263461.73,146803.98,116657.75,Retargeting,CA,TikTok - Retargeting - C01,118179,1800,561.03,1476.46,TikTok,263.1695274762491,4.74729012768766,0.3116833333333333,1.523113243469652
2025-09-12,2624,966,894,263461.73,146803.98,116657.75,Retargeting,CA,TikTok - Retargeting - C02,100429,1646,727.15,2297.93,TikTok,316.0187031561576,7.240438518754543,0.441767922235723,1.638968823746129
2025-09-12,2624,966,894,263461.73,146803.98,116657.75,Spark Ads,CA,TikTok - Retargeting - C03,119140,1426,654.28,1375.05,TikTok,210.1623158280858,5.4916904482121875,0.4588218793828892,1.196911196911197
2025-09-12,2624,966,894,263461.73,146803.98,116657.75,Spark Ads,CA,TikTok - Spark Ads - C04,296715,3497,1703.24,3723.01,TikTok,218.58399286066557,5.740323205769847,0.487057477838147,1.1785720303995417
2025-09-12,2624,966,894,263461.73,146803.98,116657.75,Spark Ads,CA,TikTok - Spark Ads - C05,229587,3039,2808.43,6751.1,TikTok,240.38697777761956,12.232530587533265,0.9241296479104968,1.3236812188843445
2025-09-12,2624,966,894,263461.73,146803.98,116657.75,Retargeting,CA,TikTok - Spark Ads - C06,116917,2025,1317.53,4547.53,TikTok,345.15570802941863,11.268934372246978,0.650632098765432,1.731997913049428
2025-09-12,2624,966,894,263461.73,146803.98,116657.75,Retargeting,CA,TikTok - Retargeting - C07,129551,2079,1034.5,3336.29,TikTok,322.5026582890285,7.985272209400159,0.4975949975949976,1.604773409699655
2025-09-12,2624,966,894,263461.73,146803.98,116657.75,Retargeting,CA,TikTok - Spark Ads - C08,149165,2289,1295.85,4119.1,TikTok,317.8685804684185,8.687359635303187,0.5661205766710353,1.5345422853886637
2025-09-12,2624,966,894,263461.73,146803.98,116657.75,Retargeting,CA,TikTok - Spark Ads - C09,133149,2162,522.53,1728.12,TikTok,330.7216810518056,3.9244004836686717,0.2416882516188714,1.6237448272236368
2025-09-12,2624,966,894,263461.73,146803.98,116657.75,Retargeting,CA,TikTok - Retargeting - C10,135501,2126,522.84,1439.54,TikTok,275.33088516563384,3.858569309451591,0.2459266227657573,1.56899211075933
